,CUI,STR,NAME_SAB,DEF,DEF_SAB,TUI,STY
0,C0000946,Acebutolol,SNOMEDCT_US,"A synthetic butyranilide derivative with hypotensive and antiarrhythmic activity. Acebutolol acts as a cardioselective beta-adrenergic antagonist with little effect on bronchial receptors and has intrinsic sympathomimetic properties. Having stabilizing and quinidine-like effects on cardiac rhythm, Acebutolol is used in ventricular arrhythmias. Other indications include hypertension, alone or in combinations with other agents.",NCI,T109,Organic Chemical
1,C0000992,Acetohexamide,SNOMEDCT_US,"An intermediate-acting, first-generation sulfonylurea with hypoglycemic activity. Acetohexamide is metabolized in the liver to its active metabolite hydroxyhexamide.",NCI,T109,Organic Chemical
2,C0001655,Corticotrophins,RCD,"An anterior pituitary hormone that stimulates the ADRENAL CORTEX and its production of CORTICOSTEROIDS. ACTH is a 39-amino acid polypeptide of which the N-terminal 24-amino acid segment is identical in all species and contains the adrenocorticotrophic activity. Upon further tissue-specific processing, ACTH can yield ALPHA-MSH and corticotrophin-like intermediate lobe peptide (CLIP).",MSH,T116,"Amino Acid, Peptide, or Protein"
3,C0001873,Air pollution,SNOMEDCT_US,"Air pollution is a mixture of solid particles and gases in the air. Car emissions, chemicals from factories, dust, pollen and mold spores may be suspended as particles. Ozone, a gas, is a major part of air pollution in cities. When ozone forms air pollution, it's also called smog. Some air pollutants are poisonous. Inhaling them can increase the chance you'll have health problems. People with heart or lung disease, older adults and children are at greater risk from air pollution. Air pollution isn't just outside - the air inside buildings can also be polluted and affect your health. Environmental Protection Agency",MEDLINEPLUS,T069,Environmental Effect of Humans
4,C0001927,Albuterol,SNOMEDCT_US,"A racemic mixture of the r-isomer levalbuterol and s-albuterol, a short-acting sympathomimetic agent with bronchodilator activity. Albuterol stimulates beta-2 adrenergic receptors in the lungs, thereby activating the enzyme adenylate cyclase that catalyzes the conversion of adenosine triphosphate (ATP) to cyclic-3',5'-adenosine monophosphate (cAMP). Increased cAMP concentrations relax bronchial smooth muscle, relieve bronchospasms, and reduce inflammatory cell mediator release, especially from mast cells. Albuterol although to a lesser extent, also stimulates beta-1 adrenergic receptors, thereby increasing the force and rate of myocardial contraction.",NCI,T109,Organic Chemical
5,C0002334,Alprenolol,SNOMEDCT_US,"One of the ADRENERGIC BETA-ANTAGONISTS used as an antihypertensive, anti-anginal, and anti-arrhythmic agent.",MSH,T109,Organic Chemical
6,C0002502,Amiloride,SNOMEDCT_US,"A synthetic pyrazine derivative with antikaliuretic and diuretic properties. Amiloride inhibits sodium channels located in the distal tubules and collecting ducts of the kidney, thereby preventing the absorption of sodium and increasing its excretion along with water, to produce naturesis. In response to the hypernatremic conditions in the kidney, the plasma membrane becomes hyperpolarized and electrochemical forces are reduced, which then prevents the excretion of potassium and hydrogen into the lumen.",NCI,T109,Organic Chemical
7,C0002575,Aminophylline,SNOMEDCT_US,"A methylxanthine and derivative of theophylline. Aminophylline relaxes smooth muscles, particularly bronchial muscles. This xanthine most likely exerts its effect by inhibiting cAMP or cGMP phosphodiesterases, thereby increasing levels of the second messenger cAMP or cGMP intracellularly. Other mode of actions include an adenosine antagonistic effect on the activity of CD4 lymphocytes and mediator release from mast cells thereby decreasing lung sensitivity to allergens and other substances that cause inflammation. Aminophylline also acts as a CNS stimulant and exerts a positive chronotropic and inotropic effect on the heart.",NCI,T109,Organic Chemical
8,C0002658,Amphetamine,SNOMEDCT_US,"A synthetic substance related to natural sympathomimetic amines. Amphetamine appears to exert its central nervous system (CNS) and peripheral effects indirectly by inducing the release of biogenic amines from their storage sites in nerve terminals. This agent is a commonly abused psychostimulant drug, which may be snorted, taken orally, smoked, or injected. Amphetamine induces psychologic dependence which is manifested by elevated mood, increased wakefulness, concentration, physical performance and a feeling of well-being. With sustained use, the effects of tachycardia and enhanced alertness diminish while psychotoxic effects such as hallucinations and delusions may occur. (NCI04)",NCI,T109,Organic Chemical
9,C0002962,Angina Pectoris,MTH,"Angina is chest pain or discomfort you feel when there is not enough blood flow to your heart muscle. Your heart muscle needs the oxygen that the blood carries. Angina may feel like pressure or a squeezing pain in your chest. It may feel like indigestion. You may also feel pain in your shoulders, arms, neck, jaw, or back.  Angina is a symptom of coronary artery disease (CAD), the most common heart disease. CAD happens when a sticky substance called plaque builds up in the arteries that supply blood to the heart, reducing blood flow. There are three types of angina:  Stable angina is the most common type. It happens when the heart is working harder than usual. Stable angina has a regular pattern. Rest and medicines usually help. Unstable angina is the most dangerous. It does not follow a pattern and can happen without physical exertion. It does not go away with rest or medicine. It is a sign that you could have a heart attack soon. Variant angina is rare. It happens when you are resting. Medicines can help.  Not all chest pain or discomfort is angina. If you have chest pain, you should see your health care provider. NIH: National Heart, Lung, and Blood Institute",MEDLINEPLUS,T184,Sign or Symptom
10,C0002986,Fabry's disease,SNOMEDCT_US,"Fabry disease is an inherited disorder that results from the buildup of a type of fat, called globotriaosylceramide, in the body's cells. Beginning in childhood, this buildup causes signs and symptoms that affect many parts of the body. Characteristic features of Fabry disease include episodes of pain, particularly in the hands and feet (acroparesthesias); clusters of small, dark red spots on the skin called angiokeratomas; a decreased ability to sweat (hypohidrosis); cloudiness or streaks in the front part of the eye (corneal opacity or corneal verticillata); problems with the gastrointestinal system; ringing in the ears (tinnitus); and hearing loss. Additional signs and symptoms are possible, which can vary among affected individuals.~Fabry disease also involves potentially life-threatening complications such as progressive kidney failure, heart failure, and stroke. Some affected individuals have milder forms of the disorder that appear later in life and typically involve only the heart, kidneys, or blood vessels in the brain.",MEDLINEPLUS,T047,Disease or Syndrome
11,C0003364,antihypertensive agent,CSP,"What is high blood pressure? High blood pressure, also called hypertension, is when blood puts too much pressure against the walls of your arteries. Almost half of American adults have high blood pressure, usually with no symptoms. But it can cause serious problems such as stroke, heart failure, heart attack, and kidney disease. What lifestyle changes can help lower high blood pressure? Healthy lifestyle changes can help reduce high blood pressure:  Losing weight Being physically active Managing stress Reducing sodium in your diet Avoiding alcohol, tobacco, and illegal drugs Getting enough sleep  What if lifestyle changes alone cannot lower blood pressure? Sometimes lifestyle changes alone cannot control or lower your high blood pressure. In that case, your health care provider may prescribe blood pressure medicines. How do blood pressure medicines work? The most commonly used blood pressure medicines work in different ways to lower blood pressure:  Angiotensin-converting enzyme (ACE) inhibitors and angiotensin II receptor blockers (ARBs) keep your blood vessels from narrowing as much and allows blood to move through them with less pressure. Beta blockers help your heart beat slower and with less force. This means that your heart pumps less blood through your blood vessels. Beta blockers are typically used only as a backup option or if you also have certain other conditions. Calcium channel blockers prevent calcium from entering the muscle cells of your heart and blood vessels. This allows the blood vessels to relax. Diuretics remove extra water and sodium (salt) from your body. This lowers the amount of fluid in your blood. Diuretics are often used with other high blood pressure medicines, sometimes in one combined pill.  Often, two or more medicines work better than one. If these medicines do not lower your blood pressure enough, your provider may suggest that you take another type of blood pressure medicine. While taking the medicines, it is still important to keep up with your healthy lifestyle changes. Doing both helps keep blood pressure lower than lifestyle changes or medicines alone. NIH: National Heart, Lung, and Blood Institute",MEDLINEPLUS,T121,Pharmacologic Substance
12,C0003850,Arteriosclerosis,SNOMEDCT_US,A vascular disorder characterized by thickening and hardening of the walls of the arteries.,NCI,T047,Disease or Syndrome
13,C0004037,Aspergillus fumigatus,SNOMEDCT_US,"A species of mold fungus in the phylum Ascomycota with a stable haploid genome, no known sexual cycle, and that reproduces by forming conidiospores that are released into the environment.",NCI,T004,Fungus
14,C0004096,Asthma,SNOMEDCT_US,"What is asthma? Asthma is a chronic (long-term) lung disease. It affects your airways, the tubes that carry air in and out of your lungs. When you have asthma, your airways can become inflamed and narrowed. This can cause wheezing, coughing, and tightness in your chest. When these symptoms get worse than usual, it is called an asthma attack or flare-up. What causes asthma? The exact cause of asthma is unknown. Genetics and your environment likely play a role in who gets asthma. An asthma attack can happen when you are exposed to an asthma trigger. An asthma trigger is something that can set off or worsen your asthma symptoms. Different triggers can cause different types of asthma: Allergic asthma is caused by allergens. Allergens are substances that cause an allergic reaction. They can include  Dust mites Mold Pets Pollen from grass, trees, and weeds Waste from pests such as cockroaches and mice   Nonallergic asthma is caused by triggers that are not allergens, such as  Breathing in cold air Certain medicines Household chemicals Infections such as colds and the flu Outdoor air pollution Tobacco smoke   Occupational asthma is caused by breathing in chemicals or industrial dusts at work Exercise-induced asthma happens during physical exercise, especially when the air is dry  Asthma triggers may be different for each person and can change over time. Who is at risk for asthma? Asthma affects people of all ages, but it often starts during childhood. Certain factors can raise your risk of having asthma: Being exposed to secondhand smoke when your mother is pregnant with you or when you are a small child Being exposed to certain substances at work, such as chemical irritants or industrial dusts Genetics and family history. You are more likely to have asthma if one of your parents has it, especially if it's your mother. Race or ethnicity. Black and African Americans and Puerto Ricans are at higher risk of asthma than people of other races or ethnicities. Having other diseases or conditions such as obesity and allergies Often having viral respiratory infections as a young child Sex. In children, asthma is more common in boys. In teens and adults, it is more common in women.  What are the symptoms of asthma? The symptoms of asthma include: Chest tightness Coughing, especially at night or early morning Shortness of breath Wheezing, which causes a whistling sound when you breathe out  These symptoms can range from mild to severe. You may have them every day or only once in a while. When you are having an asthma attack, your symptoms get much worse. The attacks may come on gradually or suddenly. Sometimes they can be life-threatening. They are more common in people who have severe asthma. If you are having asthma attacks, you may need a change in your treatment. How is asthma diagnosed? Your health care provider may use many tools to diagnose asthma: Physical exam Medical history Lung function tests, including spirometry, to test how well your lungs work Tests to measure how your airways react to specific exposures. During this test, you inhale different concentrations of allergens or medicines that may tighten the muscles in your airways. Spirometry is done before and after the test. Peak expiratory flow (PEF) tests to measure how fast you can blow air out using maximum effort Fractional exhaled nitric oxide (FeNO) tests to measure levels of nitric oxide in your breath when you breathe out. High levels of nitric oxide may mean that your lungs are inflamed. Allergy skin or blood tests, if you have a history of allergies. These tests check which allergens cause a reaction from your immune system.  What are the treatments for asthma? If you have asthma, you will work with your health care provider to create a treatment plan. The plan will include ways to manage your asthma symptoms and prevent asthma attacks. It will include: Strategies to avoid triggers. For example, if tobacco smoke is a trigger for you, you should not smoke or allow other people to smoke in your home or car. Short-term relief medicines, also called quick-relief medicines. They help prevent symptoms or relieve symptoms during an asthma attack. They include an inhaler to carry with you all the time. It may also include other types of medicines which work quickly to help open your airways. Control medicines. You take them every day to help prevent symptoms. They work by reducing airway inflammation and preventing narrowing of the airways.  If you have a severe attack and the short-term relief medicines do not work, you will need emergency care. Your provider may adjust your treatment until asthma symptoms are controlled. Sometimes asthma is severe and cannot be controlled with other treatments. If you are an adult with uncontrolled asthma, in some cases your provider might suggest bronchial thermoplasty. This is a procedure that uses heat to shrink the smooth muscle in the lungs. Shrinking the muscle reduces your airway's ability to tighten and allows you to breathe more easily. The procedure has some risks, so it's important to discuss them with your provider.",MEDLINEPLUS,T047,Disease or Syndrome
15,C0004099,Exercise-induced asthma,HPO,"Asthma attacks following a period of exercise. Usually the induced attack is short-lived and regresses spontaneously. The magnitude of postexertional airway obstruction is strongly influenced by the environment in which exercise is performed (i.e. inhalation of cold air during physical exertion markedly augments the severity of the airway obstruction; conversely, warm humid air blunts or abolishes it).",MSH,T047,Disease or Syndrome
16,C0004135,telangiectasia; ataxia,ICPC2ICD10ENG,"Ataxia-telangiectasia is a rare inherited disorder that affects the nervous system, immune system, and other body systems. This disorder is characterized by progressive difficulty with coordinating movements (ataxia) beginning in early childhood, usually before age 5. Affected children typically develop difficulty walking, problems with balance and hand coordination, involuntary jerking movements (chorea), muscle twitches (myoclonus), and disturbances in nerve function (neuropathy). The movement problems typically cause people to require wheelchair assistance by adolescence. People with this disorder also have slurred speech and trouble moving their eyes to look side-to-side (oculomotor apraxia). Small clusters of enlarged blood vessels called telangiectases, which occur in the eyes and on the surface of the skin, are also characteristic of this condition.~Affected individuals tend to have high amounts of a protein called alpha-fetoprotein (AFP) in their blood. The level of this protein is normally increased in the bloodstream of pregnant women, but it is unknown why individuals with ataxia-telangiectasia have elevated AFP or what effects it has in these individuals.~People with ataxia-telangiectasia often have a weakened immune system, and many develop chronic lung infections. They also have an increased risk of developing cancer, particularly cancer of blood-forming cells (leukemia) and cancer of immune system cells (lymphoma). Affected individuals are very sensitive to the effects of radiation exposure, including medical x-rays.~Ataxia-telangiectasia has no cure, though treatments might improve some symptoms. These treatments include physical and speech therapy and improving deficits in the immune system and nutrition. The life expectancy of people with ataxia-telangiectasia varies greatly, but affected individuals typically live into early adulthood.",MEDLINEPLUS,T047,Disease or Syndrome
17,C0004147,Atenolol,SNOMEDCT_US,"A synthetic isopropylamino-propanol derivative used as an antihypertensive, hypotensive and antiarrhythmic Atenolol acts as a peripheral, cardioselective beta blocker specific for beta-1 adrenergic receptors, without intrinsic sympathomimetic effects. It reduces exercise heart rates and delays atrioventricular conduction, with overall oxygen requirements decreasing. (NCI04)",NCI,T109,Organic Chemical
18,C0004259,Atropine,SNOMEDCT_US,"A synthetically-derived form of the endogenous alkaloid isolated from the plant Atropa belladonna. Atropine functions as a sympathetic, competitive antagonist of muscarinic cholinergic receptors, thereby abolishing the effects of parasympathetic stimulation. This agent may induce tachycardia, inhibit secretions, and relax smooth muscles. (NCI04)",NCI,T109,Organic Chemical
19,C0004364,Autoimmune disease,SNOMEDCT_US,"What are autoimmune diseases? Your immune system protects you from disease and infection by attacking germs that get into your body, such as viruses and bacteria. Your immune system can tell that the germs aren't part of you, so it destroys them. If you have an autoimmune disease, your immune system attacks the healthy cells of your organs and tissues by mistake. There are more than 80 types of autoimmune diseases. They can affect almost any part of your body. For example, alopecia areata is an autoimmune disease of the skin that causes hair loss. Autoimmune hepatitis affects the liver. In type 1 diabetes, the immune system attacks the pancreas. And in rheumatoid arthritis, the immune system can attack many parts of the body, including the joints, lungs, and eyes. What causes autoimmune diseases? No one is sure why autoimmune diseases happen. But you can't catch them from other people. Autoimmune diseases do tend to run in families, which means that certain genes may make some people more likely to develop a problem. Viruses, certain chemicals, and other things in the environment may trigger an autoimmune disease if you already have the genes for it. Who is at risk for autoimmune diseases? Millions of Americans of all ages have autoimmune diseases. Women develop many types of autoimmune diseases much more often than men. And if you have one autoimmune disease, you are more likely to get another. What are the symptoms of autoimmune diseases? The symptoms of an autoimmune disease depend on the part of your body that's affected. Many types of autoimmune diseases cause redness, swelling, heat, and pain, which are the signs and symptoms of inflammation. But other illnesses can cause the same symptoms. The symptoms of autoimmune diseases can come and go. During a flare-up, your symptoms may get severe for a while. Later on, you may have a remission, which means that your symptoms get better or disappear for a period of time. How are autoimmune diseases diagnosed? Doctors often have a hard time diagnosing autoimmune diseases. There's usually not a specific test to show whether you have a certain autoimmune disease. And the symptoms can be confusing. That's because many autoimmune diseases have similar symptoms. And some symptoms, such as muscle aches, are common in many other illnesses. So it can take a long time and some visits to different types of doctors to get a diagnosis. To help your doctor find out if an autoimmune disease is causing your symptoms,: Learn about the health conditions in your family history. What health problems did your grandparents, aunts, uncles, and cousins have? Write down what you learn and share it with your doctor. Keep track of your symptoms, including how long they last and what makes them better or worse. Share your notes with your doctor. See a specialist who deals with the symptoms that bother you most. For example, if you have rash, see a dermatologist (skin doctor).  What are the treatments for autoimmune diseases? The treatment depends on the disease. In most cases, the goal of treatment is to suppress (slow down) your immune system, and ease swelling, redness, and pain from inflammation. Your doctor may give you corticosteroids or other medicines to help you feel better. For some diseases, you may need treatment for the rest of your life.",MEDLINEPLUS,T047,Disease or Syndrome
20,C0004606,Nonproliferative diabetic retinopathy,ICD9CM,"An early stage of diabetic retinopathy that is characterized by retinal hemorrhage and exudate, but without proliferation of the blood vessels.",NCI,T047,Disease or Syndrome
21,C0004905,Beclomethasone,SNOMEDCT_US,"A synthetic glucocorticoid with anti-inflammatory and immunomodulating properties. After cell surface receptor attachment and cell entry, beclomethasone enters the nucleus where it binds to and activates specific nuclear receptors, resulting in an altered gene expression and inhibition of proinflammatory cytokine production.",NCI,T109,Organic Chemical
22,C0004906,Beclomethasone dipropionate,SNOMEDCT_US,"The dipropionate ester of a synthetic glucocorticoid with anti-inflammatory and immunomodulating properties. After cell surface receptor attachment and cell entry, beclomethasone enters the nucleus where it binds to and activates specific nuclear receptors, resulting in an altered gene expression and inhibition of proinflammatory cytokine production.",NCI,T109,Organic Chemical
23,C0004954,Belladonna alkaloid,SNOMEDCT_US,"Alkaloids obtained from various plants, especially the deadly nightshade (Atropa belladonna), variety acuminata; atropine, hyoscyamine and scopolamine are classical, specific antimuscarinic agents with many pharmacologic actions; used mainly as antispasmodics.",MSH,T109,Organic Chemical
24,C0004975,Bendroflumethiazide,SNOMEDCT_US,"A long-acting agent, also known as bendrofluazide, belonging to the class of thiazide diuretics with antihypertensive activity.",NCI,T109,Organic Chemical
25,C0005096,Benzphetamine,SNOMEDCT_US,"A sympathomimetic amine related to the synthetic agent amphetamine with central nervous system (CNS) stimulating and anorexic properties. Benzphetamine stimulates the release of certain catecholamines, particularly noradrenaline and dopamine, from nerve terminals in the brain and inhibits their uptake. The increase in synaptic concentrations of these catecholamines causes behavioral changes including euphoria, an increase in mental alertness and excitement, and suppresses appetite.",NCI,T109,Organic Chemical
26,C0005116,Bepridil,SNOMEDCT_US,A long-acting calcium-blocking agent with significant anti-anginal activity. The drug produces significant coronary vasodilation and modest peripheral effects. It has antihypertensive and selective anti-arrhythmia activities and acts as a calmodulin antagonist.,MSH,T109,Organic Chemical
27,C0005320,Betaxolol,SNOMEDCT_US,"A racemic mixture and selective beta-1 adrenergic receptor antagonist with antihypertensive and anti-glaucoma activities and devoid of intrinsic sympathomimetic activity. Betaxolol selectively and competitively binds to and blocks beta-1 adrenergic receptors in the heart, thereby decreasing cardiac contractility and rate. This leads to a reduction in cardiac output and lowers blood pressure. When applied topically in the eye, this agent reduces aqueous humor secretion and lowers the intraocular pressure (IOP). In addition, betaxolol prevents the release of renin, a hormone secreted by the kidneys that causes constriction of blood vessels.",NCI,T109,Organic Chemical
28,C0005802,Blood Glucose,MTH,Glucose present in circulating blood.,NCI,T109,Organic Chemical
29,C0005823,Blood Pressure,MTH,The pressure of the circulating blood against the walls of the blood vessels.,NCI,T040,Organism Function
30,C0005824,Blood pressure determination,MTH,The act of determining an individual's diastolic and systolic blood pressures.,NCI,T058,Health Care Activity
31,C0005826,Blood pressure outside reference range,SNOMEDCT_US,,,T033,Finding
32,C0005859,Bloom syndrome,SNOMEDCT_US,"Bloom syndrome is an inherited disorder characterized by short stature, a skin rash that develops after exposure to the sun, and a greatly increased risk of cancer.~People with Bloom syndrome are usually smaller than 97 percent of the population in both height and weight from birth, and they rarely exceed 5 feet tall in adulthood.~Affected individuals have skin that is sensitive to sun exposure, and they usually develop a butterfly-shaped patch of reddened skin across the nose and cheeks. A skin rash can also appear on other areas that are typically exposed to the sun, such as the back of the hands and the forearms. Small clusters of enlarged blood vessels (telangiectases) often appear in the rash; telangiectases can also occur in the eyes. Other skin features include patches of skin that are lighter or darker than the surrounding areas (hypopigmentation or hyperpigmentation respectively). These patches appear on areas of the skin that are not exposed to the sun, and their development is not related to the rashes.~People with Bloom syndrome have an increased risk of cancer. They can develop any type of cancer, but the cancers arise earlier in life than they do in the general population, and affected individuals often develop more than one type of cancer.~Individuals with Bloom syndrome have a high-pitched voice and distinctive facial features including a long, narrow face; a small lower jaw; and prominent nose and ears. Other features can include learning disabilities, an increased risk of diabetes, chronic obstructive pulmonary disease (COPD), and mild immune system abnormalities leading to recurrent infections of the upper respiratory tract, ears, and lungs during infancy. Men with Bloom syndrome usually do not produce sperm and as a result are unable to father children (infertile). Women with the disorder generally have reduced fertility and experience menopause at an earlier age than usual.",MEDLINEPLUS,T047,Disease or Syndrome
33,C0005905,Physiologic Thermoregulation,MTH,The processes of heating and cooling that an organism uses to control its temperature.,MSH,T040,Organism Function
34,C0006230,Bromocriptine,SNOMEDCT_US,"A semisynthetic, ergot alkaloid with antiparkinson and lactation inhibitory activities. Bromocriptine selectively binds to and activates the postsynaptic dopamine D2-like receptors in the corpus striatum of the central nervous system (CNS). D2-like receptors are coupled to inhibitory G-proteins, which inhibit adenylyl cyclase, thereby preventing signal transduction mediated via cAMP and leading to an inhibitory effect on neurotransmission. This improves Parkinson symptoms, such as dyskinesia. Bromocriptine also has an inhibitory effect on the anterior pituitary gland, which results in blockage of prolactin secretion, thereby suppressing lactation.",NCI,T109,Organic Chemical
35,C0006246,Brompheniramine,SNOMEDCT_US,"Histamine H1 antagonist used in treatment of allergies, rhinitis, and urticaria.",MSH,T109,Organic Chemical
36,C0006255,Bronchus,SNMI,"Tubular structure in continuation with the trachea, serving as air passage. It terminates in the lung (terminal bronchiole).",NCI,T023,"Body Part, Organ, or Organ Component"
37,C0006261,bronchial diseases,CHV,"When you breathe in, the air travels down through your trachea (windpipe). It then goes through two tubes to your lungs. These tubes are your bronchi. Bronchial disorders can make it hard for you to breathe. The most common problem with the bronchi is bronchitis, an inflammation of the tubes. It can be acute or chronic. Other problems include: Bronchiectasis - a condition in which damage to the airways causes them to widen and become flabby and scarred Exercise-induced bronchospasm - a breathing problem that happens when your airways shrink while you are exercising Bronchiolitis - an inflammation of the small airways that branch off from the bronchi Bronchopulmonary dysplasia - a chronic lung condition in infants, most often premature infants",MEDLINEPLUS,T047,Disease or Syndrome
38,C0006266,Bronchospasm,SNOMEDCT_US,Sudden contraction of the smooth muscles of the bronchial wall.,NCI,T047,Disease or Syndrome
39,C0006277,Bronchitis,MTH,An acute or chronic inflammatory process affecting the bronchi.,NCI,T047,Disease or Syndrome
40,C0006376,Bumetanide,SNOMEDCT_US,"A potent sulfamoylanthranilic acid derivative belonging to the class of loop diuretics. In the brain, bumetanide may prevent seizures in neonates by blocking the bumetanide-sensitive sodium-potassium-chloride cotransporter (NKCC1), thereby inhibiting chloride uptake thus, decreasing the internal chloride concentration in neurons and may block the excitatory effect of GABA in neonates.",NCI,T109,Organic Chemical
41,C0006388,Levobunolol,SNOMEDCT_US,"A naphthalenone and non-cardioselective adrenergic beta-receptor antagonist with anti-glaucoma activity. Upon administration in the eye, levobunolol blocks beta-adrenergic receptors, thereby causing vasoconstriction. Levobunolol also decreases ciliary's body production of aqueous humor, leading to a decrease in aqueous humor.",NCI,T109,Organic Chemical
42,C0006403,Bupranolol,NCI,"An adrenergic-beta-2 antagonist that has been used for cardiac arrhythmia, angina pectoris, hypertension, glaucoma, and as an antithrombotic.",MSH,T109,Organic Chemical
43,C0006491,Butorphanol,SNOMEDCT_US,A synthetic morphinan analgesic with narcotic antagonist action. It is used in the management of severe pain.,MSH,T109,Organic Chemical
44,C0006542,Byssinosis,SNOMEDCT_US,"An occupational lung disorder caused by exposure to cotton dust. It occurs more commonly in workers in the textile industry. Signs and symptoms include chest tightness, cough and wheezing. The symptoms tend to get worse at the beginning of the week and subside by the end of the week.",NCI,T047,Disease or Syndrome
45,C0006837,Candida albicans,SNOMEDCT_US,"A species of diploid fungus in the phylum Ascomycota which is capable of mating but not of meiosis, and is a causal agent of opportunistic oral and genital infections in humans.",NCI,T004,Fungus
46,C0006866,Cannabinosis,SNOMEDCT_US,A disorder associated with chronic exposure to inhaled dust during the processing of hemp.,NCI,T047,Disease or Syndrome
47,C0007222,Cardiovascular Disease,CCPSS,"A non-neoplastic or neoplastic disorder affecting the heart or the vessels (arteries, veins and lymph vessels). Representative examples of non-neoplastic cardiovascular disorders are endocarditis and hypertension. Representative examples of neoplastic cardiovascular disorders are endocardial myxoma and angiosarcoma.",NCI,T047,Disease or Syndrome
48,C0007226,cardiovascular system,CHV,Relating to the heart and the blood vessels or the circulation.,NCI,T022,Body System
49,C0007299,Carteolol,SNOMEDCT_US,"A synthetic quinolinone derivative and nonselective beta-adrenoceptor blocking agent with anti-glaucoma activity. Upon topical administration to the eye, carteolol decreases aqueous humor production, thereby reducing intraocular pressure (IOP).",NCI,T109,Organic Chemical
50,C0007820,Cerebrovascular Disorders,MTH,"A disorder resulting from inadequate blood flow in the vessels that supply the brain. Representative examples include cerebrovascular ischemia, cerebral embolism, and cerebral infarction.",NCI,T047,Disease or Syndrome
51,C0008273,Chlorothiazide,SNOMEDCT_US,"A short-acting, benzothiadiazinesulfonamide derivative and prototypical thiazide diuretic. Chlorothiazide is excreted unchanged by the kidneys.",NCI,T109,Organic Chemical
52,C0008287,Chlorpropamide,SNOMEDCT_US,"A long-acting, first-generation sulfonylurea with hypoglycemic activity. Compared to other sulfonylureas, chlorpropamide has an increased risk of prolonged hypoglycemia because of its long half-life.",NCI,T109,Organic Chemical
53,C0008294,Chlorthalidone,SNOMEDCT_US,"A long acting thiazide-like diuretic of the sulfamoylbenzamide class that is devoid of the benzothiadiazine structure. Chlorthalidone directly inhibits sodium and chloride reabsorption on the luminal membrane of the early segment in the distal convoluted tubule (DCT) in the kidney. This leads to an increase in sodium, chloride, bicarbonate, and potassium secretion resulting in the excretion of water. In addition, this agent, like other thiazide diuretics, decreases calcium and uric acid secretion. In addition, this agent inhibits many carbonic anhydrase (CA) isoenzymes. Chlorthalidone is used in the treatment of high blood pressure, edema and congestive heart failure. The elimination half-life is about 40 to 50 hours.",NCI,T109,Organic Chemical
54,C0008677,Chronic bronchitis,SNOMEDCT_US,"What is chronic bronchitis? Chronic bronchitis is a type of COPD (chronic obstructive pulmonary disease). COPD is a group of lung diseases that make it hard to breathe and get worse over time. The other main type of COPD is emphysema. Most people with COPD have both emphysema and chronic bronchitis, but how severe each type is can be different from person to person. Chronic bronchitis is inflammation (swelling) and irritation of the bronchial tubes. These tubes are the airways that carry air to and from the air sacs in your lungs. The irritation of the tubes causes mucus to build up. This mucus and the swelling of the tubes make it harder for your lungs to move oxygen in and carbon dioxide out of your body. What causes chronic bronchitis? The cause of chronic bronchitis is usually long-term exposure to irritants that damage your lungs and airways. In the United States, cigarette smoke is the main cause. Pipe, cigar, and other types of tobacco smoke can also cause chronic bronchitis, especially if you inhale them. Exposure to other inhaled irritants can contribute to chronic bronchitis. These include secondhand smoke, air pollution, and chemical fumes or dusts from the environment or workplace. Rarely, a genetic condition called alpha-1 antitrypsin deficiency can play a role in causing chronic bronchitis. Who is at risk for chronic bronchitis? The risk factors for chronic bronchitis include: Smoking. This the main risk factor. Up to 75% of people who have chronic bronchitis smoke or used to smoke. Long-term exposure to other lung irritants, such as secondhand smoke, air pollution, and chemical fumes and dusts from the environment or workplace. Age. Most people who have chronic bronchitis are at least 40 years old when their symptoms begin. Genetics. This includes alpha-1 antitrypsin deficiency, which is a genetic condition. Also, smokers who get chronic bronchitis are more likely to get it if they have a family history of COPD.  What are the symptoms of chronic bronchitis? At first, you may have no symptoms or only mild symptoms. As the disease gets worse, your symptoms usually become more severe. They can include: Frequent coughing or a cough that produces a lot mucus Wheezing A whistling or squeaky sound when you breathe Shortness of breath, especially with physical activity Tightness in your chest  Some people with chronic bronchitis get frequent respiratory infections such as colds and the flu. In severe cases, chronic bronchitis can cause weight loss, weakness in your lower muscles, and swelling in your ankles, feet, or legs. How is chronic bronchitis diagnosed? Your health care provider may use many tools to make a diagnosis: A medical history, which includes asking about your symptoms A family history Various tests, such as lung function tests, a chest x-ray or CT scan, and blood tests  What are the treatments for chronic bronchitis? There is no cure for chronic bronchitis. However, treatments can help with symptoms, slow the progress of the disease, and improve your ability to stay active. There are also treatments to prevent or treat complications of the disease. Treatments include: Lifestyle changes, such as  Quitting smoking if you are a smoker. This is the most important step you can take to treat chronic bronchitis. Avoiding secondhand smoke and places where you might breathe in other lung irritants Ask your health care provider for an eating plan that will meet your nutritional needs. Also ask about how much physical activity you can do. Physical activity can strengthen the muscles that help you breathe and improve your overall wellness.   Medicines, such as  Bronchodilators, which relax the muscles around your airways. This helps open your airways and makes breathing easier. Most bronchodilators are taken through an inhaler. In more severe cases, the inhaler may also contain steroids to reduce inflammation. Vaccines for the flu and pneumococcal pneumonia, since people with chronic bronchitis are at higher risk for serious problems from these diseases. Antibiotics if you get a bacterial or viral lung infection   Oxygen therapy, if you have severe chronic bronchitis and low levels of oxygen in your blood. Oxygen therapy can help you breathe better. You may need extra oxygen all the time or only at certain times. Pulmonary rehabilitation, which is a program that helps improve the well-being of people who have chronic breathing problems. It may include  An exercise program Disease management training Nutritional counseling Psychological counseling  A lung transplant, as a last resort for people who have severe symptoms that have not gotten better with medicines  If you have chronic bronchitis, it's important to know when and where to get help for your symptoms. You should get emergency care if you have severe symptoms, such as trouble catching your breath or talking. Call your health care provider if your symptoms are getting worse or if you have signs of an infection, such as a fever. Can chronic bronchitis be prevented? Since smoking causes most cases of chronic bronchitis, the best way to prevent it is to not smoke. It's also important to try to avoid lung irritants such as secondhand smoke, air pollution, chemical fumes, and dusts. NIH: National Heart, Lung, and Blood Institute",MEDLINEPLUS,T047,Disease or Syndrome
55,C0009014,Clonidine,SNOMEDCT_US,"An imidazoline derivate and centrally-acting alpha-adrenergic agonist, with antihypertensive activity. Clonidine binds to and stimulates central alpha-2 adrenergic receptors, thereby reducing the amount of norepinephrine (NE) release and thus decreasing sympathetic outflow to the heart, kidneys, and peripheral vasculature. The reduction in sympathetic outflow leads to decreased peripheral vascular resistance, decreased blood pressure, and decreased heart rate. In addition, clonidine binds to imidazoline receptor subtype 1 (I1), which may also contribute to a reduction in blood pressure.",NCI,T109,Organic Chemical
56,C0009214,Codeine,SNOMEDCT_US,"A naturally occurring phenanthrene alkaloid and opioid agonist with analgesic, antidiarrheal and antitussive activities. Codeine mimics the actions of endogenous opioids by binding to the opioid receptors at many sites within the central nervous system (CNS). Stimulation of mu-subtype opioid receptors results in a decrease in the release of nociceptive neurotransmitters such as substance P, GABA, dopamine, acetylcholine and noradrenaline; in addition, the codeine metabolite morphine induces opening of G-protein-coupled inwardly rectifying potassium (GIRK) channels and blocks the opening of N-type voltage-gated calcium channels, resulting in hyperpolarization and reduced neuronal excitability. Stimulation of gut mu-subtype opioid receptors results in a reduction in intestinal motility and delayed intestinal transit times. Antitussive activity is mediated through codeine's action on the cough center in the medulla.",NCI,T109,Organic Chemical
57,C0009217,Codeine phosphate,SNOMEDCT_US,"The phosphate salt of codeine, a naturally occurring phenanthrene alkaloid and opioid agonist with analgesic, antidiarrheal and antitussive activities. Codeine mimics the actions of endogenous opioids by binding to the opioid receptors at many sites within the central nervous system (CNS). Stimulation of mu-subtype opioid receptors results in a decrease in the release of nociceptive neurotransmitters such as substance P, GABA, dopamine, acetylcholine and noradrenaline; in addition, the codeine metabolite morphine induces opening of G-protein-coupled inwardly rectifying potassium (GIRK) channels and blocks the opening of N-type voltage-gated calcium channels, resulting in hyperpolarization and reduced neuronal excitability. Stimulation of gut mu-subtype opioid receptors results in a reduction in intestinal motility and delayed intestinal transit times. Antitussive activity is mediated through codeine's action on the cough center in the medulla.",NCI,T109,Organic Chemical
58,C0009488,comorbidity,CHV,The coexistence of two or more disease processes.,NCI,T033,Finding
59,C0010054,Coronary Arteriosclerosis,MTH,Atherosclerosis of the coronary vasculature.,NCI,T047,Disease or Syndrome
60,C0010068,"heart; disease, coronary",ICPC2ICD10ENG,An imbalance between myocardial functional requirements and the capacity of the CORONARY VESSELS to supply sufficient blood flow. It is a form of MYOCARDIAL ISCHEMIA (insufficient blood supply to the heart muscle) caused by a decreased capacity of the coronary vessels.,MSH,T047,Disease or Syndrome
61,C0010137,Cortisone,SNOMEDCT_US,"A corticosteroid with potent glucocorticoid activity. Therapeutic cortisone is the inactive precursor molecule of the active hormone cortisol, which is the hydroxylation product of cortisone by 11-beta-steroid dehydrogenase. Cortisol increases blood pressure and blood sugar levels, and suppresses the immune system, therefore cortisone is used to treat allergies or inflammation.",NCI,T109,Organic Chemical
62,C0010592,Cyclosporine,SNOMEDCT_US,"A natural cyclic polypeptide immunosuppressant isolated from the fungus Beauveria nivea. The exact mechanism of action of cyclosporine is not known but may involve binding to the cellular protein cytophilin, resulting in inhibition of the enzyme calcineurin. This agent appears to specifically and reversibly inhibit immunocompetent lymphocytes in the G0-or G1-phase of the cell cycle. T-lymphocytes are preferentially inhibited with T-helper cells as the primary target. Cyclosporine also inhibits lymphokine production and release. (NCI04)",NCI,T116,"Amino Acid, Peptide, or Protein"
63,C0010674,Cystic fibrosis,SNOMEDCT_US,"Cystic fibrosis is an inherited disease characterized by the buildup of thick, sticky mucus that can damage many of the body's organs. The disorder's most common signs and symptoms include progressive damage to the respiratory system and chronic digestive system problems. The features of the disorder and their severity varies among affected individuals.~Mucus is a slippery substance that lubricates and protects the linings of the airways, digestive system, reproductive system, and other organs and tissues. In people with cystic fibrosis, the body produces mucus that is abnormally thick and sticky. This abnormal mucus can clog the airways, leading to severe problems with breathing and bacterial infections in the lungs. These infections cause chronic coughing, wheezing, and inflammation. Over time, mucus buildup and infections result in permanent lung damage, including the formation of scar tissue (fibrosis) and cysts in the lungs.~Most people with cystic fibrosis also have digestive problems. Some affected babies have meconium ileus, a blockage of the intestine that occurs shortly after birth. Other digestive problems result from a buildup of thick, sticky mucus in the pancreas. The pancreas is an organ that produces insulin (a hormone that helps control blood glucose levels). It also makes enzymes that help digest food. In people with cystic fibrosis, mucus often damages the pancreas, impairing its ability to produce insulin and digestive enzymes. Problems with digestion can lead to diarrhea, malnutrition, poor growth, and weight loss. In adolescence or adulthood, a shortage of insulin can cause a form of diabetes known as cystic fibrosis-related diabetes mellitus (CFRDM).~Cystic fibrosis used to be considered a fatal disease of childhood. With improved treatments and better ways to manage the disease, many people with cystic fibrosis now live well into adulthood. Adults with cystic fibrosis experience health problems affecting the respiratory, digestive, and reproductive systems. Most men with cystic fibrosis have congenital bilateral absence of the vas deferens (CBAVD), a condition in which the tubes that carry sperm (the vas deferens) are blocked by mucus and do not develop properly. Men with CBAVD are unable to father children (infertile) unless they undergo fertility treatment. Women with cystic fibrosis may experience complications in pregnancy.",MEDLINEPLUS,T047,Disease or Syndrome
64,C0011615,Atopic dermatitis,SNOMEDCT_US,"Atopic dermatitis (also known as atopic eczema) is a disorder characterized by inflammation of the skin (dermatitis). The condition usually begins in early infancy, and it often disappears before adolescence. However, in some affected individuals the condition continues into adulthood; in others, it does not begin until adulthood. Hallmarks of atopic dermatitis include dry, itchy skin and red rashes that come and go. The rashes can occur on any part of the body, although the pattern tends to be different at different ages. In affected infants, the rashes commonly occur on the face, scalp, hands, and feet. In children, the rashes are usually found in the bend of the elbows and knees and on the front of the neck. In adolescents and adults, the rashes typically occur on the wrists, ankles, and eyelids in addition to the bend of the elbows and knees. Scratching the itchy skin can lead to oozing and crusting of the rashes and thickening and hardening (lichenification) of the skin. The itchiness can be so severe as to disturb sleep and impair a person's quality of life.~The word ""atopic"" indicates an association with allergies. While atopic dermatitis is not always due to an allergic reaction, it is commonly associated with other allergic disorders: up to 60 percent of people with atopic dermatitis develop asthma or hay fever (allergic rhinitis) later in life, and up to 30 percent have food allergies. Atopic dermatitis is often the beginning of a series of allergic disorders, referred to as the ""atopic march."" Development of these disorders typically follows a pattern, beginning with atopic dermatitis, followed by food allergies, then hay fever, and finally asthma. However, not all individuals with atopic dermatitis will progress through the atopic march, and not all individuals with one allergic disease will develop others.~Individuals with atopic dermatitis have an increased risk of developing other conditions related to inflammation, such as inflammatory bowel disease, rheumatoid arthritis, and hair loss caused by a malfunctioning immune reaction (alopecia areata). They also have an increased risk of having a behavioral or psychiatric disorder, such as attention-deficit/hyperactivity disorder (ADHD) or depression.~In a particular subset of individuals with atopic dermatitis, the immune system is unable to protect the body from foreign invaders such as bacteria and fungi (which is known as immunodeficiency). These individuals are prone to recurrent infections. Most also have other allergic disorders, such as asthma, hay fever, and food allergies.~Atopic dermatitis can also be a feature of separate disorders that have a number of signs and symptoms, which can include skin abnormalities and immunodeficiency. Some such disorders are Netherton syndrome; immune dysregulation, polyendocrinopathy, enteropathy, X-linked (IPEX) syndrome; and severe dermatitis, multiple allergies, metabolic wasting (SAM) syndrome.",MEDLINEPLUS,T047,Disease or Syndrome
65,C0011777,Dexamethasone,SNOMEDCT_US,"A synthetic adrenal corticosteroid with potent anti-inflammatory properties. In addition to binding to specific nuclear steroid receptors, dexamethasone also interferes with NF-kB activation and apoptotic pathways. This agent lacks the salt-retaining properties of other related adrenal hormones. (NCI04)",NCI,T109,Organic Chemical
66,C0011779,Dexamethasone isonicotinate,SNOMEDCT_US,"An anti-inflammatory, anti-allergic glucocorticoid that can be administered orally, by inhalation, locally, and parenterally. It may cause water and salt retention.",MSH,T109,Organic Chemical
67,C0011782,Phenylpropanolamine hydrochloride,SNOMEDCT_US,"The hydrochloride salt form of phenylpropanolamine, an alpha- and beta-adrenergic receptor agonist with sympathomimetic activity. Phenylpropanolamine binds to and activates alpha- and beta-adrenergic receptors in the mucosa of the respiratory tract resulting in vasoconstriction and reduction in swelling of nasal mucous membranes and reduction in tissue hyperemia, edema, and nasal congestion. This agent also stimulates the release of norepinephrine from its storage sites resulting in the effects already described. Finally, phenylpropanolamine indirectly stimulates beta-receptors producing tachycardia and a positive inotropic effect.",NCI,T109,Organic Chemical
68,C0011810,Dextroamphetamine sulfate,SNOMEDCT_US,"The salt of the dextro-isomer of amphetamine and sympathomimetic amine with CNS stimulating properties. Dextroamphetamine sulphate acts by facilitating the release of catecholamines, particularly noradrenaline and dopamine, from nerve terminals in the brain and inhibits their uptake. This leads to an increase in motor activity, causes euphoria, mental alertness and excitement and suppresses appetite. This drug causes dependence and may cause an increase in heart rate and blood pressure. It is used in the treatment of narcolepsy and attention deficit hyperactivity disorder.",NCI,T109,Organic Chemical
69,C0011812,Dextroamphetamine,SNOMEDCT_US,"A synthetic substance related to natural sympathomimetic amines and the synthetic agent amphetamine. In the central nervous system (CNS), dextroamphetamine induces the release of dopamine within the mesocorticolimbic system, a major component of the brain reward system, resulting in measurable behavioral changes such as euphoria. As a CNS stimulant, this agent may increase blood pressure and reduce appetite. Similar to other amphetamines, dextroamphetamine has a high potential for abuse, dependence, and addiction if used in large doses over extended periods of time. (NCI04)",NCI,T109,Organic Chemical
70,C0011824,Dextrothyroxine,SNOMEDCT_US,"The dextrorotary isomer of thyroxine, a thyroid hormone with antihyperlipidemic activity. Dextrothyroxine stimulates the formation of low-density lipoprotein (LDL) and increases the catabolism of LDL thereby leading to increased excretion of cholesterol and bile acids via the biliary route. This results in a reduction in serum cholesterol and LDL.",NCI,T116,"Amino Acid, Peptide, or Protein"
71,C0011847,Diabetes,LCH_NW,,,T047,Disease or Syndrome
72,C0011848,Diabetes Insipidus,WHO,"Diabetes insipidus (DI) causes frequent urination. You become extremely thirsty, so you drink. Then you urinate. This cycle can keep you from sleeping or even make you wet the bed. Your body produces lots of urine that is almost all water. DI is different from diabetes mellitus (DM), which involves insulin problems and high blood sugar. The symptoms can be similar. However, DI is related to how your kidneys handle fluids. It's much less common than DM. Urine and blood tests can show which one you have. Usually, DI is caused by a problem with your pituitary gland or your kidneys. Treatment depends on the cause of the problem. Medicines can often help. NIH: National Institute of Diabetes and Digestive and Kidney Diseases",MEDLINEPLUS,T047,Disease or Syndrome
73,C0011849,Diabetes Mellitus,MTH,"What is diabetes? Diabetes, also known as diabetes mellitus, is a disease in which your blood glucose, or blood sugar, levels are too high. Glucose is your body's main source of energy. Your body can make glucose, but it also comes from the food you eat. Insulin is a hormone made by your pancreas. Insulin helps move glucose from your bloodstream into your cells, where it can be used for energy. If you have diabetes, your body can't make insulin, can't use insulin as well as it should, or both. Too much glucose stays in your blood and doesn't reach your cells. This can cause glucose levels to get too high. Over time, high blood glucose levels can lead to serious health conditions. But you can take steps to manage your diabetes and try to prevent these health problems. What are the types of diabetes? There are different types of diabetes:  Type 1 diabetes. If you have type 1 diabetes, your body makes little or no insulin. It happens when your immune system attacks and destroys the cells that produce insulin.  Type 2 diabetes. This is the most common form of diabetes. If you have type 2 diabetes, your body may still be able to make insulin, but your cells don't respond well to insulin. They can't easily take up enough glucose from your blood. Gestational diabetes. This is a form of diabetes that develops during pregnancy. It happens when your body can't make the extra insulin it needs during pregnancy.  What causes diabetes? The different types of diabetes have different causes:  Researchers think type 1 diabetes is caused by genes and factors in the environment that might trigger the disease. Type 2 diabetes is caused by several factors, including lifestyle factors and genes. The lifestyle factors include not being physically active and being overweight or having obesity. Researchers think gestational diabetes is caused by the hormonal changes of pregnancy along with genetic and lifestyle factors.  Who is more likely to develop diabetes? The different types of diabetes have different risk factors:  You can develop type 1 diabetes at any age, but it most often starts in childhood. Having a parent or sibling with type 1 diabetes may increase your chance of developing it. You are at higher risk of developing type 2 diabetes if you:  Are overweight or have obesity. Are over age 35. Children, teenagers, and younger adults can get diabetes, but it is more common in middle-aged and older adults. Have a family history of diabetes. Have prediabetes. This means that your blood glucose is higher than normal, but it's not high enough to be called diabetes. Had gestational diabetes. Have given birth to a baby weighing 9 pounds or more. Are African American, American Indian, Asian American, Hispanic/Latino, or Pacific Islander. Are not physically active. Have certain other health conditions, such as high blood pressure or polycystic ovary syndrome (PCOS).  You are at higher risk of developing gestational diabetes if you:  Are overweight or have obesity. Have a family history of diabetes. Had gestational diabetes in a previous pregnancy. Have given birth to a baby weighing 9 pounds or more. Have polycystic ovary syndrome (PCOS). Are African American, Hispanic/Latino, American Indian, Alaska Native, Native Hawaiian, or Pacific Islander.   What are the symptoms of diabetes? The symptoms of diabetes may include:  Feeling very thirsty Feeling very hungry Urinating (peeing) more often, including at night Fatigue Blurry vision Numbness or tingling in the feet or hands Sores that do not heal Losing weight without trying  But it's important to know that your symptoms may vary, depending on which type you have:  The symptoms of type 1 diabetes usually come on quickly and can be severe. With type 2 diabetes, the symptoms often develop slowly, over several years. The symptoms can be so mild that you might not even notice them. Gestational diabetes often has no symptoms. If you do have symptoms, they may be mild. If you are pregnant, you will usually be screened for this condition between 24 and 28 weeks of pregnancy.   How is diabetes diagnosed? To find out if you have diabetes, your health care provider will use one or more glucose blood tests. There are several types, including the A1C test. What are the treatments for diabetes? Treatment for diabetes involves managing your blood glucose levels:  If you have type 1 diabetes, you will need to take daily doses of insulin, either by injection or through a special pump. Some people also need to take another type of diabetes medicine that works with insulin. If you have type 2 diabetes, you may be able to manage or even reverse it by making lifestyle changes. These include eating a healthy diet, staying at healthy weight, and getting regular physical activity. Some people also need to take diabetes medicines to manage their diabetes. If you have gestational diabetes, you may be able to lower your glucose levels by eating a healthy diet and getting regular exercise. But be sure to talk to your provider about your treatment options. Gestational diabetes usually goes away after you give birth. But you will have a higher risk of developing type 2 diabetes later.  Checking your blood glucose levels is also an important part of managing your diabetes. Ask your provider about the best way to check your blood glucose level and how often you should check it. Can diabetes be prevented? Type 1 diabetes can't be prevented. You may be able to delay or prevent type 2 diabetes through the same lifestyle changes that are used to manage diabetes (eating a healthy diet, staying at a healthy weight, and getting regular physical activity). These lifestyle changes may also help prevent gestational diabetes. NIH: National Institute of Diabetes and Digestive and Kidney Diseases",MEDLINEPLUS,T047,Disease or Syndrome
74,C0011854,insulin dependent diabetes mellitus,CSP,"Type 1 diabetes is a disorder characterized by abnormally high levels of blood glucose, also called blood sugar. In this form of diabetes, specialized cells in the pancreas called beta cells stop producing insulin. Insulin controls how much glucose (a type of sugar) is passed from the blood into cells for conversion to energy. Lack of insulin results in the inability to use glucose for energy or to control the amount of glucose in the blood.~Type 1 diabetes can occur at any age, from early childhood to late adulthood. The first signs and symptoms of the disorder are caused by high blood glucose and may include frequent urination (polyuria), excessive thirst (polydipsia), fatigue, blurred vision, tingling or loss of feeling in the hands and feet, and weight loss. These symptoms may recur during the course of the disorder if blood glucose is not well controlled by insulin replacement therapy. Improper control can also cause blood glucose levels to become too low (hypoglycemia). This may occur when the body's needs change, such as during exercise or if eating is delayed. Hypoglycemia can cause headache, dizziness, hunger, shaking, sweating, weakness, and agitation.~Uncontrolled type 1 diabetes can lead to a life-threatening complication called diabetic ketoacidosis. Without insulin, cells cannot take in glucose. A lack of glucose in cells prompts the liver to try to compensate by releasing more glucose into the blood, and blood glucose can become extremely high. The cells, unable to use the glucose in the blood for energy, respond by using fats instead. Breaking down fats to obtain energy produces waste products called ketones, which can build up to toxic levels in people with type 1 diabetes, resulting in diabetic ketoacidosis. Affected individuals may begin breathing rapidly; develop a fruity odor in the breath; and experience nausea, vomiting, facial flushing, stomach pain, and dryness of the mouth (xerostomia). In severe cases, diabetic ketoacidosis can lead to coma and death.~Over many years, the chronic high blood glucose associated with diabetes may cause damage to blood vessels and nerves, leading to complications affecting many organs and tissues. The retina, which is the light-sensitive tissue at the back of the eye, can be damaged (diabetic retinopathy), leading to vision loss and eventual blindness. Kidney damage (diabetic nephropathy) may also occur and can lead to kidney failure and end-stage renal disease (ESRD). Pain, tingling, and loss of normal sensation (diabetic neuropathy) often occur, especially in the feet. Impaired circulation and absence of the normal sensations that prompt reaction to injury can result in permanent damage to the feet; in severe cases, the damage can lead to amputation. People with type 1 diabetes are also at increased risk of heart attacks, strokes, and problems with urinary and sexual function.",MEDLINEPLUS,T047,Disease or Syndrome
75,C0011859,"Diabetes mellitus, lipoatrophic",SNM,"A rare syndrome characterized by almost complete absence of body fat, accentuated muscularity, insulin-resistant diabetes, hyperlipidemia, hepatomegaly, and hypermetabolism.",NCI,T047,Disease or Syndrome
76,C0011860,Diabetes Mellitus Non Insulin Dependent,CCPSS,"What is type 2 diabetes? Type 2 diabetes is a disease in which your blood glucose, or blood sugar, levels are too high. Glucose is your main source of energy. It comes from the foods you eat. A hormone called insulin helps the glucose get into your cells to give them energy. If you have diabetes, your body doesn't make enough insulin or doesn't use insulin well. The glucose then stays in your blood and not enough goes into your cells. Over time, having too much glucose in your blood can cause health problems. But you can take steps to manage your diabetes and try to prevent these health problems. What causes type 2 diabetes? Type 2 diabetes may be caused by a combination of factors: Being overweight or having obesity Not being physically active Genetics and family history  Type 2 diabetes usually starts with insulin resistance. This is a condition in which your cells don't respond normally to insulin. As a result, your body needs more insulin to help the glucose enter your cells. At first, your body makes more insulin to try to get cells to respond. But over time, your body can't make enough insulin, and your blood glucose levels rise. Who is at risk for type 2 diabetes? You are at higher risk of developing type 2 diabetes if you: Are over age 45. Children, teenagers, and younger adults can get type 2 diabetes, but it is more common in middle-aged and older people. Have prediabetes, which means that your blood sugar is higher than normal but not high enough to be called diabetes Had diabetes in pregnancy or gave birth to a baby weighing 9 pounds or more. Have a family history of diabetes Are overweight or have obesity Are Black or African American, Hispanic/Latino, American Indian, Asian American, or Pacific Islander Are not physically active Have other conditions such as high blood pressure, heart disease, stroke, polycystic ovary syndrome (PCOS), or depression Have low HDL (good) cholesterol and high triglycerides Have acanthosis nigricans - dark, thick, and velvety skin around your neck or armpits  What are the symptoms of type 2 diabetes? Many people with type 2 diabetes have no symptoms at all. If you do have them, the symptoms develop slowly over several years. They might be so mild that you do not notice them. The symptoms can include: Increased thirst and urination Increased hunger Feeling tired Blurred vision Numbness or tingling in the feet or hands Sores that do not heal Unexplained weight loss  How is type 2 diabetes diagnosed? Your health care provider will use blood tests to diagnose type 2 diabetes. The blood tests include: A1C test, which measures your average blood sugar level over the past 3 months Fasting plasma glucose (FPG) test, which measures your current blood sugar level. You need to fast (not eat or drink anything except water) for at least 8 hours before the test. Random plasma glucose (RPG) test, which measures your current blood sugar level. This test is used when you have diabetes symptoms and the provider does not want to wait for you to fast before having the test.  What are the treatments for type 2 diabetes? Treatment for type 2 diabetes involves managing your blood sugar levels. Many people are able to do this by living a healthy lifestyle. Some people may also need to take medicine:  A healthy lifestyle includes following a healthy eating plan and getting regular physical activity. You need to learn how to balance what you eat and drink with physical activity and diabetes medicine, if you take any. Medicines for diabetes include oral medicines, insulin, and other injectable medicines. Over time, some people will need to take more than one type of medicine to control their diabetes. You will need to check your blood sugar regularly. Your health care provider will tell you how often you need to do it. It's also important to keep your blood pressure and cholesterol levels close to the targets your provider sets for you. Make sure to get your screening tests regularly.  Can type 2 diabetes be prevented? You can take steps to help prevent or delay type 2 diabetes by losing weight if you are overweight, eating fewer calories, and being more physically active. If you have a condition which raises your risk for type 2 diabetes, managing that condition may lower your risk of getting type 2 diabetes. NIH: National Institute of Diabetes and Digestive and Kidney Diseases",MEDLINEPLUS,T047,Disease or Syndrome
77,C0011870,Diabetes with other coma,SNMI,,,T047,Disease or Syndrome
78,C0011871,Diabetic peripheral angiopathy,RCD,,,T047,Disease or Syndrome
79,C0011875,Diabetic angiopathies,LCH_NW,Vascular disorders resulting from diabetes mellitus.,NCI,T047,Disease or Syndrome
80,C0011876,Cataract due to diabetes mellitus,SNOMEDCT_US,"rare, usually bilateral, opacity shaped like a snowflake, affecting the anterior and posterior cortices of young diabetics; sometimes it can be reversed when the blood glucose is brought under control, but in most cases it progresses rapidly to a mature cataract.",CSP,T047,Disease or Syndrome
81,C0011877,Ketoacidotic coma due to diabetes mellitus,SNOMEDCT_US,,,T047,Disease or Syndrome
82,C0011878,Diabetic diet,SNOMEDCT_US,"What is diabetes? If you have diabetes, your blood glucose, or blood sugar, levels are too high. Glucose comes from foods you eat. The cells of your body need glucose for energy. A hormone called insulin helps glucose get into your cells. With type 1 diabetes, your body doesn't make insulin. With type 2 diabetes, your body doesn't make or use insulin well. Without enough insulin, glucose builds up in your blood and causes high blood glucose levels. Prediabetes means that your blood glucose levels are higher than normal but not high enough to be called diabetes. If you have prediabetes, you are more likely to develop type 2 diabetes. How do the foods I eat affect my blood glucose levels? The glucose in your blood comes from certain foods called carbohydrates, or ""carbs."" Foods that are high in carbs include candy and sweets, sodas, breads, tortillas, and white rice. The more carbs you eat, the higher your blood glucose level will be. Some, but not all people with diabetes, may need to count the amount of carbs eaten in drinks and meals. Whether you have type 1 or type 2 diabetes, making the right food choices is an important way to keep your blood glucose at a level that is healthy for you. When you control your blood glucose, you lower your chance of having serious health problems from diabetes, such as vision loss and heart problems. And if you have prediabetes or are at risk for diabetes, eating foods that keep your blood glucose levels healthy may help prevent type 2 diabetes later on. What's the best diet for diabetes? There isn't a specific diet or meal plan that works for everybody. Your health care provider may have you see a registered dietician (RD) or a diabetes educator who can help design the best eating plan for you. The plan will consider:  Any medicines that you take Your weight Any other health conditions you have Your lifestyle and tastes Your goals  All eating plans for diabetes have a few things in common, including eating the right foods in the right amounts at the right times. What foods should I eat if I have diabetes? Eating the right foods for diabetes means eating a variety of healthy foods from all the food groups:  Fruits and vegetables Whole grains, such as whole wheat, brown rice, barley, quinoa, and oats Proteins, such as lean meats, chicken, turkey, fish, eggs, nuts, beans, lentils, and tofu Nonfat or low-fat dairy, such as milk, yogurt, and cheese  What foods should I limit to control my blood glucose? To keep your blood glucose under control, you may need to cut back on certain foods and drinks. This doesn't mean that you can never enjoy them. But you should have them less often or in smaller amounts. The foods and drinks you should limit include:  High-carb foods and drinks, such as:  Sugary foods, such as candy, cookies, cake, ice cream, sweetened cereals, and canned fruits with added sugar Drinks with added sugars, such as juice, regular soda, and regular sports or energy drinks White rice, tortillas, breads, and pasta - especially those made with white flour Starchy vegetables, such as white potatoes, corn, and peas   Fried foods and other foods high in saturated and trans fats. Foods high in sodium (salt). Alcohol. If you do drink, you should drink moderately. This means no more than one standard drink a day if you're a woman or two standard drinks a day if you're a man.  What else do I need to know about diabetic diets? If you have diabetes, it's important to eat the right amount of food every day. Your eating plan will include how much to eat, and help you choose the types of food for each meal or snack. If you take insulin, you may need to learn how to count carbs to help you know how much insulin to take. Eating at the right times is also important. You will want to plan for regular, balanced meals to avoid blood glucose levels that are too high or too low for you. Eating about the same amount of carbs at each meal can be helpful. Your eating plan will also teach you how to stick with your plan at home and when you eat out. Eating healthy to control your blood glucose does take some effort. But the reward is a chance to live your healthiest life with diabetes. NIH: National Institute of Diabetes and Digestive and Kidney Diseases",MEDLINEPLUS,T061,Therapeutic or Preventive Procedure
83,C0011880,Diabetic ketoacidosis,SNOMEDCT_US,"The metabolic condition resulted from uncontrolled diabetes mellitus, in which the shift of acid-base status of the body toward the acid side because of loss of base or retention of acids other than carbonic acid is accompanied by the accumulation of ketone bodies in body tissues and fluids.",NCI,T047,Disease or Syndrome
84,C0011881,Nephropathy Diabetic,CCPSS,"If you have diabetes, your blood glucose, or blood sugar, levels are too high. Over time, this can damage your kidneys. Your kidneys clean your blood. If they are damaged, waste and fluids build up in your blood instead of leaving your body. Kidney damage from diabetes is called diabetic nephropathy. It begins long before you have symptoms. People with diabetes should get regular screenings for kidney disease. Tests include a urine test to detect protein in your urine and a blood test to show how well your kidneys are working. If the damage continues, your kidneys could fail. In fact, diabetes is the most common cause of kidney failure in the United States. People with kidney failure need either dialysis or a kidney transplant. You can slow down kidney damage or keep it from getting worse. Controlling your blood sugar and blood pressure, taking your medicines and not eating too much protein can help. NIH: National Institute of Diabetes and Digestive and Kidney Diseases",MEDLINEPLUS,T047,Disease or Syndrome
85,C0011882,Diabetic Neuropathy,NCI,"A chronic, pathological complication associated with diabetes mellitus, where nerve damages are incurred due to diabetic microvascular injury involving small blood vessels that supply these nerves, resulting in peripheral and/or autonomic nerve dysfunction.",NCI,T047,Disease or Syndrome
86,C0011884,Diabetic Retinopathy,MTH,"A chronic, pathological complication associated with diabetes mellitus, where retinal damages are incurred due to microaneurysms in the vasculature of the retina, progressively leading to abnormal blood vessel growth, and swelling and leaking of fluid from blood vessels, resulting in vision loss or blindness.",NCI,T047,Disease or Syndrome
87,C0012022,Diazoxide,SNOMEDCT_US,"A benzothiadiazine derivate with antihypertensive and hyperglycemic activities. Diazoxide increases membrane permeability to potassium ions in vascular smooth muscle, thereby stabilizing the membrane action potential and preventing vascular smooth muscle contraction; this results in peripheral vasodilatation and decreases in peripheral vascular resistance. This agent also inhibits insulin release by interacting with ATP-sensitive potassium channels of pancreatic islet beta-cells.",NCI,T109,Organic Chemical
88,C0012091,Diclofenac,SNOMEDCT_US,"A nonsteroidal benzeneacetic acid derivative with anti-inflammatory activity. As a nonsteroidal anti-inflammatory drug (NSAID), diclofenac binds and chelates both isoforms of cyclooxygenase (COX-1 and-2), thereby blocking the conversion of arachidonic acid to pro-inflammatory-proprostaglandins. This agent also may inhibit COX-2-mediated tumor angiogenesis. When inhibiting COX-2, diclofenac may be effective in relieving pain and inflammation; when inhibiting COX-1, it may produce unacceptable gastrointestinal side effects. This agent may be more active against COX-2 than several other carboxylic acid-containing NSAIDs. (NCI04)",NCI,T109,Organic Chemical
89,C0012201,Diethylpropion,SNOMEDCT_US,"An amphetamine derivative and a sympathomimetic stimulant with anti-obesity and appetite-suppressant properties. Diethylpropion stimulates neurons to release and maintain high levels of catecholamines including dopamine and norepinephrine resulting in a suppression of hunger signals and appetite. This agent may also indirectly affect leptin-neuropeptide Y (NPY) neurotransmission, which exerts control on metabolic processes such as food intake and body weight homeostasis. Via elevated catecholamine, diethylpropion indirectly elevates leptin levels in the brain, which in turn inhibits production of NPY, a potent stimulator of feeding behavior, thereby preventing the initiation of eating, increasing energy expenditure, and decreasing fat storage.",NCI,T109,Organic Chemical
90,C0012240,gastrointestinal system,CHV,"The system that includes the esophagus, stomach, small and large intestine, anus, liver, biliary tract, and pancreas.",NCI,T022,Body System
91,C0012271,Dihydralazine,SNOMEDCT_US,"1,4-Dihydrazinophthalazine. An antihypertensive agent with actions and uses similar to those of HYDRALAZINE. (From Martindale, The Extra Pharmacopoeia, 30th ed, p354)",MSH,T109,Organic Chemical
92,C0012291,Dihydroergotamine,SNOMEDCT_US,"A 9,10alpha-dihydro derivative of ERGOTAMINE. It is used as a vasoconstrictor, specifically for the therapy of MIGRAINE DISORDERS.",MSH,T109,Organic Chemical
93,C0012306,Hydromorphone,SNOMEDCT_US,"The hydrogenated ketone of morphine, a semi-synthetic opioid with analgesic effects. Hydromorphone selectively binds the mu-opioid receptor which is linked through G-proteins. Binding stimulates the exchange of guanosine triphosphate (GTP) for guanosine diphosphate (GDP) on the G-protein complex and interacts with and inhibits adenylate cyclase located at the inner surface of the plasma membrane. This leads to a reduction in intracellular cyclic 3',5'-adenosine monophosphate (cAMP). Further, voltage-gated potassium channels are activated, thereby causing hyperpolarization and reducing neuronal excitability. In addition, the opening of voltage-gated calcium channels is inhibited, thereby leading to an inhibition of calcium entry and a reduction in the release of various neurotransmitters, including GABA, vasopressin, somatostatin, insulin and glucagons.",NCI,T109,Organic Chemical
94,C0012373,Diltiazem,SNOMEDCT_US,"A benzothiazepine derivative with anti-hypertensive, antiarrhythmic properties. Diltiazem blocks voltage-sensitive calcium channels in the blood vessels, by inhibiting the ion-control gating mechanisms, thereby preventing calcium levels increase by other revenues. Alternatively, it has been suggested that this agent also interferes with the release of calcium from the sarcoplasmic reticulum and inhibits the influx of extracellular calcium across both the myocardial and vascular smooth muscle cell membranes. The overall low calcium levels leads to dilatation of the main coronary and systemic arteries and decreasing myocardial contractility, decreased peripheral arterial resistance, improved oxygen delivery to the myocardial tissue, and decreased cardiac output.",NCI,T109,Organic Chemical
95,C0012472,Dinoprostone,SNOMEDCT_US,"A synthetic prostaglandin E2 (PGE2) analogue with smooth muscle contraction inducing property. It has been suggested that PGE2 regulates the intracellular levels of cyclic 3, 5-adenosine monophosphate (cAMP) by activating adenylate cyclase and thereby increases cellular membrane calcium ion transport. By acting directly on the myometrium, dinoprostone induces uterine and gastrointestinal smooth muscle contractions.",NCI,T109,Organic Chemical
96,C0012694,Cromolyn sodium,SNOMEDCT_US,"The sodium salt form of cromolyn, a mast cell stabilizer with anti-inflammatory activity. Cromolyn sodium probably interferes with the antigen-stimulated calcium transport across the mast cell membrane, thereby inhibiting mast cell release of histamine, leukotrienes, and other substances that cause hypersensitivity reactions. Cromolyn sodium also inhibits eosinophil chemotaxis.",NCI,T109,Organic Chemical
97,C0013084,Doxapram,SNOMEDCT_US,"A respiratory stimulant with analeptic activity. Doxapram, independent of oxygen levels, directly stimulates the peripheral carotid chemoreceptors, possibly by inhibiting the potassium channels of type I cells within the carotid body, thereby stimulating catecholamines release. This results in the prevention or reversal of both narcotic- and CNS depressant-induced respiratory depression.",NCI,T109,Organic Chemical
98,C0013360,Dyphylline,SNOMEDCT_US,"A xanthine derivative. Dyphilline exerts bronchodilator effects and to a lesser extent vasodilator and diuretic properties. Dyphilline probably acts as a competitive inhibitor of phosphodiesterase which leads to an increase in intracellular cAMP. This results in relaxation of bronchial smooth muscle and other smooth muscles. Dyphylline may also antagonize adenosine receptors. Dyphylline is used in the treatment of acute bronchial asthma, chronic bronchitis and emphysema.",NCI,T109,Organic Chemical
99,C0013404,Dyspnea,SNOMEDCT_US,An uncomfortable sensation of difficulty breathing. It may present as an acute or chronic sign of an underlying respiratory or heart disorder.,NCI,T184,Sign or Symptom
100,C0013405,Paroxysmal dyspnea,SNOMEDCT_US,"A disorder characterized by sudden attacks of respiratory distress in at rest patients with HEART FAILURE and PULMONARY EDEMA. It usually occurs at night after several hours of sleep in a reclining position. Patients awaken with a feeling of suffocation, coughing, a cold sweat, and TACHYCARDIA. When there is significant WHEEZING, it is called CARDIAC ASTHMA.",MSH,T047,Disease or Syndrome
101,C0013604,edema,MTH,"Edema means swelling caused by fluid in your body's tissues. It usually occurs in the feet, ankles and legs, but it can involve your entire body. Causes of edema include: Eating too much salt Sunburn Heart failure Kidney disease Liver problems from cirrhosis Pregnancy Problems with lymph nodes, especially after mastectomy Some medicines Standing or walking a lot when the weather is warm  To keep swelling down, your health care provider may recommend keeping your legs raised when sitting, wearing support stockings, limiting how much salt you eat, or taking a medicine called a diuretic - also called a water pill.",MEDLINEPLUS,T046,Pathologic Function
102,C0014130,Endocrine system disease,SNMI,"Your endocrine system includes eight major glands throughout your body. These glands make hormones. Hormones are chemical messengers. They travel through your bloodstream to tissues or organs. Hormones work slowly and affect body processes from head to toe. These include: Growth and development Metabolism - digestion, elimination, breathing, blood circulation and maintaining body temperature  Sexual function Reproduction Mood  If your hormone levels are too high or too low, you may have a hormone disorder. Hormone diseases also occur if your body does not respond to hormones the way it is supposed to. Stress, infection and changes in your blood's fluid and electrolyte balance can also influence hormone levels. In the United States, the most common endocrine disease is diabetes. There are many others. They are usually treated by controlling how much hormone your body makes. Hormone supplements can help if the problem is too little of a hormone.",MEDLINEPLUS,T047,Disease or Syndrome
103,C0014133,Endocrine Gland,NCI,Ductless glands that secrete substances which are released directly into the circulation and which influence metabolism and other body functions.,NCI,T023,"Body Part, Organ, or Organ Component"
104,C0014136,endocrine system,CHV,"The body system that comprises the organs and glands that produce hormones that are secreted into the blood and control physiological functions that include reproduction, growth and development, metabolism, and stress responses.",NCI,T022,Body System
105,C0014479,Ephedrine,SNOMEDCT_US,"An alkaloid that is an hydroxylated form of phenethylamineand sympathomimetic amine, with potential bronchodilatory and anti-hypotensive activities. Following administration, ephedrine activates post-synaptic noradrenergic receptors. Activation of alpha-adrenergic receptors in the vasculature induces vasoconstriction, and activation of beta-adrenergic receptors in the lungs leads to bronchodilation.",NCI,T109,Organic Chemical
106,C0014710,Ergotamine,SNOMEDCT_US,"A naturally occurring ergot alkaloid with vasoconstrictor and analgesic property. Ergotamine selectively binds and activates serotonin (5-HT) 1D receptors located on intracranial blood vessels, including those on arterio-venous anastomoses, thereby resulting in vasoconstriction and reducing the blood flow in cerebral arteries that may lead to relieve of vascular headaches. This agent also selectively binds to alpha-adrenergic receptors, thereby stimulating vascular smooth muscle and causing vasoconstriction in both arteries and veins, which also contributes to the relief of headaches. Furthermore, the activation of 5-HT1D receptors on sensory nerve endings of the trigeminal system results in the inhibition of pro-inflammatory neuropeptide release.",NCI,T109,Organic Chemical
107,C0014962,Ethacrynate sodium,SNOMEDCT_US,"The sodium salt form of ethacrynic acid, an unsaturated ketone derivative of aryloxyacetic acid without a sulfonamide substituent belonging to the class of loop diuretics. Ethacrynic acid is extensively bound to plasma proteins; both ethacrynic acid in its unchanged form as well as its metabolites are excreted in bile and urine.",NCI,T109,Organic Chemical
108,C0014963,Ethacrynic acid,SNOMEDCT_US,An unsaturated ketone derivative of aryloxyacetic acid without a sulfonamide substituent belonging to the class of loop diuretics. Ethacrynic acid is extensively bound to plasma proteins; both ethacrynic acid in its unchanged form as well as its metabolites are excreted in bile and urine.,NCI,T109,Organic Chemical
109,C0015011,Ethinyl estradiol,SNOMEDCT_US,"A semisynthetic estrogen. Ethinyl estradiol binds to the estrogen receptor complex and enters the nucleus, activating DNA transcription of genes involved in estrogenic cellular responses. This agent also inhibits 5-alpha reductase in epididymal tissue, which lowers testosterone levels and may delay progression of prostatic cancer. In addition to its antineoplastic effects, ethinyl estradiol protects against osteoporosis. In animal models, short-term therapy with this agent has been shown to provide long-term protection against breast cancer, mimicking the antitumor effects of pregnancy. (NCI04)",NCI,T109,Organic Chemical
110,C0015117,Ethynodiol diacetate,SNOMEDCT_US,"The diacetate salt form of ethynodiol, a semi-synthetic progestational hormone agonist. Ethynodiol diacetate binds to cytoplasmic progesterone receptors in the reproductive system and subsequently activates progesterone receptor mediated gene expression. As a result of the negative feedback mechanism, luteinizing hormone (LH) release is inhibited, which leads to an inhibition of ovulation and an alteration in the cervical mucus and endometrium. In addition, ethynodiol diacetate has weak oestrogenic and androgenic properties.",NCI,T109,Organic Chemical
111,C0015772,Felodipine,SNOMEDCT_US,"A dihydropyridine calcium channel blocking agent. Felodipine inhibits the influx of extracellular calcium ions into myocardial and vascular smooth muscle cells, causing dilatation of the main coronary and systemic arteries and decreasing myocardial contractility. This agent also inhibits the drug efflux pump P-glycoprotein which is overexpressed in some multi-drug resistant tumors and may improve the efficacy of some antineoplastic agents. (NCI04)",NCI,T109,Organic Chemical
112,C0015840,Fenoterol,SNOMEDCT_US,"A short-acting sympathomimetic agent with bronchodilator activity. Fenoterol stimulates beta-2-adrenergic receptors in the lungs, thereby activating the enzyme adenylate cyclase that catalyzes the conversion of adenosine triphosphate (ATP) to cyclic-3',5'-adenosine monophosphate (cAMP). Increased cAMP concentrations relax bronchial smooth muscle, relieve bronchospasms, and reduce inflammatory cell mediator release, especially from mast cells.",NCI,T109,Organic Chemical
113,C0015938,fetal macrosomia,CHV,A fetus exceeding 4500 grams.,NCI,T033,Finding
114,C0016157,Fish oil,SNOMEDCT_US,"An oil derived from the tissues of oily fish. Fish oil is considered valuable due to its high content of omega-3 fatty acids eicosapentanoic acid and docosahexaenoic acid. Such fatty acids are not actually produced in fish, but are accumulated from phytoplankton which produce omega-3 fatty acids.",NCI,T109,Organic Chemical
115,C0016719,Friedreich ataxia,SNOMEDCT_US,"Friedreich ataxia is a genetic condition that affects the nervous system and causes movement problems. People with this condition develop impaired muscle coordination (ataxia) that worsens over time. Other features of this condition include the gradual loss of strength and sensation in the arms and legs; muscle stiffness (spasticity); and impaired speech, hearing, and vision. Individuals with Friedreich ataxia often have a form of heart disease called hypertrophic cardiomyopathy, which enlarges and weakens the heart muscle and can be life-threatening. Some affected individuals develop diabetes or an abnormal curvature of the spine (scoliosis).~Most people with Friedreich ataxia begin to experience the signs and symptoms of the disorder between ages 5 and 15. Poor coordination and balance are often the first noticeable features. Without treatment, affected individuals typically require the use of a wheelchair about 10 years after signs and symptoms appear.~About 25 percent of people with Friedreich ataxia have an atypical form in which signs and symptoms begin after age 25. Affected individuals who develop Friedreich ataxia between ages 26 and 39 are considered to have late-onset Friedreich ataxia (LOFA). When the signs and symptoms begin after age 40 the condition is called very late-onset Friedreich ataxia (VLOFA). LOFA and VLOFA usually progress more slowly than typical Friedreich ataxia.",MEDLINEPLUS,T047,Disease or Syndrome
116,C0016751,Hereditary fructose intolerance syndrome,SNM,"Hereditary fructose intolerance is a condition that affects a person's ability to digest the sugar fructose. Fructose is a simple sugar found primarily in fruits. Affected individuals develop signs and symptoms of the disorder in infancy when fruits, juices, or other foods containing fructose are introduced into the diet. After ingesting fructose, individuals with hereditary fructose intolerance may experience nausea, bloating, abdominal pain, diarrhea, vomiting, and low blood sugar (hypoglycemia). Affected infants may fail to grow and gain weight at the expected rate (failure to thrive).~Repeated ingestion of fructose-containing foods can lead to liver and kidney damage. The liver damage can result in a yellowing of the skin and whites of the eyes (jaundice), an enlarged liver (hepatomegaly), and chronic liver disease (cirrhosis). Continued exposure to fructose may result in seizures, coma, and ultimately death from liver and kidney failure. Due to the severity of symptoms experienced when fructose is ingested, most people with hereditary fructose intolerance develop a dislike for fruits, juices, and other foods containing fructose.~Hereditary fructose intolerance should not be confused with a condition called fructose malabsorption. In people with fructose malabsorption, the cells of the intestine cannot absorb fructose normally, leading to bloating, diarrhea or constipation, flatulence, and stomach pain. Fructose malabsorption is thought to affect approximately 40 percent of individuals in the Western hemisphere; its cause is unknown.",MEDLINEPLUS,T047,Disease or Syndrome
117,C0016756,"fructose 1,6-diphosphatase deficiency",MEDCIN,"An autosomal recessive fructose metabolism disorder due to absent or deficient fructose-1,6-diphosphatase activity. Gluconeogenesis is impaired, resulting in accumulation of gluconeogenic precursors (e.g., amino acids, lactate, ketones) and manifested as hypoglycemia, ketosis, and lactic acidosis. Episodes in the newborn infant are often lethal. Later episodes are often brought on by fasting and febrile infections. As patients age through early childhood, tolerance to fasting improves and development becomes normal.",MSH,T047,Disease or Syndrome
118,C0016860,Furosemide,SNOMEDCT_US,"A sulfamoylanthranilic acid derivative, also known as frusemide, and potent loop diuretic. Furosemide is widely used to treat hypertension and edema. This agent is highly bound to albumin and is largely excreted unchanged in the urine.",NCI,T109,Organic Chemical
119,C0017327,Generalized atherosclerosis,SNOMEDCT_US,Atherosclerosis that is not localized.,NCI,T047,Disease or Syndrome
120,C0017628,Glyburide,SNOMEDCT_US,"A sulfonamide urea derivative with antihyperglycemic activity that can potentially be used to decrease cerebral edema. Upon administration, glyburide binds to and blocks the sulfonylurea receptor type 1 (SUR1) subunit of the ATP-sensitive inwardly-rectifying potassium (K(ATP)) channels on the membranes of pancreatic beta cells. This prevents the inward current flow of positively charged potassium (K+) ions into the cell, and induces a calcium ion (Ca2+) influx through voltage-sensitive calcium channels, which triggers exocytosis of insulin-containing granules. In addition, glyburide also inhibits the SUR1-regulated nonselective cation (NC) Ca-ATP channel, melastatin 4 (transient receptor potential cation channel subfamily M member 4; (TRPM4)), thereby preventing capillary failure and brain swelling. SUR1-TRPM4 channels are formed by co-assembly of SUR1 with TRPM4 in neurons, astrocytes, and capillary endothelium during cerebral ischemia. Upon ischemia-induced ATP depletion, channels open which results in sodium influx, cytotoxic edema formation, capillary fragmentation and necrotic cell death. SUR1-TRPM4 is not expressed in normal, uninjured tissues.",NCI,T109,Organic Chemical
121,C0017642,Glipizide,SNOMEDCT_US,"A short-acting, second-generation sulfonylurea with hypoglycemic activity. Glipizide is rapidly absorbed, has a very quick onset of action and a short half-life. This agent is extensively metabolized in the liver and the metabolites as well as the unchanged form are excreted in the urine.",NCI,T109,Organic Chemical
122,C0017687,Glucagon,SNOMEDCT_US,"A 29-amino acid pancreatic peptide derived from proglucagon which is also the precursor of intestinal GLUCAGON-LIKE PEPTIDES. Glucagon is secreted by PANCREATIC ALPHA CELLS and plays an important role in regulation of BLOOD GLUCOSE concentration, ketone metabolism, and several other biochemical and physiological processes. (From Gilman et al., Goodman and Gilman's The Pharmacological Basis of Therapeutics, 9th ed, p1511)",MSH,T116,"Amino Acid, Peptide, or Protein"
123,C0017725,Glucose,SNOMEDCT_US,"A simple sugar monosaccharide having two isoforms, alpha and beta, with a chemical structure of C6H12O6 that acts as an energy source for both plants and animals by reacting with oxygen, generating carbon dioxide and water, and releasing energy.",NCI,T109,Organic Chemical
124,C0017734,Dextrose Monohydrate,NCI,"The monohydrate form of D-glucose, a natural monosaccharide and carbohydrate. Dextrose serves to replenish lost nutrients and electrolytes. The agent provides metabolic energy and is the primary ingredient in oral rehydration salts (ORS) and is used in intravenous (IV) fluids to provide nutrients to patients under intensive care who are unable to receive them by the oral route. Solutions containing dextrose restore blood glucose levels, provide calories, may aid in minimizing liver glycogen depletion and exerts a protein-sparing action. Dextrose also plays a role in the production of proteins and in lipid metabolism.",NCI,T109,Organic Chemical
125,C0017741,Glucose Tolerance Test,MTH,"A test that involves administration of a know quantity of glucose as a means of screening for glucose intolerance or diabetes mellitus. Typically a baseline (fasting plasma or serum glucose) is drawn prior to the administration of the glucose bolus. Serial plasma glucose levels are obtained (e.g. 30min, 1hr, 2hr, 3hr) and a plot of plasma glucose versus time is created. Comparison of these values against standardized results can be used in establishing the diagnosis of glucose intolerance or diabetes mellitus.",NCI,T059,Laboratory Procedure
126,C0017746,Glucose level below reference range,SNOMEDCT_US,,,T033,Finding
127,C0017922,Glycogen storage disease type III,SNOMEDCT_US,"Glycogen storage disease type III (also known as GSDIII or Cori disease) is an inherited disorder caused by the buildup of a complex sugar called glycogen in the body's cells. The accumulated glycogen is structurally abnormal and impairs the function of certain organs and tissues, especially the liver and muscles.~GSDIII is divided into types IIIa, IIIb, IIIc, and IIId, which are distinguished by their pattern of signs and symptoms. GSD types IIIa and IIIc mainly affect the liver and muscles, and GSD types IIIb and IIId typically affect only the liver. It is very difficult to distinguish between the types of GSDIII that affect the same tissues. GSD types IIIa and IIIb are the most common forms of this condition.~Beginning in infancy, individuals with any type of GSDIII may have low blood glucose (hypoglycemia), excess amounts of fats in the blood (hyperlipidemia), and elevated blood levels of liver enzymes. As they get older, children with this condition typically develop an enlarged liver (hepatomegaly). Liver size usually returns to normal during adolescence, but some affected individuals develop chronic liver disease (cirrhosis) and liver failure later in life. People with GSDIII often have slow growth because of their liver problems, which can lead to short stature. In a small percentage of people with GSDIII, noncancerous (benign) tumors called adenomas may form in the liver.~Individuals with GSDIIIa may develop muscle weakness (myopathy) later in life. These muscle problems can affect both heart (cardiac) muscle and the muscles that are used for movement (skeletal muscles). Muscle involvement varies greatly among affected individuals. The first signs and symptoms are typically poor muscle tone (hypotonia) and mild myopathy in early childhood. The myopathy may become severe by early to mid-adulthood. Some people with GSDIIIa have a weakened heart muscle (cardiomyopathy), but affected individuals usually do not experience heart failure. Other people affected with GSDIIIa have no cardiac muscle problems.",MEDLINEPLUS,T047,Disease or Syndrome
128,C0017925,"Glycogen storage disease, type VI",SNOMEDCT_US,"Glycogen storage disease type VI (also known as GSDVI or Hers disease) is an inherited disorder caused by an inability to break down a complex sugar called glycogen in liver cells. A lack of glycogen breakdown interferes with the normal function of the liver.~The signs and symptoms of GSDVI typically begin in infancy to early childhood. The first sign is usually an enlarged liver (hepatomegaly). During prolonged periods without food (fasting), affected individuals may have low blood sugar (hypoglycemia) or elevated levels of ketones in the blood (ketosis). Ketones are molecules produced during the breakdown of fats, which occurs when stored sugars are unavailable. Children with GSDVI tend to grow slower than their peers, but they often achieve normal height as adults. Some affected children also have mild delays in the development of motor skills, such as sitting, standing, or walking.~The signs and symptoms of GSDVI tend to improve with age; most adults with this condition do not have any related health problems.",MEDLINEPLUS,T047,Disease or Syndrome
129,C0018312,Guanabenz,SNOMEDCT_US,An alpha-2 selective adrenergic agonist used as an antihypertensive agent.,MSH,T109,Organic Chemical
130,C0018318,Guanethidine,SNOMEDCT_US,An antihypertensive agent that acts by inhibiting selectively transmission in post-ganglionic adrenergic nerves. It is believed to act mainly by preventing the release of norepinephrine at nerve endings and causes depletion of norepinephrine in peripheral sympathetic nerve terminals as well as in tissues.,MSH,T109,Organic Chemical
131,C0018787,heart,CHV,A hollow organ located slightly to the left of the middle portion of the chest. It is composed of muscle and it is divided by a septum into two sides: the right side which receives de-oxygenated blood from the body and the left side which sends newly oxygenated blood to the body. Each side is composed of two chambers: the atrium (receiving blood) and ventricle (ejecting blood).,NCI,T023,"Body Part, Organ, or Organ Component"
132,C0019562,Von Hippel-Lindau syndrome,SNOMEDCT_US,"Von Hippel-Lindau syndrome is an inherited disorder characterized by the formation of tumors and fluid-filled sacs (cysts) in many different parts of the body. Tumors may be either noncancerous or cancerous and most frequently appear during young adulthood; however, the signs and symptoms of von Hippel-Lindau syndrome can occur throughout life.~Tumors called hemangioblastomas are characteristic of von Hippel-Lindau syndrome. These growths are made of newly formed blood vessels. Although they are typically noncancerous, they can cause serious or life-threatening complications. Hemangioblastomas that develop in the brain and spinal cord can cause headaches, vomiting, weakness, and a loss of muscle coordination (ataxia). Hemangioblastomas can also occur in the light-sensitive tissue that lines the back of the eye (the retina). These tumors, which are also called retinal angiomas, may cause vision loss.~People with von Hippel-Lindau syndrome commonly develop cysts in the kidneys, pancreas, and genital tract. They are also at an increased risk of developing a type of kidney cancer called clear cell renal cell carcinoma and a type of pancreatic cancer called a pancreatic neuroendocrine tumor.~Von Hippel-Lindau syndrome is associated with a type of tumor called a pheochromocytoma, which most commonly occurs in the adrenal glands (small hormone-producing glands located on top of each kidney). Pheochromocytomas are usually noncancerous. They may cause no symptoms, but in some cases they are associated with headaches, panic attacks, excess sweating, or dangerously high blood pressure that may not respond to medication. Pheochromocytomas are particularly dangerous in times of stress or trauma, such as when undergoing surgery or in an accident, or during pregnancy.~About 10 percent of people with von Hippel-Lindau syndrome develop endolymphatic sac tumors, which are noncancerous tumors in the inner ear. These growths can cause hearing loss in one or both ears, as well as ringing in the ears (tinnitus) and problems with balance. Without treatment, these tumors can cause sudden profound deafness.~Noncancerous tumors may also develop in the liver and lungs in people with von Hippel-Lindau syndrome. These tumors do not appear to cause any signs or symptoms.",MEDLINEPLUS,T047,Disease or Syndrome
133,C0020261,Hydrochlorothiazide,SNOMEDCT_US,A short acting thiazide diuretic. Hydrochlorothiazide (HCTZ) is widely used to treat hypertension and edema. This agent's metabolite appears to preferentially bind to and accumulate in red blood cells. This agent is primarily excreted by the kidneys.,NCI,T109,Organic Chemical
134,C0020264,Hydrocodone,SNOMEDCT_US,"A semisynthetic hydrogenated codeine derivative and opioid agonist with analgesic and antitussive effects. Hydrocodone primarily binds to and activates the mu-opioid receptor in the central nervous system (CNS). This leads to analgesia, euphoria, respiratory depression, miosis, decreased gastrointestinal motility, cough suppression and physical dependence. Hydrocodone is converted to hydromorphone by the cytochrome P450 enzyme CYP2D6.",NCI,T109,Organic Chemical
135,C0020273,Hydroflumethiazide,SNOMEDCT_US,An intermediate-acting benzothiadiazine sulfonamide derivative belonging to the class of the thiazide diuretics.,NCI,T109,Organic Chemical
136,C0020456,Hyperglycemia,MTH,"What is blood glucose? Blood glucose, or blood sugar, is the main sugar found in your blood. It is your body's primary source of energy. It comes from the food you eat. Your body breaks down most of that food into glucose and releases it into your bloodstream. When your blood glucose goes up, it signals your pancreas to release insulin. Insulin is a hormone that helps the glucose get into your cells to be used for energy. For people with diabetes, your body doesn't make enough insulin, can't use it as well as it should, or both. Too much glucose stays in your blood and doesn't reach your cells. What is hyperglycemia? Hyperglycemia means high blood glucose. It most often affects people who have diabetes. When you have diabetes, your body doesn't make enough insulin or can't use it the right way. Too much glucose stays in your blood and doesn't reach your cells.  What causes hyperglycemia? A key part of managing diabetes is controlling your blood glucose levels. To do this, you need to follow a diabetes meal plan and get regular physical activity. You might also need to take diabetes medicines. You have to balance all of these to keep your blood glucose at the right levels. But if you eat too much food or the wrong foods, don't take your medicines correctly, or don't get physical activity, you can get hyperglycemia. It can also happen if you are stressed or sick. Less commonly, people who don't have diabetes can also get hyperglycemia. It can be caused by conditions that can affect insulin or glucose levels in your blood. They include problems with your pancreas or adrenal glands, certain medicines, and severe illnesses. What are the symptoms of hyperglycemia? The symptoms of hyperglycemia include:  Feeling thirsty Feeling tired or weak Headaches Urinating (peeing) often Blurred vision  If you are diabetic and you often have high blood glucose levels or the symptoms of hyperglycemia, talk with your health care team. You may need a change in your diabetes meal plan, physical activity plan, or diabetes medicines. If you don't have diabetes and you are having these symptoms, see your provider to find out the cause and how to treat it. What other problems can hyperglycemia cause? If hyperglycemia is not treated, it can cause other problems. In people with diabetes, long-term hyperglycemia can lead to serious health problems (diabetes complications). If your blood glucose levels get very high, you can develop diabetes-related ketoacidosis (DKA). It happens when your body doesn't have enough insulin to allow blood glucose into your cells for use as energy. Instead, your liver breaks down fat for fuel. This process produces acids called ketones. When too many ketones are produced too fast, they can build up to dangerous levels in your body. This can be life-threatening. The symptoms of DKA may include:  Trouble breathing Nausea or vomiting Pain in your abdomen (belly) Confusion Feeling very tired or sleepy  If you have an an at-home test for ketones, check your ketone level every 4 to 6 hours when your blood glucose is very high or when you are having these symptoms. If the test shows that your ketones are moderate or high, or if you don't have a ketones test, contact your health care provider right away or get emergency medical help. How is hyperglycemia diagnosed? If you have diabetes, you'll most likely need to check your blood glucose every day and make sure that it's not too high. You can do this with a blood glucose meter or continuous glucose monitoring (CGM) system. There are also blood tests that providers can use to check if your blood glucose is too high. What are the treatments for hyperglycemia? If you have diabetes and often have high blood glucose, your health care team may make changes to your diabetes meal plan, physical activity plan, and/or diabetes medicines. If you have severe hyperglycemia and are having symptoms of DKA, you will need treatment at the hospital. The treatment often includes I.V. (intravenous) fluids and insulin. Can hyperglycemia be prevented? If you have diabetes, managing your diabetes can help prevent hyperglycemia. To manage your diabetes, it's important to:  Follow your diabetes meal plan Get regular physical activity If you need diabetes medicines, take them correctly Regularly check your blood glucose level Get regular checkups with your health care team",MEDLINEPLUS,T047,Disease or Syndrome
137,C0020457,Hyperglycemic Hyperosmolar Nonketotic Coma,MSH,A serious complication of TYPE 2 DIABETES MELLITUS. It is characterized by extreme HYPERGLYCEMIA; DEHYDRATION; serum hyperosmolarity; and depressed consciousness leading to COMA in the absence of KETOSIS and ACIDOSIS.,MSH,T047,Disease or Syndrome
138,C0020459,Hyperinsulinism,SNOMEDCT_US,"A syndrome with excessively high INSULIN levels in the BLOOD. It may cause HYPOGLYCEMIA. Etiology of hyperinsulinism varies, including hypersecretion of a beta cell tumor (INSULINOMA); autoantibodies against insulin (INSULIN ANTIBODIES); defective insulin receptor (INSULIN RESISTANCE); or overuse of exogenous insulin or HYPOGLYCEMIC AGENTS.",MSH,T047,Disease or Syndrome
139,C0020505,Hyperphagia,NCI,Excessive appetite.,NCI,T033,Finding
140,C0020517,Hypersensitivity,MTH,"An allergy is a reaction by your immune system to something that does not bother most other people. People who have allergies often are sensitive to more than one thing. Substances that often cause reactions are: Pollen Dust mites Mold spores Pet dander Food Insect stings Medicines  Normally, your immune system fights germs. It is your body's defense system. In most allergic reactions, however, it is responding to a false alarm. Genes and the environment probably both play a role. Allergies can cause a variety of symptoms such as a runny nose, sneezing, itching, rashes, swelling, or asthma. Allergies can range from minor to severe. Anaphylaxis is a severe reaction that can be life-threatening. Doctors use skin and blood tests to diagnose allergies. Treatments include medicines, allergy shots, and avoiding the substances that cause the reactions.",MEDLINEPLUS,T046,Pathologic Function
141,C0020538,Hypertensive disease,SNMI,"What is blood pressure? Blood pressure is the force of your blood pushing against the walls of your arteries. Each time your heart beats, it pumps blood into the arteries. Your blood pressure is highest when your heart beats, pumping the blood. This is called systolic pressure. When your heart is at rest, between beats, your blood pressure falls. This is called diastolic pressure. Your blood pressure reading uses these two numbers. Usually the systolic number comes before or above the diastolic number. For example, 120/80 means a systolic of 120 and a diastolic of 80. How is high blood pressure diagnosed? High blood pressure usually has no symptoms. So the only way to find out if you have it is to get regular blood pressure checks from your health care provider. Your provider will use a gauge, a stethoscope or electronic sensor, and a blood pressure cuff. They will take two or more readings at separate appointments before making a diagnosis.    Blood Pressure Category Systolic Blood Pressure  Diastolic Blood Pressure     Normal Less than 120 and Less than 80   Elevated 120 - 129 and Less than 80   High Blood Pressure Stage 1 130 - 139 or 80 - 89   High Blood Pressure Stage 2 140 or higher or 90 or higher   Hypertensive Crisis (dangerously high blood pressure - seek medical care right away) Higher than 180 and Higher than 120     For children and teens, the health care provider compares the blood pressure reading to what is normal for other kids who are the same age, height, and sex. What are the different types of high blood pressure? There are two main types of high blood pressure: primary and secondary high blood pressure.: Primary, or essential, high blood pressure is the most common type of high blood pressure. For most people who get this kind of blood pressure, it develops over time as you get older. Secondary high blood pressure is caused by another medical condition or use of certain medicines. It usually gets better after you treat that condition or stop taking the medicines that are causing it.  Why do I need to worry about high blood pressure? When your blood pressure stays high over time, it causes the heart to pump harder and work overtime, possibly leading to serious health problems such as heart attack, stroke, heart failure, and kidney failure. What are the treatments for high blood pressure? Treatments for high blood pressure include heart-healthy lifestyle changes and medicines. You will work with your provider to come up with a treatment plan. It may include only the lifestyle changes. These changes, such as heart-healthy eating and exercise, can be very effective. But sometimes the changes do not control or lower your high blood pressure. Then you may need to take medicine. There are different types of blood pressure medicines. Some people need to take more than one type. If your high blood pressure is caused by another medical condition or medicine, treating that condition or stopping the medicine may lower your blood pressure. NIH: National Heart, Lung, and Blood Institute",MEDLINEPLUS,T047,Disease or Syndrome
142,C0020539,Hypertension due to oral contraceptive,SNM,,,T184,Sign or Symptom
143,C0020540,Malignant hypertension,SNOMEDCT_US,Severe hypertension that is characterized by rapid onset of extremely high blood pressure.,NCI,T047,Disease or Syndrome
144,C0020541,Portal hypertension,SNOMEDCT_US,"Increased blood pressure in the portal venous system. It is most commonly caused by cirrhosis. Other causes include portal vein thrombosis, Budd-Chiari syndrome, and right heart failure. Complications include ascites, esophageal varices, encephalopathy, and splenomegaly.",NCI,T047,Disease or Syndrome
145,C0020542,Pulmonary hypertension,SNOMEDCT_US,"What is pulmonary hypertension?  Pulmonary hypertension, sometimes called PH, is a serious condition that affects the blood vessels in the lungs. It develops when the blood pressure in your lungs is higher than normal. Your heart pumps blood to your lungs so they can add oxygen to the blood. The blood goes back to your heart. From there, it travels to the rest of your body so that your tissues can get the oxygen that they need. The blood moves from your heart to your lungs through blood vessels called pulmonary arteries. If the pulmonary arteries become damaged, narrowed, or blocked, the blood does not flow through them as well. This can increase the blood pressure in the arteries and cause pulmonary hypertension. There are different types of pulmonary hypertension, including pulmonary arterial hypertension (PAH). The different types are based on what caused the disease. What causes pulmonary hypertension? Pulmonary hypertension can develop on its own or be caused by another condition. Sometimes the cause is unknown or is not clear. Some of the possible causes include:  Heart diseases, including left-sided heart failure and congenital heart disease Lung diseases such as COPD (chronic obstructive pulmonary disease), interstitial lung disease, emphysema, and sleep apnea Other medical conditions such as:  Liver diseases Sickle cell disease Pulmonary embolism (blood clots in the lungs) Connective tissue disorders like scleroderma    Who is more likely to develop pulmonary hypertension?  Certain factors can make you more likely to develop pulmonary hypertension, such as:  Your age. The risk increases as you get older. The condition is usually diagnosed between ages 30 and 60. Your environment. Being exposed to asbestos or having certain infections caused by parasites can raise your risk. Your family history and genetics. Certain genetic disorders, such as Down syndrome, congenital heart disease, and Gaucher disease, can raise your risk of pulmonary hypertension. So can a family history of blood clots. Your lifestyle habits. Smoking and illegal drug use can raise your risk of developing pulmonary hypertension. Certain medicines. For example, some medicines used to treat cancer and depression can make you more likely to develop pulmonary hypertension. Your sex. Pulmonary hypertension is more common in women than in men.  What are the symptoms of pulmonary hypertension? The symptoms of pulmonary hypertension are sometimes hard to recognize and are similar to the symptoms of other medical conditions. So sometimes it can take years for someone to get diagnosed with pulmonary hypertension. The symptoms of pulmonary hypertension may include:  Shortness of breath Chest pain or pressure Dizziness that may lead to fainting Fatigue Swelling of the abdomen, legs, or feet Heart palpitations (the feeling that your heart is pounding or beating too fast)  What other problems can pulmonary hypertension cause? Pulmonary hypertension can get worse over time and lead to serious problems, including:  Anemia, which can cause your body to not get enough oxygen-rich blood Arrhythmias, problems with the rate or rhythm of your heartbeat Blood clots in the pulmonary arteries Bleeding in the lungs Heart failure Liver damage Pericardial effusion, a collection of fluid around the heart Serious pregnancy complications  How is pulmonary hypertension diagnosed? To find out if you have pulmonary hypertension, your health care provider:  Will ask about your medical history and symptoms Will do a physical exam, which may include checking your blood oxygen, listening to your heart and lungs, and checking your blood pressure Will likely order some tests, such as:  Blood tests to look for blood clots, stress on the heart, or anemia Heart imaging tests, such as a cardiac MRI Lung imaging tests, such as chest x-ray An electrocardiogram (ECG or EKG)    What are the treatments for pulmonary hypertension? Often there is no cure for pulmonary hypertension, but treatments can help manage your symptoms. Your provider will work with you to come up with a treatment plan. It will be based on your needs and the cause of the pulmonary hypertension. The plan may include:  Healthy lifestyle changes, such as:  Healthy eating, which includes eating less salt Regular physical activity, which may be done through pulmonary rehabilitation   Medicines, such as:  Blood thinners Medicines to control the rate blood is pumped throughout the body Medicines to relax blood vessels and allow the blood to flow better Medicine to reduce swelling (diuretics)   Oxygen therapy Procedures to reduce pressure in the heart or pulmonary artery In some severe cases, a lung transplant  NIH: National Heart, Lung, and Blood Institute",MEDLINEPLUS,T047,Disease or Syndrome
146,C0020544,Renal hypertension,SNOMEDCT_US,Hypertension caused by narrowing or occlusion of the renal arteries.,NCI,T047,Disease or Syndrome
147,C0020545,Renovascular hypertension,SNOMEDCT_US,High blood pressure secondary to renal artery stenosis.,NCI,T047,Disease or Syndrome
148,C0020546,Hypertensive crisis,SNOMEDCT_US,"A severe, acute increase in blood pressure that may result in stroke or myocardial ischemia.",NCI,T046,Pathologic Function
149,C0020598,Hypocalcemia,MTH,Lower than normal levels of calcium in the circulating blood.,NCI,T047,Disease or Syndrome
150,C0020615,Hypoglycemia,MTH,"What is blood glucose? Blood glucose, or blood sugar, is the main sugar found in your blood. It is your body's primary source of energy. It comes from the food you eat. Your body breaks down most of that food into glucose and releases it into your bloodstream. When your blood glucose goes up, it signals your pancreas to release insulin. Insulin is a hormone that helps the glucose get into your cells to be used for energy. For people with diabetes, your body doesn't make enough insulin, can't use it as well as it should, or both. Too much glucose stays in your blood and doesn't reach your cells. What is hypoglycemia? Hypoglycemia means low glucose. It happens when the level of glucose in your blood drops below what is healthy for you:  For many people with diabetes, this means a blood glucose level lower than 70 mg/dL. Your number might be different, so check with your health care team to find out what blood glucose level is too low for you. For people who don't have diabetes, hypoglycemia is typically a blood glucose level lower than 55 mg/dL.  What causes hypoglycemia? Hypoglycemia is common in people who have diabetes type 1 or who have diabetes type 2 and take insulin or other diabetes medicines. It can happen:  As a side effect of insulin or some other medicines that help your pancreas release insulin into your blood. These medicines can lower your blood glucose level. If you don't eat or drink enough carbohydrates (carbs). Carbs are the main source of glucose for your body. If you get a lot more physical activity than usual. If you drink too much alcohol without enough food. When you are sick and can't eat enough food or keep food down.  Although it's rare, you can still get low blood glucose without having diabetes. The causes can include conditions such as liver disease, kidney disease, and hormone deficiencies (lack of certain hormones). It can also happen in people who have had certain types of weight loss surgery. Some medicines, such as certain heart medicines and antibiotics, can also cause it. See your health care provider to find out the cause of your low blood glucose and how to treat it. What are the symptoms of hypoglycemia? The symptoms of low blood glucose tend to come on quickly. The symptoms can be different for everyone, but they may include:  Shaking Sweating Nervousness or anxiety Irritability or confusion Dizziness Hunger  How is hypoglycemia diagnosed? If you have diabetes, you'll most likely need to check your blood glucose every day and make sure that it's not too low. You can do this with a blood glucose meter or continuous glucose monitoring (CGM) system. There are also blood tests that providers can use to check if your blood glucose is too low. If you don't have diabetes and you have hypoglycemia, your provider will likely order other tests to try to figure out the cause. What are the treatments for hypoglycemia? If you have mild or moderate hypoglycemia, eating or drinking something with carbohydrates can help. But severe hypoglycemia can cause serious complications, including passing out, coma, or even death. Severe hypoglycemia can be treated with glucagon, a hormone that raises blood glucose levels. It can be given as nasal spray or injection. If you have diabetes, your provider can prescribe you a glucagon kit for use in case of an emergency. If you have diabetes and you often have mild or moderate low blood glucose, your health care team may make changes to your diabetes meal plan, physical activity plan, and/or diabetes medicines. If you don't have diabetes and you keep having low blood glucose, the treatment will depend on what is causing it to happen. Can hypoglycemia be prevented? If you have diabetes and you take insulin or other medicines that lower blood glucose, you can help prevent hypoglycemia if you:  Follow your diabetes meal plan. Eat and drink enough carbs to keep your blood glucose in your target range. Also carry a source of fast-acting carbohydrate, such as glucose tablets or a juice box, with you in case your blood glucose gets too low. Be safe during physical activity. Check your blood glucose before and afterwards. You may need to eat a snack before your physical activity. If you take diabetes medicines, make sure to take them correctly.",MEDLINEPLUS,T047,Disease or Syndrome
151,C0020616,Hypoglycemic agents,LCH_NW,"What is diabetes? Diabetes is a disease in which your blood glucose, or blood sugar, levels are too high. Glucose comes from the foods you eat. The cells of your body need glucose for energy. A hormone called insulin helps the glucose get into your cells. With type 1 diabetes, your body does not make insulin. With type 2 diabetes,your body does not make or use insulin well. Without enough insulin, glucose can't get into your cells as quickly as usual. The glucose builds up in your blood and causes high blood sugar levels. What are the treatments for diabetes? Treatments for diabetes can depend on the type. Common treatments include a diabetic meal plan, regular physical activity, and medicines. Some less common treatments are weight loss surgery for either type and an artificial pancreas or pancreatic islet transplantation for some people with type 1 diabetes. Who needs diabetes medicines? People with type 1 diabetes need to take a diabetes medicine called insulin to control their blood sugar. Some people with type 2 diabetes can control their blood sugar with healthy food choices and physical activity. But for others, a diabetic meal plan and physical activity are not enough. They need to take diabetes medicines. The kind of medicine you take depends on your type of diabetes, daily schedule, medicine costs, and any other health conditions that you have. Over time, you may need to take more than one diabetes medicine. What are the types of medicines for type 1 diabetes? If you have type 1 diabetes, you must take insulin because your body no longer makes it. There are different types of insulin that start to work at different speeds, and the effects of each last a different length of time. Your health care provider will measure your blood glucose to decide on the type of insulin. You may need to use more than one type. You will also need to check your blood sugar at home. Your provider will tell you how often. The results of your blood sugar testing can help you make decisions about food, physical activity, and medicines. You can take insulin several different ways. The most common are with a needle and syringe, an insulin pen, or an insulin pump. If you use a needle and syringe or a pen, you have to take insulin several times during the day, including with meals. An insulin pump gives you small, steady doses throughout the day. Less common ways to take insulin include inhalers, injection ports, and jet injectors. In rare cases, taking insulin alone might not be enough to manage your blood sugar. Then you would need to take another diabetes medicine. What are the types of medicines for type 2 diabetes? There are several different medicines for type 2 diabetes. Each works in a different way. Many of them are pills. There are also medicines that you inject under your skin, such as insulin. Over time, you may need more than one diabetes medicine to manage your blood sugar. You might add another diabetes medicine or switch to a combination medicine. A combination medicine contains more than one type of diabetes medicine in the same pill. Some people with type 2 diabetes take both pills and injections. Even if you don't usually take insulin, you may need it at special times, such as during pregnancy or if you are in the hospital. What else should I know about taking medicines for diabetes? Even if you take medicines for diabetes, you still need to eat a healthy diet, stop smoking, take your other medicines, and get regular physical activity. These will help you manage your diabetes. It is important to make sure that you understand your diabetes treatment plan. Talk to your provider about:  What your target blood sugar level is What to do if your blood sugar gets too low or too high Whether your diabetes medicines will affect other medicines you take If you will have any side effects from the diabetes medicines  You should not change or stop your diabetes medicines on your own. Talk to your provider first. NIH: National Institute of Diabetes and Digestive and Kidney Diseases",MEDLINEPLUS,T121,Pharmacologic Substance
152,C0020617,Hypoglycemic coma,SNOMEDCT_US,A comatose state attributable to abnormally low serum glucose levels.,NCI,T047,Disease or Syndrome
153,C0020649,Hypotension,MTH,"You've probably heard that high blood pressure is a problem. Sometimes blood pressure that is too low can also cause problems. Blood pressure is the force of your blood pushing against the walls of your arteries. Each time your heart beats, it pumps out blood into the arteries. Your blood pressure is highest when your heart beats, pumping the blood. This is called systolic pressure. When your heart is at rest, between beats, your blood pressure falls. This is the diastolic pressure. Your blood pressure reading uses these two numbers. Usually they're written one above or before the other, such as 120/80. If your blood pressure reading is 90/60 or lower, you have low blood pressure.  Some people have low blood pressure all the time. They have no symptoms and their low readings are normal for them. In other people, blood pressure drops below normal because of a medical condition or certain medicines. Some people may have symptoms of low blood pressure when standing up too quickly. Low blood pressure is a problem only if it causes dizziness, fainting or in extreme cases, shock.  NIH: National Heart, Lung, and Blood Institute",MEDLINEPLUS,T033,Finding
154,C0020672,"Hypothermia, natural",MTH,Abnormally low body temperature.,NCI,T033,Finding
155,C0020740,Ibuprofen,SNOMEDCT_US,"A propionic acid derivate and nonsteroidal anti-inflammatory drug (NSAID) with anti-inflammatory, analgesic, and antipyretic effects. Ibuprofen inhibits the activity of cyclo-oxygenase I and II, resulting in a decreased formation of precursors of prostaglandins and thromboxanes. This leads to decreased prostaglandin synthesis, by prostaglandin synthase, the main physiologic effect of ibuprofen. Ibuprofen also causes a decrease in the formation of thromboxane A2 synthesis, by thromboxane synthase, thereby inhibiting platelet aggregation. (NCI05)",NCI,T109,Organic Chemical
156,C0020962,immune system,CHV,"The complex group of organs like thymus, spleen, tonsils, lymphatic system, hematopoetic system and cells like lymphocytes, granulocytes, monocytes and macrophages that defends the body against infection or disease. It consists of a complex interrelated cellular, molecular and genetic component.",NCI,T022,Body System
157,C0021053,Disease of immune system,SNMI,"What is the immune system? Your immune system is a complex network of cells, tissues, and organs. Together they help the body fight infections and other diseases. When germs such as bacteria or viruses invade your body, they attack and multiply. This is called an infection. The infection causes the disease that makes you sick. Your immune system protects you from the disease by fighting off the germs. What are the parts of the immune system? The immune system has many different parts, including: Your skin, which can help prevent germs from getting into the body Mucous membranes, which are the moist, inner linings of some organs and body cavities. They make mucus and other substances which can trap and fight germs. White blood cells, which fight germs Organs and tissues of the lymph system, such as the thymus, spleen, tonsils, lymph nodes, lymph vessels, and bone marrow. They produce, store, and carry white blood cells.  How does the immune system work? Your immune system defends your body against substances it sees as harmful or foreign. These substances are called antigens. They may be germs such as bacteria and viruses. They might be chemicals or toxins. They could also be cells that are damaged from things like cancer or sunburn. When your immune system recognizes an antigen, it attacks it. This is called an immune response. Part of this response is to make antibodies. Antibodies are proteins that work to attack, weaken, and destroy antigens. Your body also makes other cells to fight the antigen. Afterwards, your immune system remembers the antigen. If it sees the antigen again, it can recognize it. It will quickly send out the right antibodies, so in most cases, you don't get sick. This protection against a certain disease is called immunity. What are the types of immunity? There are three different types of immunity: Innate immunity is the protection that you are born with. It is your body's first line of defense. It includes barriers such as the skin and mucous membranes. They keep harmful substances from entering the body. It also includes some cells and chemicals which can attack foreign substances. Active immunity, also called adaptive immunity, develops when you are infected with or vaccinated against a foreign substance. Active immunity is usually long-lasting. For many diseases, it can last your entire life. Passive immunity happens when you receive antibodies to a disease instead of making them through your own immune system. For example, newborn babies have antibodies from their mothers. People can also get passive immunity through blood products that contain antibodies. This kind of immunity gives you protection right away. But it only lasts a few weeks or months.  What can go wrong with the immune system? Sometimes a person may have an immune response even though there is no real threat. This can lead to problems such as allergies, asthma, and autoimmune diseases. If you have an autoimmune disease, your immune system attacks healthy cells in your body by mistake. Other immune system problems happen when your immune system does not work correctly. These problems include immunodeficiency diseases. If you have an immunodeficiency disease, you get sick more often. Your infections may last longer and can be more serious and harder to treat. They are often genetic disorders. There are other diseases that can affect your immune system. For example, HIV is a virus that harms your immune system by destroying your white blood cells. If HIV is not treated, it can lead to AIDS (acquired immunodeficiency syndrome). People with AIDS have badly damaged immune systems. They get an increasing number of severe illnesses.",MEDLINEPLUS,T047,Disease or Syndrome
158,C0021186,Indapamide,SNOMEDCT_US,"An indole derivative of chlorosulphonamide and a sulfamyl diuretic with antihypertensive activity. Indapamide may interact directly with the subunits of delayed rectifier potassium channels, thereby blocking both slow and rapid K+ (IKs and IKr) currents through the channels. Through the homeostasis mechanism in balancing total ion concentration (Ca++, Na+), it reduces vascular hyperreactivity and peripheral and arterial vascular resistance, possibly by inhibiting transmembrane ionic influx, probably calcium ions, and stimulating prostaglandin E2 synthesis, thereby causing vasodilatation. Indapamide exerts its diuretic effect by inhibiting reabsorption of sodium and chloride, primarily as a result of action on the cortical diluting segment of the renal distal tubule, thereby promoting urinary excretion of water and electrolytes.",NCI,T109,Organic Chemical
159,C0021641,Insulin,SNOMEDCT_US,"A 51-amino acid pancreatic hormone that plays a major role in the regulation of glucose metabolism, directly by suppressing endogenous glucose production (GLYCOGENOLYSIS; GLUCONEOGENESIS) and indirectly by suppressing GLUCAGON secretion and LIPOLYSIS. Native insulin is a globular protein comprised of a zinc-coordinated hexamer. Each insulin monomer containing two chains, A (21 residues) and B (30 residues), linked by two disulfide bonds. Insulin is used as a drug to control insulin-dependent diabetes mellitus (DIABETES MELLITUS, TYPE 1).",MSH,T116,"Amino Acid, Peptide, or Protein"
160,C0021645,Insulin coma,SNOMEDCT_US,A hypoglycemia-induced comatose state resulting from a large dose of exogenous insulin.,NCI,T047,Disease or Syndrome
161,C0021655,Insulin resistance,SNOMEDCT_US,"Decreased sensitivity to circulating insulin which may result in acanthosis nigicrans, elevated insulin level or hyperglycemia.",NCI,T046,Pathologic Function
162,C0021830,Intestinal Disaccharidase Deficiency and Disaccharide Malabsorption,NCI,"A classification of inherited or acquired disorders of sugar metabolism. Deficiencies of lactase, maltase or sucrase-isomaltase usually occur irreversibly and independent of one another. Congenital deficiencies are rare whereas acquired deficiencies are more common and may be seen following intestinal mucosal brush-border injury. Clinical signs include abdominal cramping, bloating, flatulence and diarrhea following dietary intake of lactose, maltose or sucrose. The clinical course leads to malabsorption of disaccharides which has implications for normal growth and development if manifested at an early age.",NCI,T047,Disease or Syndrome
163,C0022131,Islet of Langerhans,NCI,"A specialized region of tissue located within the parenchyma of the pancreas that contains a mixed population of distinct endocrine cells, including beta, alpha, pancreatic polypeptide, delta, and epsilon cells, which respectively produce and secrete insulin, glucagon, pancreatic polypeptide, somatostatin, and ghrelin.",NCI,T023,"Body Part, Organ, or Organ Component"
164,C0022154,Isocarboxazid,SNOMEDCT_US,"A hydralazine and monoamine oxidase (MAO) inhibitor with antidepressant activity. Isocarboxazid blocks the breakdown (oxidative deamination) of biogenic amines by inhibiting MAO, thereby increasing the concentrations of norepinephrine and 5-hydroxytrytamine (5-HT) at central aminergic receptors. These neurotransmitters are involved in sustaining mood and emotions. The down-regulation of central beta-adrenergic and serotonergic receptors by chronic inhibition of MAO may also contribute to the antidepressant effects seen by isocarboxazid. (NCI05)",NCI,T109,Organic Chemical
165,C0022176,Isoetharine,SNOMEDCT_US,"A beta-adrenergic receptor agonist with bronchodilator activity. Isoetharine selectively binds to beta-2 adrenergic receptors in bronchial smooth muscle, thereby activating intracellular adenyl cyclase, an enzyme that catalyzes the conversion of adenosine triphosphate (ATP) to cyclic-3',5'-adenosine monophosphate (cAMP). Increased cAMP levels cause relaxation of bronchial smooth muscle, relieve bronchospasms, improve mucociliary clearance and reduce mediator substance release from inflammatory cells, especially from mast cells.",NCI,T109,Organic Chemical
166,C0022177,Isoetharine mesylate,SNOMEDCT_US,,,T109,Organic Chemical
167,C0022516,gum karaya,MEDCIN,"Polysaccharide gum from Sterculia urens (STERCULIA). It is used as a suspending or stabilizing agent in foods, cosmetics and pharmaceuticals; a bulk-forming laxative; a surgical lubricant and adhesive; and in the treatment of skin ulcers.",MSH,T109,Organic Chemical
168,C0022541,Kearns-Sayre syndrome,SNOMEDCT_US,"Kearns-Sayre syndrome is a condition that affects many parts of the body, especially the eyes. The features of Kearns-Sayre syndrome usually appear before age 20, and the condition is diagnosed by a few characteristic signs and symptoms. People with Kearns-Sayre syndrome have progressive external ophthalmoplegia, which is weakness or paralysis of the eye muscles that impairs eye movement and causes drooping eyelids (ptosis). Affected individuals also have an eye condition called pigmentary retinopathy, which results from breakdown (degeneration) of the light-sensing tissue at the back of the eye (the retina) that gives it a speckled and streaked appearance. The retinopathy may cause loss of vision. In addition, people with Kearns-Sayre syndrome have at least one of the following signs or symptoms: abnormalities of the electrical signals that control the heartbeat (cardiac conduction defects), problems with coordination and balance that cause unsteadiness while walking (ataxia), or abnormally high levels of protein in the fluid that surrounds and protects the brain and spinal cord (the cerebrospinal fluid or CSF).~People with Kearns-Sayre syndrome may also experience muscle weakness in their limbs, deafness, kidney problems, or a deterioration of cognitive functions (dementia). Affected individuals often have short stature. In addition, diabetes mellitus is occasionally seen in people with Kearns-Sayre syndrome.~When the muscle cells of affected individuals are stained and viewed under a microscope, these cells usually appear abnormal. The abnormal muscle cells contain an excess of structures called mitochondria and are known as ragged-red fibers.~A related condition called ophthalmoplegia-plus may be diagnosed if an individual has many of the signs and symptoms of Kearns-Sayre syndrome but not all the criteria are met.",MEDLINEPLUS,T047,Disease or Syndrome
169,C0022614,Ketamine,SNOMEDCT_US,"A cyclohexanone derivative with analgesic and anesthetic properties. Although its mechanism of action is not well understood, ketamine appears exerts complex pharmacological actions including inhibition of biogenic amine uptake, binding to opioid receptors, and inhibition of N-methyl D-aspartate (NMDA) receptors. Because of the involvement of spinal NMDA receptors in the process of central sensitization, this agent may reduce pain perception and induce sedation.",NCI,T109,Organic Chemical
170,C0022646,kidney,CHV,"One of the two bean-shaped organs located on each side of the spine in the retroperitoneum. The right kidney is located below the liver and the left kidney below the diaphragm. The kidneys filter and secrete metabolic products and minerals from the blood, thus maintaining homeostasis. On the superior pole of each kidney there is an adrenal gland. Each kidney and adrenal gland is surrounded by fat.",NCI,T023,"Body Part, Organ, or Organ Component"
171,C0022860,Labetalol,SNOMEDCT_US,"A third generation selective alpha-1-adrenergic antagonist and non-selective beta-adrenergic antagonist with vasodilatory and antihypertensive properties. Labetalol competitively binds to alpha-1-adrenergic receptors in vascular smooth muscle, thereby inhibiting the adrenergic stimulation of endothelial cell function and vasoconstriction in peripheral blood vessels. This agent also binds to beta-receptors in the bronchial and vascular smooth muscle, resulting in a decrease in adrenergic stimulation. The result is a decrease in resting and exercise heart rates, cardiac output, and in both systolic and diastolic blood pressure, thereby resulting in vasodilation, and negative chronotropic and inotropic cardiac effects.",NCI,T109,Organic Chemical
172,C0023566,Levonorgestrel,SNOMEDCT_US,"The levorotatory form of norgestrel and synthetic progestogen with progestational and androgenic activity. Levonorgestrel binds to the progesterone receptor in the nucleus of target cells, thereby stimulating the resulting hormone-receptor complex, initiating transcription, and increasing the synthesis of certain proteins. This results in a suppression of luteinizing hormone (LH) activity and an inhibition of ovulation, as well as an alteration in the cervical mucus and endometrium.",NCI,T109,Organic Chemical
173,C0023586,Levorphanol,SNOMEDCT_US,"A synthetic derivative of morphine with analgesic activities. Levorphanol mimics the actions of morphine, however, it is about 8 times more potent than morphine. This agent binds to opioid mu receptors, thereby producing analgesia, euphoria, sedation, respiratory depression, miosis, bradycardia, and physical dependence.",NCI,T109,Organic Chemical
174,C0024109,lung,CHV,"One of a pair of viscera occupying the pulmonary cavities of the thorax, the organs of respiration in which aeration of the blood takes place. As a rule, the right lung is slightly larger than the left and is divided into three lobes (an upper, a middle, and a lower or basal), while the left has two lobes (an upper and a lower or basal). Each lung is irregularly conical in shape, presenting a blunt upper extremity (the apex), a concave base following the curve of the diaphragm, an outer convex surface (costal surface), an inner or mediastinal surface (mediastinal surface), a thin and sharp anterior border, and a thick and rounded posterior border.",NCI,T023,"Body Part, Organ, or Organ Component"
175,C0024115,Disease of lung,SNMI,"When you breathe, your lungs take in oxygen from the air and deliver it to the bloodstream. The cells in your body need oxygen to work and grow. During a normal day, you breathe nearly 25,000 times. People with lung disease have difficulty breathing. Millions of people in the U.S. have lung disease. If all types of lung disease are lumped together, it is the number three killer in the United States. The term lung disease refers to many disorders affecting the lungs, such as asthma, COPD, infections like influenza, pneumonia and tuberculosis, lung cancer, and many other breathing problems. Some lung diseases can lead to respiratory failure. Dept. of Health and Human Services Office on Women's Health",MEDLINEPLUS,T047,Disease or Syndrome
176,C0024117,Chronic Obstructive Airway Disease,MTH,"What is COPD (chronic obstructive pulmonary disease)? COPD (chronic obstructive pulmonary disease) is a group of lung diseases that make it hard to breathe and get worse over time. Normally, the airways and air sacs in your lungs are elastic or stretchy. When you breathe in, the airways bring air to the air sacs. The air sacs fill up with air, like a small balloon. When you breathe out, the air sacs deflate, and the air goes out. If you have COPD, less air flows in and out of your airways because of one or more problems: The airways and air sacs in your lungs become less elastic The walls between many of the air sacs are destroyed The walls of the airways become thick and inflamed The airways make more mucus than usual and can become clogged  What are the types of COPD (chronic obstructive pulmonary disease)? COPD includes two main types: Emphysema affects the air sacs in your lungs, as well as the walls between them. They become damaged and are less elastic. Chronic bronchitis, in which the lining of your airways is constantly irritated and inflamed. This causes the lining to swell and make mucus.  Most people with COPD have both emphysema and chronic bronchitis, but how severe each type is can be different from person to person. What causes COPD (chronic obstructive pulmonary disease)? The cause of COPD is usually long-term exposure to irritants that damage your lungs and airways. In the United States, cigarette smoke is the main cause. Pipe, cigar, and other types of tobacco smoke can also cause COPD, especially if you inhale them. Exposure to other inhaled irritants can contribute to COPD. These include secondhand smoke, air pollution, and chemical fumes or dusts from the environment or workplace. Rarely, a genetic condition called alpha-1 antitrypsin deficiency can play a role in causing COPD. Who is at risk for COPD (chronic obstructive pulmonary disease)? The risk factors for COPD include: Smoking. This is the main risk factor. Up to 75% of people who have COPD smoke or used to smoke. Long-term exposure to other lung irritants, such as secondhand smoke, air pollution, and chemical fumes and dusts from the environment or workplace Age. Most people who have COPD are at least 40 years old when their symptoms begin. Genetics. This includes alpha-1 antitrypsin deficiency, which is a genetic condition. Also, smokers who get COPD are more likely to get it if they have a family history of COPD. Asthma. People who have asthma have more risk of developing COPD than people who don't have asthma. But most people with asthma will not get COPD.  What are the symptoms of COPD (chronic obstructive pulmonary disease)? At first, you may have no symptoms or only mild symptoms. As the disease gets worse, your symptoms usually become more severe. They can include: Frequent coughing or a cough that produces a lot of mucus Wheezing A whistling or squeaky sound when you breathe Shortness of breath, especially with physical activity Tightness in your chest  Some people with COPD get frequent respiratory infections such as colds and the flu. In severe cases, COPD can cause weight loss, weakness in your lower muscles, and swelling in your ankles, feet, or legs. How is COPD (chronic obstructive pulmonary disease) diagnosed? Your health care provider may use many tools to make a diagnosis: A medical history, which includes asking about your symptoms A family history Various tests, such as lung function tests, a chest x-ray or CT scan, and blood tests  Your doctor will diagnose COPD based on your signs and symptoms, your medical and family histories, and test results. What are the treatments for COPD (chronic obstructive pulmonary disease)? There is no cure for COPD. However, treatments can help with symptoms, slow the progress of the disease, and improve your ability to stay active. There are also treatments to prevent or treat complications of the disease. Treatments include: Lifestyle changes, such as  Quitting smoking if you are a smoker. This is the most important step you can take to treat COPD. Avoiding secondhand smoke and places where you might breathe in other lung irritants Ask your health care provider for an eating plan that will meet your nutritional needs. Also ask about how much physical activity you can do. Physical activity can strengthen the muscles that help you breathe and improve your overall wellness.   Medicines, such as  Bronchodilators, which relax the muscles around your airways. This helps open your airways and makes breathing easier. Most bronchodilators are taken through an inhaler. In more severe cases, the inhaler may also contain steroids to reduce inflammation. Vaccines for the flu and pneumococcal pneumonia, since people with COPD are at higher risk for serious problems from these diseases Antibiotics if you get a bacterial lung infection   Oxygen therapy, if you have severe COPD and low levels of oxygen in your blood. Oxygen therapy can help you breathe better. You may need extra oxygen all the time or only at certain times. Pulmonary rehabilitation, which is a program that helps improve the well-being of people who have chronic breathing problems. It may include  An exercise program Disease management training Nutritional counseling Psychological counseling   Surgery, usually as a last resort for people who have severe symptoms that have not gotten better with medicines:  For COPD that is mainly related to emphysema, there are surgeries that:  Remove damaged lung tissue Remove large air spaces (bullae) that can form when air sacs are destroyed. The bullae can interfere with breathing.   For severe COPD, some people may need lung transplant    If you have COPD, it's important to know when and where to get help for your symptoms. You should get emergency care if you have severe symptoms, such as trouble catching your breath or talking. Call your health care provider if your symptoms are getting worse or if you have signs of an infection, such as a fever. Can COPD (chronic obstructive pulmonary disease) be prevented? Since smoking causes most cases of COPD, the best way to prevent it is to not smoke. It's also important to try to avoid lung irritants such as secondhand smoke, air pollution, chemical fumes, and dusts. NIH: National Heart, Lung, and Blood Institute",MEDLINEPLUS,T047,Disease or Syndrome
177,C0024588,Malignant essential hypertension,SNOMEDCT_US,"Essential hypertension with rapid progression to severe high blood pressure, papilledema, and renal failure.",NCI,T047,Disease or Syndrome
178,C0025376,Meperidine,SNOMEDCT_US,"A synthetic piperidine ester with opioid analgesic activity. Meperidine mimics the actions of endogenous neuropeptides via opioid receptors, thereby producing the characteristic morphine-like effects on the mu-opioid receptor, including analgesia, euphoria, sedation, respiratory depression, miosis, bradycardia and physical dependence.",NCI,T109,Organic Chemical
179,C0025506,Mestranol,SNOMEDCT_US,"A semisynthetic estrogen. Metabolized by the liver to ethynyl estradiol, mestranol serves as the estrogen component in several combination oral contraceptives. (NCI04)",NCI,T109,Organic Chemical
180,C0025517,Metabolic disease,SNOMEDCT_US,"Metabolism is the process your body uses to get or make energy from the food you eat. Food is made up of proteins, carbohydrates, and fats. Chemicals in your digestive system break the food parts down into sugars and acids, your body's fuel. Your body can use this fuel right away, or it can store the energy in your body tissues, such as your liver, muscles, and body fat. A metabolic disorder occurs when abnormal chemical reactions in your body disrupt this process. When this happens, you might have too much of some substances or too little of other ones that you need to stay healthy. There are different groups of disorders. Some affect the breakdown of amino acids, carbohydrates, or lipids. Another group, mitochondrial diseases, affects the parts of the cells that produce the energy. You can develop a metabolic disorder when some organs, such as your liver or pancreas, become diseased or do not function normally. Diabetes is an example.",MEDLINEPLUS,T047,Disease or Syndrome
181,C0025573,Metaproterenol sulfate,SNOMEDCT_US,"The sulfate salt form of metaproterenol, a short-acting and selective sympathomimetic beta-receptor agonist with bronchodilator activity. Metaproterenol sulfate binds beta-2 adrenergic receptors in bronchial smooth muscle and stimulates intracellular adenyl cyclase, thereby increasing the production of cyclic adenosine monophosphate (cAMP). Increased cAMP levels cause relaxation of bronchial smooth muscle, improve mucocliary clearance and reduce inflammatory cell mediator release, especially from mast cells.",NCI,T109,Organic Chemical
182,C0025598,Metformin,SNOMEDCT_US,"An agent belonging to the biguanide class of antidiabetics with antihyperglycemic activity. Metformin is associated with a very low incidence of lactic acidosis. This agent helps reduce LDL cholesterol and triglyceride levels, and is not associated with weight gain, and prevents the cardiovascular complications of diabetes. Metformin is not metabolized and is excreted unchanged by the kidneys.",NCI,T109,Organic Chemical
183,C0025605,Methadone,SNOMEDCT_US,"A synthetic opioid with analgesic activity. Methadone mimics the actions of endogenous peptides at CNS opioid receptors, primarily on the mu-receptor and has actions similar to those of morphine and morphine-like agents. The characteristic morphine-like effects include analgesia, euphoria, sedation, respiratory depression, miosis, bradycardia and physical dependence. However, the detoxification symptoms between morphine-like agents and methadone differ in that the onset of methadone's withdrawal symptoms is slower, the course is more prolonged and the symptoms are less severe.",NCI,T109,Organic Chemical
184,C0025611,Methamphetamine,SNOMEDCT_US,"Methamphetamine - meth for short - is a very addictive stimulant drug. It is a powder that can be made into a pill or a shiny rock (called a crystal). The powder can be eaten or snorted up the nose. It can also be mixed with liquid and injected into your body with a needle. Crystal meth is smoked in a small glass pipe. Meth at first causes a rush of good feelings, but then users feel edgy, overly excited, angry, or afraid. Meth use can quickly lead to addiction. It causes medical problems including: Making your body temperature so high that you pass out Severe itching ""Meth mouth"" - broken teeth and dry mouth Thinking and emotional problems  NIH: National Institute on Drug Abuse",MEDLINEPLUS,T109,Organic Chemical
185,C0025696,Methyclothiazide,SNOMEDCT_US,A benzothiadiazine-sulfonamide derivative belonging to the class of the thiazide diuretics.,NCI,T109,Organic Chemical
186,C0025741,Methyldopa,SNOMEDCT_US,"A phenylalanine derivative and an aromatic amino acid decarboxylase inhibitor with antihypertensive activity. Methyldopa is a prodrug and is metabolized in the central nervous system. The antihypertensive action of methyldopa seems to be attributable to its conversion into alpha-methylnorepinephrine, which is a potent alpha-2 adrenergic agonist that binds to and stimulates potent central inhibitory alpha-2 adrenergic receptors. This results in a decrease in sympathetic outflow and decreased blood pressure.",NCI,T116,"Amino Acid, Peptide, or Protein"
187,C0025760,Methylergonovine,SNOMEDCT_US,"A homolog of ERGONOVINE containing one more CH2 group. (Merck Index, 11th ed)",MSH,T109,Organic Chemical
188,C0025815,Methylprednisolone,SNOMEDCT_US,"A synthetic corticosteroid with anti-inflammatory and immunomodulating properties. Methylprednisolone binds to and activates specific nuclear receptors, resulting in altered gene expression and inhibition of proinflammatory cytokine production. This agent also decreases the number of circulating lymphocytes, induces cell differentiation, and stimulates apoptosis in sensitive tumor cell populations.",NCI,T109,Organic Chemical
189,C0025842,Methysergide,SNOMEDCT_US,"An ergot derivative that is a congener of LYSERGIC ACID DIETHYLAMIDE. It antagonizes the effects of serotonin in blood vessels and gastrointestinal smooth muscle, but has few of the properties of other ergot alkaloids. Methysergide is used prophylactically in migraine and other vascular headaches and to antagonize serotonin in the carcinoid syndrome.",MSH,T109,Organic Chemical
190,C0025854,Metolazone,SNOMEDCT_US,"A long acting, quinazoline-based sulfonamide thiazide-like, diuretic. Similar to the thiazides, metolazone acts on the distal convoluted tubule (DCT) and inhibits the sodium-chloride symporter, thereby preventing sodium and chloride reabsorption and excretion of water.",NCI,T109,Organic Chemical
191,C0025859,Metoprolol,SNOMEDCT_US,"A cardioselective competitive beta-1 adrenergic receptor antagonist with antihypertensive properties and devoid of intrinsic sympathomimetic activity. Metoprolol antagonizes beta 1-adrenergic receptors in the myocardium, thereby reducing the rate and force of myocardial contraction leading to a reduction in cardiac output. This agent may also reduce the secretion of renin with subsequent reduction in levels of angiotensin II thereby preventing vasoconstriction and aldosterone secretion.",NCI,T109,Organic Chemical
192,C0026289,Sotalol hydrochloride,SNOMEDCT_US,"The hydrochloride salt form of sotalol, an ethanolamine derivative with Class III antiarrhythmic and antihypertensive properties. Sotalol hydrochloride is a nonselective beta-adrenergic receptor and potassium channel antagonist. In the heart, this agent inhibits chronotropic and inotropic effects thereby slowing the heart rate and decreasing myocardial contractility. This agent also reduces sinus rate, slows conduction in the atria and in the atrioventricular (AV) node and increases the functional refractory period of the AV node. In the lungs, sotalol inhibits vasodilation and bronchodilation. In addition, this agent inhibits renin release.",NCI,T109,Organic Chemical
193,C0026426,Blood pressure monitoring,SNOMEDCT_US,Managing and/or monitoring a patient's blood pressure.,ALT,T058,Health Care Activity
194,C0026549,Morphine,SNOMEDCT_US,"An opiate alkaloid isolated from the plant Papaver somniferum and produced synthetically. Morphine binds to and activates specific opiate receptors (delta, mu and kappa), each of which are involved in controlling different brain functions. In the central nervous and gastrointestinal systems, this agent exhibits widespread effects including analgesia, anxiolysis, euphoria, sedation, respiratory depression, and gastrointestinal system smooth muscle contraction. (NCI04)",NCI,T109,Organic Chemical
195,C0026705,Mucopolysaccharidosis II,MDR,"Mucopolysaccharidosis type II (MPS II), also known as Hunter syndrome, is a condition that affects many different parts of the body. The condition occurs almost exclusively in boys, although it has been reported in a few girls. It is a progressively debilitating disorder; however, the rate of progression varies among affected individuals.~At birth, individuals with MPS II do not display any features of the condition. Between ages 2 and 4, they develop full lips; large, rounded cheeks; a broad nose; and an enlarged tongue (macroglossia). The vocal cords also enlarge, which results in a deep, hoarse voice. Narrowing of the airway causes frequent upper respiratory infections and short pauses in breathing during sleep (sleep apnea). As the disorder progresses, individuals need medical assistance to keep their airway open.~Many other organs and tissues are affected in people with MPS II. Individuals with this disorder often have a large head (macrocephaly), a buildup of fluid in the brain (hydrocephalus), a short neck, an enlarged liver and spleen (hepatosplenomegaly), and a soft out-pouching around the belly-button (umbilical hernia) or lower abdomen (inguinal hernia). People with MPS II usually have thick skin that is not very stretchy. Some affected individuals also have distinctive white skin growths that look like pebbles. Most people with this disorder develop hearing loss. Some individuals with MPS II develop problems with the light-sensitive tissue in the back of the eye (retina) and have reduced vision. Carpal tunnel syndrome commonly occurs in children with this disorder and is characterized by numbness, tingling, and weakness in the hand and fingers. Narrowing of the spinal canal (spinal stenosis) in the neck can compress and damage the spinal cord. The heart is also significantly affected by MPS II, and many individuals develop heart valve problems. Heart valve abnormalities can cause the heart to become enlarged (ventricular hypertrophy) and can eventually lead to abnormalities in the heart's rhythm (arrhythmia) and heart failure.~Children with MPS II grow steadily until about age 5, and then their growth slows and they develop short stature. Individuals with this condition have joint deformities (contractures) that significantly affect mobility. Most people with MPS II also have dysostosis multiplex, which refers to multiple skeletal abnormalities that can be seen on x-rays. Dysostosis multiplex includes a generalized thickening of certain bones, particularly the ribs.~There are two types of MPS II: the neuropathic form, which is more severe, and the non-neuropathic form, which is less severe. While both types affect many different organs and tissues as described above, people with neuropathic MPS II also experience a decline in intellectual function and a more rapid disease progression. Individuals with this form begin to lose basic functional skills (developmentally regress) between the ages of 6 and 8. Their life expectancy is 10 to 20 years. Individuals with non-neuropathic MPS II also have a shortened lifespan, but they typically live into adulthood, and their intelligence is not affected. Heart disease and airway obstruction are major causes of death in people with both types of MPS II.",MEDLINEPLUS,T047,Disease or Syndrome
196,C0027302,Nadolol,SNOMEDCT_US,"A non-selective beta-adrenergic antagonist with antihypertensive and antiarrhythmic activities. Nadolol competitively blocks beta-1 adrenergic receptors located in the heart and vascular smooth muscle, inhibiting the activities of the catecholamines epinephrine and norepinephrine and producing negative inotropic and chronotropic effects. This agent exhibits antiarrhythmic activity via the impairment of atrioventricular (AV) node conduction and a corresponding reduction in sinus rate. In the kidney, inhibition of the beta-2 receptor within the juxtaglomerular apparatus results in the inhibition of renin production and a subsequent reduction in angiotensin II and aldosterone levels, thus inhibiting angiotensin II-dependent vasoconstriction and aldosterone-dependent water retention.",NCI,T109,Organic Chemical
197,C0027348,Nalbuphine,SNOMEDCT_US,"A synthetic mixed opioid agonist-antagonist with analgesic properties. Although its exact mechanism has not been fully delineated, it is hypothesized that upon administration, nalbuphine binds to kappa receptors in the central nervous system (CNS), thereby inhibiting the release of neurotransmitters that mediate pain, such as substance P. Additionally, nalbuphine exerts post-synaptic inhibitory effects on interneurons and output neurons of the spinothalamic tract, responsible for transporting nociceptive information. Compared to other opioid agents that stimulate mu receptors, nalbuphine antagonizes mu receptors, thereby potentially producing less intense respiratory depression.",NCI,T109,Organic Chemical
198,C0027719,Nephrosclerosis,SNOMEDCT_US,"Hardening of the KIDNEY due to infiltration by fibrous connective tissue (FIBROSIS), usually caused by renovascular diseases or chronic HYPERTENSION. Nephrosclerosis leads to renal ISCHEMIA.",MSH,T047,Disease or Syndrome
199,C0028005,Nicardipine,SNOMEDCT_US,"A synthetic derivative of nitrophenyl-pyridine and potent calcium channel blocker, Nicardipine (Nifedipine Family) blocks calcium ions from certain cell walls and inhibits contraction of coronary and peripheral arteries, resulting in lowered oxygen requirements for heart muscle and decreased arterial contraction and spasm. It is used clinically as a cerebral and coronary vasodilator.",NCI,T109,Organic Chemical
200,C0028066,Nifedipine,SNOMEDCT_US,"A dihydropyridine calcium channel blocking agent. Nifedipine inhibits the transmembrane influx of extracellular calcium ions into myocardial and vascular smooth muscle cells, causing dilatation of the main coronary and systemic arteries and decreasing myocardial contractility. This agent also inhibits the drug efflux pump P-glycoprotein which is overexpressed in some multi-drug resistant tumors and may improve the efficacy of some antineoplastic agents. (NCI04)",NCI,T109,Organic Chemical
201,C0028116,Nisoldipine,SNOMEDCT_US,"A dihydropyridine calcium channel blocking agent. Nisoldipine inhibits the transmembrane influx of extracellular calcium ions into myocardial and vascular smooth muscle cells, causing dilatation of the main coronary and systemic arteries and decreasing myocardial contractility. This agent also inhibits the drug efflux pump P-glycoprotein which is overexpressed in some multi-drug resistant tumors and may improve the efficacy of some antineoplastic agents. (NCI04)",NCI,T109,Organic Chemical
202,C0028127,Nitrendipine,SNOMEDCT_US,"A calcium channel blocker with marked vasodilator action. It is an effective antihypertensive agent and differs from other calcium channel blockers in that it does not reduce glomerular filtration rate and is mildly natriuretic, rather than sodium retentive.",MSH,T109,Organic Chemical
203,C0028368,Norgestrel,SNOMEDCT_US,"A synthetic progestin commonly used alone or in combination with an estrogen for contraception. Norgestrel suppresses the secretion of luteinizing and follicle-stimulating hormones (LH and FSH), thickens cervical mucus, and slows the transit of ova through the fallopian tubes. This agent also exhibits antiproliferative activity in endometrial tissue and may exhibit chemopreventive and antineoplastic activities in endometrial carcinoma. (NCI04)",NCI,T109,Organic Chemical
204,C0028715,nutritional and metabolic diseases,CHV,"A collective term for nutritional disorders resulting from poor absorption or nutritional imbalance, and metabolic disorders resulting from defects in biosynthesis (ANABOLISM) or breakdown (CATABOLISM) of endogenous substances.",MSH,T047,Disease or Syndrome
205,C0028840,Ocular hypertension,SNOMEDCT_US,Abnormally high intraocular pressure.,NCI,T047,Disease or Syndrome
206,C0029193,Metaproterenol,SNOMEDCT_US,A beta-2 adrenergic agonist used in the treatment of ASTHMA and BRONCHIAL SPASM.,MSH,T109,Organic Chemical
207,C0029822,Other Specified Peripheral Vascular Diseases,NCI,Evidence of other specified peripheral vascular diseases not specified elsewhere.,NCI,T047,Disease or Syndrome
208,C0030040,Oxprenolol,SNOMEDCT_US,"A lipophilic, nonselective beta-adrenergic receptor antagonist with anti-arrhythmic, anti-anginal and antihypertensive activities. Oxprenolol competitively binds to and blocks beta-1 adrenergic receptors in the heart, thereby decreasing cardiac contractility and rate. This leads to a reduction in cardiac output and lowers blood pressure. In addition, oxprenolol prevents the release of renin, a hormone secreted by the kidneys that causes constriction of blood vessels.",NCI,T109,Organic Chemical
209,C0030049,Oxycodone,SNOMEDCT_US,"A semi-synthetic, morphine-like opioid alkaloid with analgesic activity. Oxycodone exerts its analgesic activity by binding to the mu-receptors in the central nervous system (CNS), thereby mimicking the effects of endogenous opioids. Binding of the opiate receptor stimulates the exchange of GTP for GDP on the G-protein complex and inhibits adenylate cyclase, thereby preventing cAMP production. Subsequently, the release of nociceptive neurotransmitters, such as substance P, gamma-aminobutyric acid (GABA), dopamine, acetylcholine, and noradrenaline, is inhibited. Oxycodone also inhibits the release of vasopressin, somatostatin, insulin, and glucagon. In addition, oxycodone closes N-type voltage-gated calcium channels and opens G-protein-coupled inwardly rectifying potassium channels resulting in hyperpolarization and reduction of neuronal excitability.",NCI,T109,Organic Chemical
210,C0030073,Oxymorphone,SNOMEDCT_US,"A semisynthetic narcotic analgesic related to hydromorphone and other opiates, Oxymorphone, hydroxy-dihydromorphinone, affects the central nervous system and smooth muscles by activation of specific opiate receptors. Similar to morphine, but more potent and without cough suppressant activity, it is used in treatment of moderate to severe pain, including obstetrical pain, or as an adjunct to anaesthesia. (NCI04)",NCI,T109,Organic Chemical
211,C0030274,pancreas,CHV,"An organ behind the lower part of the stomach that is the shape of a fish and about the size of a hand. It is a compound gland composed of both exocrine and endocrine tissues. The endocrine pancreas makes insulin so that the body can use glucose (sugar) for energy. The exocrine pancreas makes enzymes that help the body digest food. Spread all over the pancreas are areas called the Islets of Langerhans. The cells in these areas each have a special purpose. The alpha cells make glucagon, which raises the level of glucose in the blood; the beta cells make insulin; the delta cells make somatostatin. There are also PP cells and D1 cells, about which little is known.",NCI,T023,"Body Part, Organ, or Organ Component"
212,C0030275,Transplantation of pancreas,SNOMEDCT_US,"The pancreas is a gland behind your stomach and in front of your spine. It produces the juices that help break down food and the hormones that help control blood sugar levels. A pancreas transplant is surgery to place a healthy pancreas from a donor into a person with a diseased pancreas. It is mostly done for people with severe type 1 diabetes. It can allow them to give up insulin shots. An experimental procedure called islet cell transplantation transplants only the parts of the pancreas that make insulin. People who have transplants must take drugs to keep their body from rejecting the new pancreas for the rest of their lives. They must also have regular follow-up care. Because of the risks, it is not a common treatment for type 1 diabetes.",MEDLINEPLUS,T061,Therapeutic or Preventive Procedure
213,C0030812,Penbutolol,SNOMEDCT_US,"A lipophilic, nonselective beta-adrenergic receptor antagonist with anti-anginal and antihypertensive activities. Penbutolol competitively binds to and blocks beta-1 adrenergic receptors in the heart, thereby decreasing cardiac contractility and rate. This leads to a reduction in cardiac output and lowers blood pressure. In addition, penbutolol prevents the release of renin, a hormone secreted by the kidneys that causes constriction of blood vessels.",NCI,T109,Organic Chemical
214,C0031392,Phenelzine,SNOMEDCT_US,One of the MONOAMINE OXIDASE INHIBITORS used to treat DEPRESSION; PHOBIC DISORDERS; and PANIC.,MSH,T109,Organic Chemical
215,C0031393,Phenelzine sulfate,SNOMEDCT_US,"A hydrazine derivative and a potent non-selective monoamine oxidase (MAO) inhibitor with anxiolytic and antidepressant properties. Phenelzine sulfate irreversibly binds to MAO, thereby blocking the oxidative deamination of monoamines resulting in an increased concentration of biogenic amines and a concurrent decrease in catabolism of monoamine neurotransmitters, norepinephrine and serotonin, in the brain. In addition, through its primary metabolite phenylethylidenehyrazine (PEH), phenelzine causes elevated GABA levels in the caudate-putamen and nucleus accumbens thereby exerting its anxiolytic effects.",NCI,T109,Organic Chemical
216,C0031404,Phenformin,SNOMEDCT_US,An agent belonging to the biguanide class of antidiabetics with antihyperglycemic activity. Phenformin is not used clinically due to the high risk of lactic acidosis that is associated with its use.,NCI,T109,Organic Chemical
217,C0031411,Phenmetrazine,SNOMEDCT_US,A sympathomimetic drug used primarily as an appetite depressant. Its actions and mechanisms are similar to DEXTROAMPHETAMINE.,MSH,T109,Organic Chemical
218,C0031453,Phenylalanine,SNOMEDCT_US,"An essential aromatic amino acid in humans (provided by food), Phenylalanine plays a key role in the biosynthesis of other amino acids and is important in the structure and function of many proteins and enzymes. Phenylalanine is converted to tyrosine, used in the biosynthesis of dopamine and norepinephrine neurotransmitters. The L-form of Phenylalanine is incorporated into proteins, while the D-form acts as a painkiller. Absorption of ultraviolet radiation by Phenylalanine is used to quantify protein amounts. (NCI04)",NCI,T116,"Amino Acid, Peptide, or Protein"
219,C0031469,Phenylephrine,SNOMEDCT_US,"A direct-acting sympathomimetic amine chemically related to adrenaline and ephedrine with potent vasoconstrictor property. Phenylephrine is a post-synaptic alpha-adrenergic receptor agonist that causes vasoconstriction, increases systolic/diastolic pressures, reflex bradycardia, and stroke output.",NCI,T109,Organic Chemical
220,C0031470,Phenylephrine hydrochloride,SNOMEDCT_US,"The hydrochloride salt form of phenylephrine, a direct-acting sympathomimetic amine chemically related to adrenaline and ephedrine with potent vasoconstrictor property. Phenylephrine is a post-synaptic alpha-adrenergic receptor agonist that causes vasoconstriction, increases systolic/diastolic pressures, reflex bradycardia, and stroke output.",NCI,T109,Organic Chemical
221,C0031849,Physostigmine,SNOMEDCT_US,"A cholinesterase inhibitor that is rapidly absorbed through membranes. It can be applied topically to the conjunctiva. It also can cross the blood-brain barrier and is used when central nervous system effects are desired, as in the treatment of severe anticholinergic toxicity.",MSH,T109,Organic Chemical
222,C0031923,Pilocarpine,SNOMEDCT_US,"A natural alkaloid extracted from plants of the genus Pilocarpus with cholinergic agonist activity. As a cholinergic parasympathomimetic agent, pilocarpine predominantly binds to muscarinic receptors, thereby inducing exocrine gland secretion and stimulating smooth muscle in the bronchi, urinary tract, biliary tract, and intestinal tract. When applied topically to eyes, this agent stimulates the sphincter pupillae to contract, resulting in miosis; stimulates the ciliary muscle to contract, resulting in spasm of accommodation; and may cause a transitory rise in intraocular pressure followed by a more persistent fall due to opening of the trabecular meshwork and an increase in the outflow of aqueous humor.",NCI,T109,Organic Chemical
223,C0031937,Pindolol,SNOMEDCT_US,"An aryloxypropanolamine derivative with antihypertensive property. Pindolol competitively binds to beta-adrenergic receptors, resulting in a decrease in beta-adrenergic activities, i.e., vasodilation, and negative chronotropic and inotropic effects. In addition, this agent blocks serotonin (5-HT) 1A receptors, thereby increasing the available serotonin in the brain. Increased serotonin levels augment the antidepressant action of selective serotonin reuptake inhibitors and monoamine oxidase inhibitors.",NCI,T109,Organic Chemical
224,C0032143,Alteplase,SNOMEDCT_US,"A recombinant therapeutic agent which is chemically identical to or similar to endogenous tissue plasminogen activator (tPA). tPA is a serine protease which converts plasminogen to plasmin, a fibrinolytic enzyme. Upon administration, alteplase increases plasmin enzymatic activity, resulting in hyperfibrinolysis and potential dissolution of a thrombus or embolism.",NCI,T116,"Amino Acid, Peptide, or Protein"
225,C0032318,Pneumonopathy due to inhalation of other dust,ICD9CM,,,T047,Disease or Syndrome
226,C0032333,Podophyllin,NCI,"A resin extracted from the root of the plant Podophyllum sp. Berberidaceae (mandrake), which contains numerous compounds, among which podophyllotoxin is the principal active component. Podophyllin arrests mitosis in metaphase. Podophyllotoxin offers advantages over podophyllin in terms of purity, stability and lack of systemic toxicity. (NCI04)",NCI,T109,Organic Chemical
227,C0032613,Polythiazide,SNOMEDCT_US,A long acting benzothiadiazine sulfonamide derivative belonging to the class of the thiazide diuretics. Polythiazide is excreted mainly in its unchanged form.,NCI,T109,Organic Chemical
228,C0032617,Polyuria,MTH,Excessive or frequent urination.,NCI,T184,Sign or Symptom
229,C0032912,Prazosin,SNOMEDCT_US,"A synthetic piperazine derivative and an alpha-1 adrenergic receptor inhibitor used primarily as an anti-hypertensive. Prazosin's effects are most pronounced in the large resistance vessels (i.e. arterioles) and result in a decrease in total systemic vascular resistance (SVR) without a rebound or reflex tachycardia. To a lesser extent, this agent also decreases the tone of the bladder sphincter, thereby allowing the opening of the bladder into the urethra and thus relieving the urinary conditions associated with benign prostatic hypertrophy.",NCI,T109,Organic Chemical
230,C0032914,Pre-eclampsia,SNOMEDCT_US,"Preeclampsia is a complication of pregnancy in which affected women develop high blood pressure (hypertension); they can also have abnormally high levels of protein in their urine (proteinuria). This condition usually occurs in the last few months of pregnancy and often requires early delivery of the infant. However, this condition can also appear shortly after giving birth (postpartum preeclampsia).~Many women with mild preeclampsia do not feel ill, and the condition is often first detected through blood pressure and urine testing in their doctor's office. In addition to hypertension and proteinuria, signs and symptoms of preeclampsia can include excessive swelling (edema) of the face or hands and a weight gain of more than 3 to 5 pounds in a week due to fluid retention. Affected women may also experience headaches, dizziness, irritability, shortness of breath, a decrease in urination, upper abdominal pain, and nausea or vomiting. Vision changes may develop, including flashing lights or spots, increased sensitivity to light (photophobia), blurry vision, or temporary blindness.~In many cases, symptoms of preeclampsia go away within a few days after the baby is born. In severe cases, however, preeclampsia can damage the mother's organs, such as the heart, liver, and kidneys, and can lead to life-threatening complications. Extremely high blood pressure in the mother can cause bleeding in the brain (hemorrhagic stroke). The effects of high blood pressure on the brain (hypertensive encephalopathy) may also result in seizures. If seizures occur, the condition is considered to have worsened to eclampsia, which can result in coma. About 1 in 200 women with untreated preeclampsia develop eclampsia. Eclampsia can also develop without any obvious signs of preeclampsia.~Between 10 and 20 percent of women with severe preeclampsia develop another potentially life-threatening complication called HELLP syndrome. HELLP stands for hemolysis (premature red blood cell breakdown), elevated liver enzyme levels, and low platelets (cells involved in blood clotting), which are the key features of this condition.~Severe preeclampsia can also affect the fetus, with impairment of blood and oxygen flow leading to growth problems or stillbirth. Infants delivered early due to preeclampsia may have complications associated with prematurity, such as breathing problems caused by underdeveloped lungs.~Women who have had preeclampsia have approximately twice the lifetime risk of heart disease and stroke than do women in the general population. Researchers suggest that preeclampsia, heart disease, and stroke may share common risk factors. Women who have diseases such as obesity, hypertension, heart disease, diabetes, or kidney disease before they become pregnant have an increased risk of developing preeclampsia. Preeclampsia is most likely to occur in a woman's first pregnancy, although it can occur in subsequent pregnancies, particularly in women with other health conditions.",MEDLINEPLUS,T046,Pathologic Function
231,C0032950,Prednisolone,SNOMEDCT_US,"A synthetic glucocorticoid with anti-inflammatory and immunomodulating properties. After cell surface receptor attachment and cell entry, prednisolone enters the nucleus where it binds to and activates specific nuclear receptors, resulting in an altered gene expression and inhibition of proinflammatory cytokine production. This agent also decreases the number of circulating lymphocytes, induces cell differentiation, and stimulates apoptosis in sensitive tumor cells populations. (NCI04)",NCI,T109,Organic Chemical
232,C0032952,Prednisone,SNOMEDCT_US,"A synthetic glucocorticoid with anti-inflammatory and immunomodulating properties. After cell surface receptor attachment and cell entry, prednisone enters the nucleus where it binds to and activates specific nuclear receptors, resulting in an altered gene expression and inhibition of proinflammatory cytokine production. This agent also decreases the number of circulating lymphocytes, induces cell differentiation, and stimulates apoptosis in sensitive tumor cell populations.",NCI,T109,Organic Chemical
233,C0032961,Pregnancy,SNOMEDCT_US,"You're going to have a baby! It's an exciting time, but it can also feel a bit overwhelming. You may have a lot of questions, including what you can do to give your baby a healthy start. Taking care of your health while you're pregnant will help your fetus develop into a healthy baby. To do that, it's important to:  Have regular visits with your health care provider. During prenatal care visits your provider checks your health and carefully monitors your pregnancy until you deliver a healthy baby. And if there are any health problems, your provider can find them early. Getting treatment right away can cure many problems and prevent others. Eat healthy and drink plenty of water. Good nutrition during pregnancy includes eating a variety of:  Fruits Vegetables Whole grains Lean meats or other protein sources Low-fat dairy products   Take prenatal vitamins. During pregnancy, you need higher amounts of certain vitamins and minerals, such as folic acid and iron. Be careful with medicines. Always check with your provider before you start or stop any medicine. This includes over-the-counter medicines and dietary or herbal supplements. Stay active. Physical activity can help you stay strong, feel and sleep better, and prepare your body for birth. Check with your provider about which types of activities are right for you. Avoid substances that could hurt your baby, including alcohol, drugs, and tobacco.  Your body will keep changing as your fetus develops until your baby is ready to be born. It can be hard to know whether a new symptom is normal or could be a sign of a problem. Check with your provider if something is bothering or worrying you.",MEDLINEPLUS,T040,Organism Function
234,C0032962,Pregnancy Complication,NCI,The co-occurrence of pregnancy and a disease. The disease may precede or follow conception and it may or may not have a deleterious effect on the pregnant woman or fetus.,NCI,T046,Pathologic Function
235,C0032967,History of pregnancy,SNOMEDCT_US,"Medical history of maternal diseases, exposures, or other relevant findings during the pregnancy of which the index person was the product. []",HPO,T033,Finding
236,C0032969,Pregnancy in Diabetics,MTH,Evidence of unspecified diabetes mellitus in pregnancy in an unspecified trimester.,NCI,T047,Disease or Syndrome
237,C0033493,Propoxyphene,SNOMEDCT_US,"The d-isomer of synthetic diphenyl propionate derivative propoxyphene, with narcotic analgesic effect. This agent mimics the effects of the endogenous opiate dextropropoxyphene, by binding to mu receptors located throughout the central nervous system. The binding results in GTP to GDP exchanges on the mu-G-protein complex, by which effector adenylate cyclase is inactivated thereby decreasing intracellular cAMP. This, in turn, inhibits the release of various nociceptive neurotransmitters, such as substance P, gamma-aminobutyric acid (GABA), dopamine, acetylcholine, noradrenaline, vasopressin, and somatostatin. In addition, dextropropoxyphene closes N-type voltage-gated calcium channels and opens calcium-dependent inwardly rectifying potassium channels. This results in hyperpolarization, thereby reducing neuronal excitability, which further decreases the perception of pain.",NCI,T109,Organic Chemical
238,C0033495,Propoxyphene napsylate,SNOMEDCT_US,"A synthetic diphenyl propionate derivative structurally related to methadone, Propoxyphene Napsylate acts as a central narcotic and analgesic agent by interaction with mu opioid receptors, but with less selectivity then morphine. The dextro-isomer has analgesic effect, while the levo-isomer exerts an antitussive effect. The napsylate salt allows better dosage formulation than the hydrochloride salt. (NCI04)",NCI,T109,Organic Chemical
239,C0033497,Propranolol,SNOMEDCT_US,"A synthetic, nonselective beta-adrenergic receptor blocker with antianginal, antiarrhythmic, antihypertensive properties. Propranolol competitively antagonizes beta-adrenergic receptors, thereby causing negative chronotropic and inotropic effects leading to a reduction in cardiac output.",NCI,T109,Organic Chemical
240,C0033798,Pseudoephedrine,SNOMEDCT_US,"A phenethylamine and a diastereomer of ephedrine with sympathomimetic property. Pseudoephedrine displaces norepinephrine from storage vesicles in presynaptic neurones, thereby releasing norepinephrine into the neuronal synapses where it stimulates primarily alpha-adrenergic receptors. It also has weak direct agonist activity at alpha- and beta- adrenergic receptors. Receptor stimulation results in vasoconstriction and decreases nasal and sinus congestion.",NCI,T109,Organic Chemical
241,C0033931,Psychophysiologic disorder,SNMI,"A group of disorders characterized by physical symptoms that are affected by emotional factors and involve a single organ system, usually under AUTONOMIC NERVOUS SYSTEM control. (American Psychiatric Glossary, 1988)",MSH,T048,Mental or Behavioral Dysfunction
242,C0034341,Pyruvate Carboxylase Deficiency Disease,MTH,"Pyruvate carboxylase deficiency is an inherited disorder that causes lactic acid and other potentially toxic compounds to accumulate in the blood. High levels of these substances can damage the body's organs and tissues, particularly in the nervous system.~Researchers have identified at least three types of pyruvate carboxylase deficiency, which are distinguished by the severity of their signs and symptoms. Type A, which has been identified mostly in people from North America, has severe symptoms that begin in infancy. Characteristic features include developmental delay and a buildup of lactic acid in the blood (lactic acidosis). Increased acidity in the blood can lead to vomiting, abdominal pain, extreme tiredness (fatigue), muscle weakness, and difficulty breathing. In some cases, episodes of lactic acidosis are triggered by an illness or periods without food (fasting). Children with pyruvate carboxylase deficiency type A typically survive only into infancy or early childhood.~Pyruvate carboxylase deficiency type B has life-threatening signs and symptoms that become apparent shortly after birth. This form of the condition has been reported mostly in Europe, particularly France. Affected infants have severe lactic acidosis, a buildup of ammonia in the blood (hyperammonemia), and liver failure. They experience neurological problems including weak muscle tone (hypotonia), abnormal movements, seizures, and coma. Infants with this form of the condition usually survive for less than 3 months after birth.~A milder form of pyruvate carboxylase deficiency, sometimes called type C, has also been described. This type is characterized by slightly increased levels of lactic acid in the blood and minimal signs and symptoms affecting the nervous system.",MEDLINEPLUS,T047,Disease or Syndrome
243,C0035167,Rescinnamine,SNOMEDCT_US,,,T109,Organic Chemical
244,C0035179,Reserpine,SNOMEDCT_US,"An alkaloid, derived from the roots of Rauwolfia serpentine and vomitoria, and an adrenergic uptake inhibitor with antihypertensive effects. Reserpine is lipid soluble and can penetrate blood-brain barrier. This agent binds and inhibits catecholamine pump on the storage vesicles in central and peripheral adrenergic neurons, thereby inhibiting the uptake of norepinephrine, dopamine serotonin into presynaptic storage vesicles. This results in catecholamines and serotonin lingering in the cytoplasm where they are destroyed by intraneuronal monoamine oxidase, thereby causing the depletion of catecholamine and serotonin stores in central and peripheral nerve terminals. Depletion results in a lack of active transmitter discharge from nerve endings upon nerve depolarization, and consequently leads to a decreased heart rate and decreased arterial blood pressure as well as sedative effects.",NCI,T109,Organic Chemical
245,C0035204,Respiration Disorders,MTH,"A non-neoplastic or neoplastic disorder that affects the respiratory system. Representative examples include pneumonia, chronic obstructive pulmonary disease, pulmonary failure, lung adenoma, lung carcinoma, and tracheal carcinoma.",NCI,T047,Disease or Syndrome
246,C0035228,respiratory hypersensitivity,CSP,"A form of hypersensitivity affecting the respiratory tract. It includes ASTHMA and RHINITIS, ALLERGIC, SEASONAL.",MSH,T046,Pathologic Function
247,C0035237,respiratory system,CHV,"The organs involved in the exchange of carbon dioxide and oxygen including the trachea, bronchi, and lung parenchyma.",NCI,T022,Body System
248,C0035648,Risk factor,SNOMEDCT_US,"Any aspect of an individual's life, behavior, an environmental exposure, or an inborn or inherited characteristic that increases the likelihood of a disease, condition or injury.",NCI,T033,Finding
249,C0036413,adultorum; scleredema,ICPC2ICD10ENG,"A usually benign and self-limited skin disorder of unknown etiology, characterized by induration of the skin. It may be associated with infection, diabetes mellitus, and hematologic malignancies. Morphologically, there is deposition of mucin in the dermis.",NCI,T047,Disease or Syndrome
250,C0037473,Sodium,SNOMEDCT_US,"Table salt is a combination of two minerals - sodium and chloride Your body needs some sodium to work properly. It helps with the function of nerves and muscles. It also helps to keep the right balance of fluids in your body. Your kidneys control how much sodium is in your body. If you have too much and your kidneys can't get rid it, sodium builds up in your blood. This can lead to high blood pressure. High blood pressure can lead to other health problems. Most people in the U.S. get more sodium in their diets than they need. A key to healthy eating is choosing foods low in sodium. The Dietary Guidelines recommend that most adults eat less than 2.3 grams per day. That equals about 1 teaspoon of table salt a day. Some people are more sensitive to the effects of salt than others and should eat less. This includes people who have high blood pressure, diabetes, or kidney problems, or are African American or over age 50. Reading food labels can help you see how much sodium is in prepared foods. NIH: National Heart, Lung, and Blood Institute",MEDLINEPLUS,T123,Biologically Active Substance
251,C0037556,Sodium tetradecyl sulfate,SNOMEDCT_US,"An anionic surfactant used as a sclerosing agent. Upon injection into a varicose vein, sodium tetradecyl sulfate (STS) interacts with lipids on the vein walls thereby causing intimal inflammation, destruction of the vein, and thrombus and fibrous tissue formation. This eventually leads to occlusion of the injected vein.",NCI,T109,Organic Chemical
252,C0037650,somatoform disorder,MEDCIN,A category of psychiatric disorders which are characterized by the presence of physical symptoms that suggest a medical condition but are not fully explained by any known medical reasons.,NCI,T048,Mental or Behavioral Dysfunction
253,C0037707,Sotalol,SNOMEDCT_US,"An ethanolamine derivative with Class III antiarrhythmic and antihypertensive properties. Sotalol is a nonselective beta-adrenergic receptor and potassium channel antagonist. In the heart, this agent inhibits chronotropic and inotropic effects thereby slowing the heart rate and decreasing myocardial contractility. This agent also reduces sinus rate, slows conduction in the atria and in the atrioventricular (AV) node and increases the functional refractory period of the AV node.",NCI,T109,Organic Chemical
254,C0037763,Spasm,SNOMEDCT_US,"A sudden, violent, involuntary contraction of a muscle or group of muscles.",NCI,T184,Sign or Symptom
255,C0037982,Spironolactone,SNOMEDCT_US,"A synthetic 17-spironolactone corticosteroid with potassium-sparing diuretic, antihypertensive, and antiandrogen activities.Spironolactone competitively inhibits adrenocortical hormone aldosterone activity in the distal renal tubules, myocardium, and vasculature. This agent may inhibit the pathophysiologic effects of aldosterone produced in excess by various types of malignant and benign tumors.",NCI,T109,Organic Chemical
256,C0038218,asthmaticus; status,ICPC2ICD10ENG,"An acute exacerbation of asthma, characterized by inadequate response to initial bronchodilators.",NCI,T047,Disease or Syndrome
257,C0038418,Streptokinase,SNOMEDCT_US,Streptococcal fibrinolysin . An enzyme produced by hemolytic streptococci. It hydrolyzes amide linkages and serves as an activator of plasminogen. It is used in thrombolytic therapy and is used also in mixtures with streptodornase (STREPTODORNASE AND STREPTOKINASE). EC 3.4.-.,MSH,T116,"Amino Acid, Peptide, or Protein"
258,C0038999,Swelling,SNOMEDCT_US,Enlargement; expansion in size; sign of inflammation,NCI,T033,Finding
259,C0039542,Terbutaline,SNOMEDCT_US,"An ethanolamine derivative with bronchodilating and tocolytic activities. Terbutaline selectively binds to and activates beta-2 adrenergic receptors, leading to intracellular adenyl cyclase activation via a trimeric G protein and subsequent increase in cyclic AMP (cAMP) production. Increased cAMP levels result in relaxation of bronchial and vascular smooth muscle mediated through the activation of protein kinase A (PKA), which phosphorylates proteins in control of muscle tone. cAMP also inhibits calcium ion release from intracellular stores, reduces calcium entry into cells and induces the sequestration of intracellular calcium all of which aids in the relaxation of airway muscles. Terbutaline also increases mucociliary clearance and reduces release of inflammatory cell mediators.",NCI,T109,Organic Chemical
260,C0039543,Terbutaline sulfate,SNOMEDCT_US,"The sulfate salt form of terbutaline, an ethanolamine derivative with bronchodilating and tocolytic properties. Terbutaline sulfate selectively binds to and activates beta-2 adrenergic receptors, leading to intracellular adenyl cyclase activation via a trimeric G protein and subsequent increase in cyclic cAMP production. Increased cAMP levels result in relaxation of bronchial and vascular smooth muscle mediated through the activation of protein kinase A (PKA), which phosphorylates proteins in control of muscle tone. cAMP also inhibits calcium ion release from intracellular stores, reduces calcium entry into cells and induces the sequestration of intracellular calcium all of which aids the relaxation of airway muscles. Terbutaline sulfate also increases mucociliary clearance and reduces release of inflammatory cell mediators.",NCI,T109,Organic Chemical
261,C0039771,Theophylline,MTH,"A natural alkaloid derivative of xanthine isolated from the plants Camellia sinensis and Coffea arabica. Theophylline appears to inhibit phosphodiesterase and prostaglandin production, regulate calcium flux and intracellular calcium distribution, and antagonize adenosine. Physiologically, this agent relaxes bronchial smooth muscle, produces vasodilation (except in cerebral vessels), stimulates the CNS, stimulates cardiac muscle, induces diuresis, and increases gastric acid secretion; it may also suppress inflammation and improve contractility of the diaphragm. (NCI04)",NCI,T109,Organic Chemical
262,C0039943,Thioridazine,SNOMEDCT_US,"A phenothiazine antipsychotic used in the management of PHYCOSES, including SCHIZOPHRENIA.",MSH,T109,Organic Chemical
263,C0040233,Timolol,SNOMEDCT_US,"A propanolamine derivative and a non-selective beta-adrenergic antagonist with antihypertensive property. Timolol competitively binds to beta-1-adrenergic receptors in the heart and vascular smooth muscle and beta-2-receptors in the bronchial and vascular smooth muscle, resulting in a decrease in beta-adrenergic stimulation. Beta-1-receptor blockade results in a decrease in resting and exercise heart rate and cardiac output, a decrease in both systolic and diastolic blood pressure, and, possibly, a reduction in reflex orthostatic hypotension. Beta-2-blockade results in an increase in peripheral vascular resistance. The ultimate results include vasodilation, and negative chronotropic and inotropic cardiac effects. In addition, timolol reduces intra-ocular pressure possibly by decreasing aqueous humor production by reduction of blood flow to the ciliary processes and cAMP synthesis.",NCI,T109,Organic Chemical
264,C0040372,Tolazamide,SNOMEDCT_US,"An intermediate-acting, first-generation sulfonylurea with hypoglycemic activity. Tolazamide is converted into five major metabolites that are excreted into the urine. Tolazamide is more potent than tolbutamide and similar in potency to chlorpropamide on a milligram basis. This agent may cause cholestatic jaundice.",NCI,T109,Organic Chemical
265,C0040374,Tolbutamide,SNOMEDCT_US,"A short-acting, first-generation sulfonylurea with hypoglycemic activity. Compared to second-generation sulfonylureas, tolbutamide is more likely to cause adverse effects, such as jaundice. This agent is rapidly metabolized by CYPC29.",NCI,T109,Organic Chemical
266,C0040602,Tragacanth,SNOMEDCT_US,"Powdered exudate from Astragalus gummifer and related plants. It forms gelatinous mass in water. Tragacanth is used as suspending agent, excipient or emulsifier in foods, cosmetics and pharmaceuticals. It has also been used as a bulk-forming laxative.",MSH,T109,Organic Chemical
267,C0040778,Tranylcypromine,SNOMEDCT_US,"An orally bioavailable, nonselective, irreversible, non-hydrazine inhibitor of both monoamine oxidase (MAO) and lysine-specific demethylase 1 (LSD1/BHC110), with antidepressant and anxiolytic activities, and potential antineoplastic activities. Upon oral administration, tranylcypromine exerts its antidepressant and anxiolytic effects through the inhibition of MAO, an enzyme that catalyzes the breakdown of the monoamine neurotransmitters serotonin, norepinephrine, epinephrine and dopamine. This increases the concentrations and activity of these neurotransmitters. Tranylcypromine exerts its antineoplastic effect through the inhibition of LSD1. Inhibition of LSD1 prevents the transcription of LSD1 target genes. LSD1, a flavin-dependent monoamine oxidoreductase and a histone demethylase, is upregulated in a variety of cancers and plays a key role in tumor cell proliferation, migration, and invasion.",NCI,T109,Organic Chemical
268,C0040864,Triamcinolone,SNOMEDCT_US,"A synthetic glucocorticoid with anti-inflammatory and immunomodulating properties. Upon cell entry, triamcinolone binds to and activates the glucocorticoid receptor, which leads to translocation of the ligand-receptor complex to the nucleus and induces expression of glucocorticoid-responsive genes such as lipocortins. Lipocortins inhibit phospholipase A2, thereby blocking the release of arachidonic acid from membrane phospholipids and preventing the synthesis of prostaglandins and leukotrienes, both mediators of inflammation. In addition, pro-inflammatory cytokine production, including interleukin (IL)-1and IL-6, and the activation of cytotoxic T-lymphocytes is also inhibited. T-cells are prevented from making IL-2 and proliferating. This agent also decreases the number of circulating lymphocytes, induces cell differentiation, and stimulates apoptosis through increasing Ikappa-B expression and curtailing activation of nuclear factor (NF)kappa-B.",NCI,T109,Organic Chemical
269,C0040866,Triamcinolone acetonide,SNOMEDCT_US,"The acetonide salt form of triamcinolone, a synthetic glucocorticosteroid with immunosuppressive and anti-inflammatory activity. Triamcinolone acetonide binds to specific cytosolic glucocorticoid receptors and subsequently interacts with glucocorticoid receptor response element on DNA and alters gene expression. This results in an induction of the synthesis of certain anti-inflammatory proteins while inhibiting the synthesis of certain inflammatory mediators. Consequently, an overall reduction in chronic inflammation and autoimmune reactions are accomplished.",NCI,T109,Organic Chemical
270,C0040867,Triamcinolone diacetate,SNOMEDCT_US,,,T109,Organic Chemical
271,C0040869,Triamterene,SNOMEDCT_US,"A pteridine derivative with potassium-sparing diuretic property. Triamterene blocks the sodium-potassium exchange pump (Na-K-ATPase) in the luminal membrane of principal cells in the late distal tubule, cortical collecting tubule and collecting duct in the kidney. This reversible inhibition of the electrogenic sodium transport decreases the lumen-negative transepithelial potential difference and thus reduces the driving force for K+ movement into the tubular lumen resulting in the inhibition of sodium reabsorption in exchange for K+ and H+.",NCI,T109,Organic Chemical
272,C0040899,Trichlormethiazide,SNOMEDCT_US,"A short-acting, 3-dichloromethyl derivative of hydrochlorothiazide, belonging to the class of thiazide diuretics.",NCI,T109,Organic Chemical
273,C0041030,Metipranolol,SNOMEDCT_US,"A beta-adrenergic antagonist effective for both beta-1 and beta-2 receptors. It is used as an antiarrhythmic, antihypertensive, and antiglaucoma agent.",MSH,T109,Organic Chemical
274,C0041090,Tripelennamine,SNOMEDCT_US,"A histamine H1 antagonist with low sedative action but frequent gastrointestinal irritation. It is used to treat ASTHMA; HAY FEVER; URTICARIA; and RHINITIS; and also in veterinary applications. Tripelennamine is administered by various routes, including topically.",MSH,T109,Organic Chemical
275,C0041165,Troleandomycin,SNOMEDCT_US,A macrolide antibiotic that is similar to ERYTHROMYCIN.,MSH,T109,Organic Chemical
276,C0041536,Ubidecarenone,SNOMEDCT_US,A naturally occurring benzoquinone important in electron transport in mitochondrial membranes. Coenzyme Q10 functions as an endogenous antioxidant; deficiencies of this enzyme have been observed in patients with many different types of cancer and limited studies have suggested that coenzyme Q10 may induce tumor regression in patients with breast cancer. This agent may have immunostimulatory effects. (NCI04),NCI,T109,Organic Chemical
277,C0042071,Urokinase,SNOMEDCT_US,"A proteolytic enzyme that converts PLASMINOGEN to FIBRINOLYSIN where the preferential cleavage is between ARGININE and VALINE. It was isolated originally from human URINE, but is found in most tissues of most VERTEBRATES.",MSH,T116,"Amino Acid, Peptide, or Protein"
278,C0042373,Vascular Diseases,MTH,"What are vascular diseases? Your vascular system is your body's network of blood vessels. It includes your: Arteries, which carry oxygen-rich blood from your heart to your tissues and organs Veins, which carry the blood and waste products back to your heart Capillaries, which are tiny blood vessels that connect your small arteries to your small veins. The walls of the capillaries are thin and leaky, to allow for an exchange of materials between your tissues and blood.  Vascular diseases are conditions which affect your vascular system. They are common and can be serious. Some types include: Aneurysm - a bulge or ""ballooning"" in the wall of an artery Atherosclerosis - a disease in which plaque builds up inside your arteries. Plaque is made up of fat, cholesterol, calcium, and other substances found in the blood. Blood clots, including deep vein thrombosis and pulmonary embolism Coronary artery disease and carotid artery disease, diseases that involve the narrowing or blockage of an artery. The cause is usually a buildup of plaque. Raynaud phenomenon - a disorder that causes the blood vessels to narrow when you are cold or feeling stressed Stroke - a serious condition that happens when blood flow to your brain stops. Varicose veins - swollen, twisted veins that you can see just under the skin Vasculitis - inflammation of the blood vessels  What causes vascular diseases? The causes of vascular diseases depend on the specific disease. These causes include: Genetics Heart diseases such as high cholesterol and high blood pressure Infection Injury Medicines, including hormones  Sometimes the cause is unknown. Who is at risk for vascular diseases? The risk factors for vascular diseases can vary, depending on the specific disease. But some of the more common risk factors include: Age - your risk of some diseases goes up as you get older Conditions that can affect the heart and blood vessels, such as diabetes or high cholesterol Family history of vascular or heart diseases Infection or injury that damages your veins Lack of exercise Obesity Pregnancy Sitting or standing still for long periods of time Smoking  What are the symptoms of vascular diseases? The symptoms for each disease are different. How are vascular diseases diagnosed? To make a diagnosis, your health care provider will do a physical exam and ask about your symptoms and medical history. You may have imaging tests and/or blood tests. How are vascular diseases treated? Which treatment you get depends on which vascular disease you have and how severe it is. Types of treatments for vascular diseases include: Lifestyle changes, such as eating a heart-healthy diet and getting more exercise Medicines, such as blood pressure medicines, blood thinners, cholesterol medicines, and clot-dissolving drugs. In some cases, providers use a catheter to send medicine directly to a blood vessel. Non-surgical procedures, such as angioplasty, stenting, and vein ablation Surgery  Can vascular diseases be prevented? There are steps you can take to help prevent vascular diseases: Make healthy lifestyle changes, such as eating a heart-healthy diet and getting more exercise Don't smoke. If you are already a smoker, talk to your health care provider for help in finding the best way for you to quit. Keep your blood pressure and cholesterol in check If you have diabetes, control your blood sugar Try not to sit or stand for up long periods of time. If you do need to sit all day, get up and move around every hour or so. If you are traveling on a long trip, you can also wear compression stockings and regularly stretch your legs.",MEDLINEPLUS,T047,Disease or Syndrome
279,C0042380,vascular resistance,CHV,The force that opposes the flow of BLOOD through a vascular bed. It is equal to the difference in BLOOD PRESSURE across the vascular bed divided by the CARDIAC OUTPUT.,MSH,T039,Physiologic Function
280,C0042523,Verapamil,SNOMEDCT_US,"A phenylalkylamine calcium channel blocking agent. Verapamil inhibits the transmembrane influx of extracellular calcium ions into myocardial and vascular smooth muscle cells, causing dilatation of the main coronary and systemic arteries and decreasing myocardial contractility. This agent also inhibits the drug efflux pump P-glycoprotein which is overexpressed in some multi-drug resistant tumors and may improve the efficacy of some antineoplastic agents. (NCI04)",NCI,T109,Organic Chemical
281,C0043119,Werner syndrome,SNOMEDCT_US,"Werner syndrome is characterized by the dramatic, rapid appearance of features associated with normal aging. Individuals with this disorder typically grow and develop normally until they reach puberty. Affected teenagers usually do not have a growth spurt, resulting in short stature. The characteristic aged appearance of individuals with Werner syndrome typically begins to develop when they are in their twenties and includes graying and loss of hair; a hoarse voice; and thin, hardened skin. They may also have a facial appearance described as ""bird-like."" Many people with Werner syndrome have thin arms and legs and a thick trunk due to abnormal fat deposition.~As Werner syndrome progresses, affected individuals may develop disorders of aging early in life, such as cloudy lenses (cataracts) in both eyes, skin ulcers, type 2 diabetes, diminished fertility, severe hardening of the arteries (atherosclerosis), thinning of the bones (osteoporosis), and some types of cancer. It is not uncommon for affected individuals to develop multiple, rare cancers during their lifetime. People with Werner syndrome usually live into their late forties or early fifties. The most common causes of death are cancer and atherosclerosis.",MEDLINEPLUS,T047,Disease or Syndrome
282,C0043144,Wheezing,SNOMEDCT_US,"A symptom and a finding during physical examination, characterized by a high-pitched, whistling sound during breathing. It results from the narrowing or obstruction of the respiratory airways. The most common causes of wheezing are asthma, chronic obstructive pulmonary disease, tracheobronchitis, and pulmonary edema.",NCI,T184,Sign or Symptom
283,C0043202,Wolff-Parkinson-White syndrome,HPO,"Wolff-Parkinson-White syndrome is a condition characterized by abnormal electrical pathways in the heart that cause a disruption of the heart's normal rhythm (arrhythmia).~The heartbeat is controlled by electrical signals that move through the heart in a highly coordinated way. A specialized cluster of cells called the atrioventricular node conducts electrical impulses from the heart's upper chambers (the atria) to the lower chambers (the ventricles). Impulses move through the atrioventricular node during each heartbeat, stimulating the ventricles to contract slightly later than the atria.~People with Wolff-Parkinson-White syndrome are born with an extra connection in the heart, called an accessory pathway, that allows electrical signals to bypass the atrioventricular node and move from the atria to the ventricles faster than usual. The accessory pathway may also transmit electrical impulses abnormally from the ventricles back to the atria. This extra connection can disrupt the coordinated movement of electrical signals through the heart, leading to an abnormally fast heartbeat (tachycardia) and other changes in heart rhythm. Resulting symptoms include dizziness, a sensation of fluttering or pounding in the chest (palpitations), shortness of breath, and fainting (syncope). In rare cases, arrhythmias associated with Wolff-Parkinson-White syndrome can lead to cardiac arrest and sudden death. The most common arrhythmia associated with Wolff-Parkinson-White syndrome is called paroxysmal supraventricular tachycardia.~Complications of Wolff-Parkinson-White syndrome can occur at any age, although some individuals born with an accessory pathway in the heart never experience any health problems associated with the condition.~Wolff-Parkinson-White syndrome often occurs with other structural abnormalities of the heart or underlying heart disease. The most common heart defect associated with the condition is Ebstein anomaly, which affects the valve that allows blood to flow from the right atrium to the right ventricle (the tricuspid valve). Additionally, the heart rhythm problems associated with Wolff-Parkinson-White syndrome can be a component of several other genetic syndromes, including hypokalemic periodic paralysis (a condition that causes episodes of extreme muscle weakness), Pompe disease (a disorder characterized by the storage of excess glycogen), Danon disease (a condition that weakens the heart and skeletal muscles and causes intellectual disability), and tuberous sclerosis complex (a condition that results in the growth of noncancerous tumors in many parts of the body).",MEDLINEPLUS,T047,Disease or Syndrome
284,C0043207,Wolfram syndrome,SNOMEDCT_US,"Wolfram syndrome is a condition that affects many of the body's systems. The hallmark features of Wolfram syndrome are high blood sugar (glucose) levels resulting from a shortage of the hormone insulin (a condition called diabetes mellitus) and progressive vision loss due to degeneration of the nerves that carry information from the eyes to the brain (a condition called optic atrophy). People with Wolfram syndrome often also have pituitary gland dysfunction that results in excess urine production (a condition called diabetes insipidus), hearing loss caused by changes in the inner ear (sensorineural deafness), urinary tract problems, reduced amounts of the sex hormone testosterone in males (hypogonadism), or neurological or psychiatric disorders.~Diabetes mellitus is typically the first symptom of Wolfram syndrome, usually diagnosed around age 6. Nearly everyone with Wolfram syndrome who develops diabetes mellitus requires insulin replacement therapy. Optic atrophy is often the next symptom to appear, usually around age 11. The first signs of optic atrophy are loss of color vision and side (peripheral) vision. Over time, the vision problems get worse, and people with optic atrophy are usually blind within approximately 8 years after signs of optic atrophy first begin.~In diabetes insipidus, the pituitary gland, which is located at the base of the brain, does not function normally. This abnormality disrupts the release of a hormone called vasopressin, which helps control the body's water balance and urine production. Approximately 70 percent of people with Wolfram syndrome have diabetes insipidus. Pituitary gland dysfunction can also cause hypogonadism in males. The lack of testosterone that occurs with hypogonadism affects growth and sexual development. About 65 percent of people with Wolfram syndrome have sensorineural deafness that can range in severity from deafness beginning at birth to mild hearing loss beginning in adolescence that worsens over time. Sixty to 90 percent of people with Wolfram syndrome have a urinary tract problem. Urinary tract problems include obstruction of the ducts between the kidneys and bladder (ureters), a large bladder that cannot empty normally (high-capacity atonal bladder), disrupted urination (bladder sphincter dyssynergia), and difficulty controlling the flow of urine (incontinence).~About 60 percent of people with Wolfram syndrome develop a neurological or psychiatric disorder, most commonly problems with balance and coordination (ataxia), typically beginning in early adulthood. Other neurological problems experienced by people with Wolfram syndrome include irregular breathing caused by the brain's inability to control breathing (central apnea), loss of the sense of smell (anosmia), loss of the gag reflex, muscle spasms (myoclonus), seizures, reduced sensation in the lower extremities (peripheral neuropathy), and intellectual impairment. Psychiatric disorders associated with Wolfram syndrome include psychosis, episodes of severe depression, and impulsive and aggressive behavior.~There are two types of Wolfram syndrome with many overlapping features. The two types are differentiated by their genetic cause. In addition to the usual features of Wolfram syndrome type 1 (described above), individuals with Wolfram syndrome type 2 have stomach or intestinal ulcers and excessive bleeding after an injury. The tendency to bleed excessively combined with the ulcers typically leads to abnormal bleeding in the gastrointestinal system. People with Wolfram syndrome type 2 do not develop diabetes insipidus.~Historically, Wolfram syndrome was fatal by mid-adulthood due to complications from the many features of the condition, such as health problems related to diabetes mellitus or neurological problems. However, with better diagnosis and management, life expectancy has risen.",MEDLINEPLUS,T047,Disease or Syndrome
285,C0043355,Xipamide,SNOMEDCT_US,"A sulfonamide-based diuretic. Xipamide acts on the distal convoluted tubules. In addition, this agent has a weak inhibitory effect on carbonic anyydrase (CA).",NCI,T109,Organic Chemical
286,C0043572,glucomannan,CHV,,,T109,Organic Chemical
287,C0043822,Drospirenone,SNOMEDCT_US,"A synthetic spironolactone analogue and progestin with progestational and anti-mineralocorticoid activity. Drospirenone binds to the progesterone receptor, the resulting complex becomes activated and binds to specific sites on DNA. This results in a suppression of LH activity and an inhibition of ovulation as well as an alteration in the cervical mucus and endometrium. This leads to an increased difficulty of sperm entry into the uterus and implantation. This drug is used in oral contraceptives.",NCI,T121,Pharmacologic Substance
288,C0044971,hydroxyprogesterone caproate (USP),MTH,"A synthetic progestational agent similar to the endogenous progesterone used in hormone therapy or as a female contraceptive. Mimicking the action of progesterone, hydroxyprogesterone caporate binds to and activates nuclear progesterone receptors in the reproductive system and causes the ligand-receptor complex to be translocated to the nucleus where it binds to and promotes expression of target genes. Due to the negative feedback mechanism seen with progesterone, this agent also blocks luteinizing hormone (LH) release from the pituitary gland, thereby leading to an inhibition of ovulation and an alteration in the cervical mucus and endometrium. Furthermore, without stimulation of LH, estrogen release from the ovaries is stopped, hence impeding the growth of estrogen-sensitive tumor cells.",NCI,T109,Organic Chemical
289,C0045010,17-alpha-hydroxyprogesterone,MTH,A physiological progestin that is produced during glucocorticoid and steroid hormone synthesis and is increased during the third trimester of pregnancy. Hydroxyprogesterone binds to the cytoplasmic progesterone receptors in the reproductive system and subsequently activates progesterone receptor mediated gene expression.,NCI,T109,Organic Chemical
290,C0047683,Etonogestrel,SNOMEDCT_US,"A synthetic form of the naturally occurring female sex hormone progesterone. Etonogestrel binds to the cytoplasmic progesterone receptors in the reproductive system and subsequently activates progesterone receptor mediated gene expression. As a result of the negative feedback mechanism, luteinizing hormone (LH) release is inhibited, which leads to an inhibition of ovulation and an alteration in the cervical mucus and endometrium.",NCI,T109,Organic Chemical
291,C0050393,Acarbose,SNOMEDCT_US,"A pseudotetrasaccharide and inhibitor of alpha-glucosidase and pancreatic alpha-amylase with antihyperglycemic activity. Acarbose binds to and inhibits alpha-glucosidase, an enteric enzyme found in the brush border of the small intestines that hydrolyzes oligosaccharides and disaccharides into glucose and other monosaccharides. This prevents the breakdown of larger carbohydrates into glucose and decreases the rise in postprandial blood glucose levels. In addition, acarbose inhibits pancreatic alpha-amylase which hydrolyzes complex starches to oligosaccharides in the small intestines.",NCI,T109,Organic Chemical
292,C0051696,Amlodipine,SNOMEDCT_US,"A synthetic dihydropyridine and a calcium channel blocker with antihypertensive and antianginal properties. Amlodipine inhibits the influx of extracellular calcium ions into myocardial and peripheral vascular smooth muscle cells, thereby preventing vascular and myocardial contraction. This results in a dilatation of the main coronary and systemic arteries, decreased myocardial contractility, increased blood flow and oxygen delivery to the myocardial tissue, and decreased total peripheral resistance. This agent may also modulate multi-drug resistance (MDR) activity through inhibition of the p-glycoprotein efflux pump.",NCI,T109,Organic Chemical
293,C0052944,Bambuterol,SNOMEDCT_US,,,T109,Organic Chemical
294,C0053091,Benazepril,SNOMEDCT_US,"A carboxyl-containing angiotensin-converting enzyme (ACE) inhibitor with antihypertensive activity. As a prodrug, benazepril is metabolized to its active form benazeprilat. Benazeprilat competitively binds to and inhibits ACE, thereby blocking the conversion of angiotensin I to angiotensin II. This prevents the potent vasoconstrictive actions of angiotensin II resulting in vasodilation. Benazeprilat also decreases angiotensin II-induced aldosterone secretion by the adrenal cortex, which leads to an increase in sodium excretion and subsequently increases water outflow.",NCI,T109,Organic Chemical
295,C0053245,Benzthiazide,SNOMEDCT_US,"An intermediate acting agent belonging to the class of thiazide diuretics. Benzthiazide, also known as benzothiazide, is no longer commercially available in the United States.",NCI,T109,Organic Chemical
296,C0053526,Bethanechol,SNOMEDCT_US,"A slowly hydrolyzing muscarinic agonist with no nicotinic effects. Bethanechol is generally used to increase smooth muscle tone, as in the GI tract following abdominal surgery or in urinary retention in the absence of obstruction. It may cause hypotension, HEART RATE changes, and BRONCHIAL SPASM.",MSH,T109,Organic Chemical
297,C0053799,Bisoprolol,SNOMEDCT_US,"A selective beta-1 adrenergic receptor antagonist with antihypertensive activity and devoid of intrinsic sympathomimetic activity. Bisoprolol selectively and competitively binds to and blocks beta-1 adrenergic receptors in the heart, thereby decreasing cardiac contractility and rate. This leads to a reduction in cardiac output and lowers blood pressure. In addition, bisoprolol prevent the release of renin, a hormone secreted by the kidneys that causes constriction of blood vessels.",NCI,T109,Organic Chemical
298,C0053817,Bitolterol,SNOMEDCT_US,"A diester sympathomimetic amine with bronchodilator activity. As an ester prodrug, bitolterol is hydrolyzed by esterases to its active metabolite colterol (N-t-butylarterenol). Colterol selectively binds to and activates beta-2 adrenergic receptors in bronchiolar smooth muscle, thereby causing stimulation of adenyl cyclase, the enzyme that catalyzes the conversion of adenosine triphosphate (ATP) to cyclic-3',5'-adenosine monophosphate (cAMP). Increased intracellular cAMP levels cause relaxation of bronchial smooth muscle. This increases air flow and prevents bronchospasms and may eventually lead to an improvement of airway function.",NCI,T109,Organic Chemical
299,C0053941,Bopindolol,NCI,,,T109,Organic Chemical
300,C0054201,Budesonide,SNOMEDCT_US,"A synthetic glucocorticoid with anti-inflammatory and immunomodulating properties. Upon administration, budesonide binds to intracellular glucocorticoid receptors (GRs) and induces the expression of glucocorticoid-responsive genes that encode for anti-inflammatory mediators, such as certain anti-inflammatory cytokines, including interleukin 10 (IL-10), and lipocortins. Lipocortins inhibit phospholipase A2, thereby blocking the release of arachidonic acid from membrane phospholipids and preventing the synthesis of prostaglandins and leukotrienes, both mediators of inflammation. In addition, budesonide prevents the release of pro-inflammatory cytokines from epithelial cells and macrophages, including interleukin 6 (IL-6), IL-8, interferon-beta (IFNb), and inhibits nuclear factor kappa-B (NF-kB) activation thereby decreasing NF-kB-mediated inflammation.",NCI,T109,Organic Chemical
301,C0054340,Acrivastine,SNOMEDCT_US,"A synthetic alkylamine with non-sedative antihistaminergic activity. Acrivastine competitively blocks the histamine H1 receptor and limits the typical allergic and anaphylactic responses, including bronchoconstriction, vasodilation, increased capillary permeability, and spasmodic contraction of gastrointestinal smooth muscle, caused by actions of histamine on bronchial, and gastrointestinal smooth muscles, and on capillaries. This drug also prevents histamine-induced pain and itching of the skin and mucous membranes. (NCI05)",NCI,T109,Organic Chemical
302,C0054636,Carazolol,NCI,,,T109,Organic Chemical
303,C0054672,Carbinoxamine,SNOMEDCT_US,,,T109,Organic Chemical
304,C0054836,Carvedilol,SNOMEDCT_US,"A synthetic antihypertensive methoxyphenoxy- 2-propanol derivative with no intrinsic sympathomimetic activity, Carvedilol acts as a nonselective beta-adrenoceptor blocking agent (S(-) enantiomer) and as an alpha 1-adrenoceptor blocker (R(+) and S(-) enantiomers). Its acts more strongly on beta-receptors than on alpha 1-receptors, reduces peripheral vascular resistance by vasodilation, and prevents reflex tachycardia (beta-blockade) so that heart rate is either unchanged or decreased. Carvedilol also reduces renin release through beta-blockade. (NCI04)",NCI,T109,Organic Chemical
305,C0055021,Celiprolol,SNOMEDCT_US,A cardioselective beta-1 adrenergic antagonist that has intrinsic sympathomimetic activity. It is used in the management of ANGINA PECTORIS and HYPERTENSION.,MSH,T109,Organic Chemical
306,C0055578,Oxtriphylline,SNOMEDCT_US,"The choline salt of theophylline with an anti-asthmatic property. Oxtriphylline appears to inhibit phosphodiesterase and prostaglandin production, regulates calcium flux and intracellular calcium distribution, and antagonizes adenosine. Physiologically, this agent causes relaxation of bronchial smooth muscle, produces vasodilation (except in cerebral vessels), stimulates cardiac muscle, as well as induces diuresis and gastric acid secretion. It may also suppress inflammation and improve contractility of the diaphragm.",NCI,T109,Organic Chemical
307,C0055723,Cilazapril,SNOMEDCT_US,One of the ANGIOTENSIN-CONVERTING ENZYME INHIBITORS (ACE inhibitors) used for hypertension. It is a prodrug that is hydrolyzed after absorption to its main metabolite cilazaprilat.,MSH,T109,Organic Chemical
308,C0055936,Cloprednol,NCI,,,T109,Organic Chemical
309,C0056391,Cortisone acetate,SNOMEDCT_US,"The acetate salt form of cortisone, a synthetic or semisynthetic analog of the naturally occurring cortisone hormone produced by the adrenal glands with anti-inflammatory and immunomodulating properties. Cortisone acetate diffuses through the cell membrane and binds to nuclear glucocorticoid receptors. The receptor-ligand complex binds to promotor regions of certain genes and initiates RNA transcription. This results in an induction of synthesis of certain anti-inflammatory proteins while inhibiting the synthesis of certain inflammatory mediators.",NCI,T109,Organic Chemical
310,C0056831,Cyclothiazide,SNOMEDCT_US,"A benzothiadiazide belonging to the class of thiazide diuretics. Cyclothiazide is indicated as adjunctive therapy in edema and in the treatment of hypertension. In addition, this agent is capable of inhibiting rapid desensitization of the ionotropic alpha-amino-3-hydroxy-5-methylisoxazole-4-propionic acid (AMPA)-type glutamate receptors, thereby potentiating glutamate responses which may induce seizures activity. Cyclothiazide was also found to inhibit gamma-aminobutyric acid (GABA)-A receptors.",NCI,T109,Organic Chemical
311,C0057558,Desogestrel,SNOMEDCT_US,"A synthetic progestogen structurally related to levonorgestrel, with progesterone hormone receptor agonistic activity, used as a contraceptive and hormone replacement agent. Upon administration, desogestrel binds intracellular progesterone receptors in progesterone responsive tissue and the resultant complex interacts with DNA causing either gene transcription or gene repression. This eventually leads to an inhibition of gonadotropin releasing hormone (GnRH) secretion from the hypothalamus and a subsequent inhibition of luteinizing hormone (LH) and follicle-stimulating hormone (FSH) release. This prevents ovulation and alters the cervical mucus.",NCI,T109,Organic Chemical
312,C0057598,Dexamethasone acetate,SNOMEDCT_US,,,T109,Organic Chemical
313,C0057603,Dexamethasone Trimethyl Acetate,NCI,,,T109,Organic Chemical
314,C0057606,Dexchlorpheniramine,SNOMEDCT_US,"An alkylamine, and first-generation histamine antagonist with anti-allergic activity. Dexchlorpheniramine competitively blocks H1 receptors, thereby preventing the actions of histamine on bronchial smooth muscle, capillaries and gastrointestinal (GI) smooth muscle. The antagonistic action of this agent blocks the activities of endogenous histamine, thereby preventing histamine-induced bronchoconstriction, vasodilation, increased capillary permeability, and GI smooth muscle spasms.",NCI,T109,Organic Chemical
315,C0057916,Dienogest,SNOMEDCT_US,"An orally-active, semisynthetic, fourth generation, nonethinylated progestogen with antiproliferative, antiandrogenic, anti-inflammatory and antiangiogenic activities that is used in hormone therapy and as a female contraceptive. Upon oral administration, dienogest binds intracellular progesterone receptors which then translocate to the nucleus where the drug-receptor complex interacts with progesterone response elements, thus altering the expression of target genes. Dienogest reduces the production of estradiol, prevents ovulation and alters the cervical mucus and endometrium. In addition, dienogest appears to suppress the expression of cell cycle regulator cyclin D1. Altogether, this may prevent the growth of endometrial epithelial cells and may reduce symptoms associated with leiomyoma.",NCI,T109,Organic Chemical
316,C0058056,Dihydrocodeine,SNOMEDCT_US,,,T109,Organic Chemical
317,C0059514,Ergonovine maleate,SNOMEDCT_US,,,T109,Organic Chemical
318,C0059871,Etofylline,SNOMEDCT_US,,,T109,Organic Chemical
319,C0060501,Flunisolide,SNOMEDCT_US,"A synthetic corticosteroid with antiinflammatory and antiallergic properties. Flunisolide is a glucocorticoid receptor agonist that binds to cytoplasmic glucocorticoid receptors and subsequently translocates to the nucleus where it initiates the transcription of glucocorticoid-responsive genes such as lipocortins. Lipocortins inhibit phospholipase A2, thereby blocking the release of arachidonic acid from membrane phospholipids and preventing the synthesis of prostaglandins and leukotrienes, both are potent mediators of inflammation.",NCI,T109,Organic Chemical
320,C0060657,Formoterol,SNOMEDCT_US,"A long-acting beta-adrenergic receptor agonist with bronchodilator activity. Formoterol selectively binds to beta-2 adrenergic receptors in bronchial smooth muscle, thereby activating intracellular adenyl cyclase, an enzyme that catalyzes the conversion of adenosine triphosphate (ATP) to cyclic-3',5'-adenosine monophosphate (cAMP). Increased cAMP levels cause relaxation of bronchial smooth muscle, relieve bronchospasms, improve mucociliary clearance and reduce mediator substance release from inflammatory cells, especially from mast cells.",NCI,T109,Organic Chemical
321,C0061323,Glimepiride,SNOMEDCT_US,"A long-acting, third-generation sulfonylurea with hypoglycemic activity. Compared to other generations of sulfonylurea compounds, glimepiride is very potent and has a longer duration of action. This agent is metabolized by CYP2C9 and shows peroxisome proliferator-activated receptor gamma (PPARgamma) agonistic activity.",NCI,T109,Organic Chemical
322,C0061938,Guanadrel,SNOMEDCT_US,,,T109,Organic Chemical
323,C0063684,Amylin,SNOMEDCT_US,"A pancreatic beta-cell hormone that is co-secreted with INSULIN. It displays an anorectic effect on nutrient metabolism by inhibiting gastric acid secretion, gastric emptying and postprandial GLUCAGON secretion. Islet amyloid polypeptide can fold into AMYLOID FIBRILS that have been found as a major constituent of pancreatic AMYLOID DEPOSITS.",MSH,T116,"Amino Acid, Peptide, or Protein"
324,C0063750,Iodinated glycerol,SNOMEDCT_US,,,T109,Organic Chemical
325,C0064568,Lacidipine,SNOMEDCT_US,,,T109,Organic Chemical
326,C0065374,Lisinopril,SNOMEDCT_US,"An orally bioavailable, long-acting angiotensin-converting enzyme (ACE) inhibitor with antihypertensive activity. Lisinopril, a synthetic peptide derivative, specifically and competitively inhibits ACE, which results in a decrease in the production of the potent vasoconstrictor angiotensin II and, so, diminished vasopressor activity. In addition, angiotensin II-stimulated aldosterone secretion by the adrenal cortex is decreased which results in a decrease in sodium and water retention and an increase in serum potassium.",NCI,T116,"Amino Acid, Peptide, or Protein"
327,C0065656,Manidipine,SNOMEDCT_US,,,T109,Organic Chemical
328,C0065961,Mepindolol,NCI,,,T109,Organic Chemical
329,C0066430,Methylprednisolone Sodium Phosphate,NCI,,,T109,Organic Chemical
330,C0066535,Miglitol,SNOMEDCT_US,"A desoxynojirimycin derivative and inhibitor of alpha-glucosidase with antihyperglycemic activity. Miglitol binds to and inhibits alpha-glucosidase, an enteric enzyme found in the brush border of the small intestines that hydrolyzes oligosaccharides and disaccharides into glucose and other monosaccharides. This prevents the breakdown of larger carbohydrates into glucose and decreases the rise in postprandial blood glucose levels. Compared to acarbose, miglitol is systemically absorbed.",NCI,T109,Organic Chemical
331,C0066685,Moexipril,SNOMEDCT_US,"A non-sulfhydryl angiotensin converting enzyme (ACE) inhibitor with antihypertensive activity. As a prodrug, moexipril is hydrolyzed into its active form moexiprilat, which competitively inhibits ACE, thereby blocking the conversion of angiotensin I to angiotensin II. This prevents the actions of the potent vasoconstrictor angiotensin II and leads to vasodilation. It also prevents angiotensin II-induced aldosterone secretion by the adrenal cortex, thereby promoting diuresis and natriuresis.",NCI,T109,Organic Chemical
332,C0066814,Morphine sulfate,SNOMEDCT_US,"The sulfate salt of morphine, an opiate alkaloid isolated from the plant Papaver somniferum and produced synthetically. Morphine binds to and activates specific opiate receptors (delta, mu and kappa), each of which are involved in controlling different brain functions. In the central nervous and gastrointestinal systems, this agent has widespread effects including analgesia, anxiolysis, euphoria, sedation, respiratory depression, and gastrointestinal system smooth muscle contraction.",NCI,T109,Organic Chemical
333,C0068353,Nadoxolol,NCI,,,T109,Organic Chemical
334,C0068483,Nedocromil,SNOMEDCT_US,"A pyranoquinolone derivative that inhibits activation of inflammatory cells which are associated with ASTHMA, including EOSINOPHILS; NEUTROPHILS; MACROPHAGES; MAST CELLS; MONOCYTES; AND PLATELETS.",MSH,T109,Organic Chemical
335,C0068992,Norgestimate,SNOMEDCT_US,,,T109,Organic Chemical
336,C0070108,paregoric,MEDCIN,,,T109,Organic Chemical
337,C0070426,Perindoprilat,NCI,"A non-sulfhydryl angiotensin-converting enzyme (ACE) inhibitor with antihypertensive activity. Perindoprilat inhibits ACE and, thus, the conversion of angiotensin I to angiotensin II; consequently, angiotensin II-mediated vasoconstriction and angiotensin II-stimulated aldosterone secretion from the adrenal cortex are inhibited and diuresis and natriuresis ensue.",NCI,T109,Organic Chemical
338,C0070549,Phendimetrazine,SNOMEDCT_US,,,T109,Organic Chemical
339,C0071002,Physostigmine salicylate,SNOMEDCT_US,,,T109,Organic Chemical
340,C0071074,Pinacidil,NCI,"A guanidine that opens POTASSIUM CHANNELS producing direct peripheral vasodilatation of the ARTERIOLES. It reduces BLOOD PRESSURE and peripheral resistance and produces fluid retention. (Martindale The Extra Pharmacopoeia, 31st ed)",MSH,T114,"Nucleic Acid, Nucleoside, or Nucleotide"
341,C0071097,Pioglitazone,SNOMEDCT_US,"An orally-active thiazolidinedione with antidiabetic properties and potential antineoplastic activity. Pioglitazone activates peroxisome proliferator-activated receptor gamma (PPAR-gamma), a ligand-activated transcription factor, thereby inducing cell differentiation and inhibiting cell growth and angiogenesis. This agent also modulates the transcription of insulin-responsive genes, inhibits macrophage and monocyte activation, and stimulates adipocyte differentiation.",NCI,T109,Organic Chemical
342,C0071129,Pirbuterol,SNOMEDCT_US,"A short-acting, beta-adrenergic receptor agonist with bronchodilator activity. Pirbuterol selectively binds to beta-2 adrenergic receptors in bronchial smooth muscle, thereby activating intracellular adenyl cyclase, an enzyme that catalyzes the conversion of adenosine triphosphate (ATP) to cyclic-3',5'-adenosine monophosphate (cAMP). Increased cAMP levels cause relaxation of bronchial smooth muscle, relieve bronchospasms, improve mucociliary clearance and inhibit the release of mediators of immediate hypersensitivity from cells, especially from mast cells.",NCI,T109,Organic Chemical
343,C0071304,Isradipine,SNOMEDCT_US,"A dihydropyridine calcium channel blockers with antihypertensive and vasodilator activities. Isradipine blocks the calcium entry through the calcium ion channels of coronary and peripheral vascular smooth muscle, thereby dilating coronary arteries and peripheral arterioles. This increases oxygen delivery due to an increased blood flow and reduces oxygen requirements due to decrease in total peripheral resistance. (NCI05)",NCI,T109,Organic Chemical
344,C0071839,Prednisolone acetate,SNOMEDCT_US,"The acetate salt form of prednisolone, a synthetic glucocorticoid with anti-inflammatory and immunomodulating properties. As a glucocorticoid receptor agonist, prednisolone acetate binds to specific intracellular glucocorticoid receptors, and causes the ligand-receptor complex to be translocated to the nucleus where it initiates the transcription of glucocorticoid-responsive genes such as various cytokines and lipocortins. Lipocortins inhibit phospholipase A2, thereby blocking the release of arachidonic acid from membrane phospholipids and preventing the synthesis of prostaglandins and leukotrienes, both potent mediators of inflammation. This agent also decreases the number of circulating lymphocytes, induces cell differentiation, and stimulates apoptosis in sensitive tumor cell populations.",NCI,T109,Organic Chemical
345,C0071842,prednisolone phosphate,CHV,,,T109,Organic Chemical
346,C0071844,Prednisolone Tebutate,NCI,,,T109,Organic Chemical
347,C0072857,Quinapril,SNOMEDCT_US,"A prodrug and non-sulfhydryl angiotensin converting enzyme (ACE) inhibitor with antihypertensive activity. Quinapril is hydrolized into its active form quinaprilat, which binds to and inhibits ACE, thereby blocking the conversion of angiotensin I to angiotensin II. This abolishes the potent vasoconstrictive actions of angiotensin II and leads to vasodilatation. Quinapril also causes a decrease in angiotensin II-induced aldosterone secretion by the adrenal cortex, thereby promoting diuresis and natriuresis, and increases bradykinin levels.",NCI,T109,Organic Chemical
348,C0072858,Quinaprilat,NCI,,,T109,Organic Chemical
349,C0072970,Ramiprilat,NCI,"A non-sulfhydryl angiotensin-converting enzyme (ACE) inhibitor with antihypertensive activity. Ramiprilat inhibits ACE, thereby blocking the conversion of angiotensin I to angiotensin II. This prevents the potent vasoconstrictive actions of angiotensin II and leads to vasodilation. This agent also causes an increase in bradykinin levels and a decrease in angiotensin II-induced aldosterone secretion by the adrenal cortex, thereby promoting diuresis and natriuresis.",NCI,T109,Organic Chemical
350,C0072973,Ramipril,SNOMEDCT_US,"A prodrug and nonsulfhydryl angiotensin converting enzyme (ACE) inhibitor with antihypertensive activity. Ramipril is converted in the liver by de-esterification into its active form ramiprilat, which inhibits ACE, thereby blocking the conversion of angiotensin I to angiotensin II. This abolishes the potent vasoconstrictive actions of angiotensin II and leads to vasodilatation. This agent also causes an increase in bradykinin levels and a decrease in angiotensin II-induced aldosterone secretion by the adrenal cortex, thereby promoting diuresis and natriuresis.",NCI,T109,Organic Chemical
351,C0073992,Salmeterol,SNOMEDCT_US,"A highly selective, long-acting beta-2 adrenergic agonist with bronchodilatory activity. Salmeterol's benzene moiety resembles the structure of catecholamines, and occupies the active site of beta-2 adrenergic receptor, while the long, lipophilic side chain of salmeterol, binds to the so called 'exosite' near the beta-2 adrenergic receptors. The binding at the exosite allows the active portion of the molecule to remain at the receptor site and continually engage and disengage with the receptor, therefore providing a long duration of action. This agent stimulates intracellular adenyl cyclase to catalyze the conversion of adenosine triphosphate to cyclic-3',5'-adenosine monophosphate (cAMP). Increased cAMP levels result in relaxation of bronchiolar smooth muscle, bronchodilation and increased bronchial airflow.",NCI,T109,Organic Chemical
352,C0074493,Sibutramine,SNOMEDCT_US,,,T109,Organic Chemical
353,C0074814,Ibuprofen lysine,SNOMEDCT_US,,,T109,Organic Chemical
354,C0075007,Spirapril,SNOMEDCT_US,"A prodrug and non-sulfhydryl angiotensin converting enzyme (ACE) inhibitor with antihypertensive activity. Spirapril is converted in the body to its active metabolite spiraprilat. Spiraprilat competitively binds to and inhibits ACE, thereby blocking the conversion of angiotensin I to angiotensin II. This prevents the potent vasoconstrictive actions of angiotensin II and results in vasodilation. Spiraprilat also decreases angiotensin II-induced aldosterone secretion by the adrenal cortex, which leads to an increase in sodium excretion and subsequently increases water outflow.",NCI,T109,Organic Chemical
355,C0075061,Fosinoprilat,NCI,"A phosphinic acid-containing angiotensin-converting enzyme (ACE) inhibitor with antihypertensive activity. Fosinoprilat specifically and competitively inhibits angiotensin-converting enzyme thereby decreasing the formation of the potent vasoconstrictor angiotensin II, resulting in diminished vasopressor activity. In addition, angiotensin II-mediated aldosterone secretion by adrenal cortex is decreased, which results in a decrease of sodium retention and an increase in water outflow.",NCI,T116,"Amino Acid, Peptide, or Protein"
356,C0076107,Terazosin,SNOMEDCT_US,,,T109,Organic Chemical
357,C0076166,Tertatolol,SNOMEDCT_US,,,T109,Organic Chemical
358,C0076840,Torsemide,SNOMEDCT_US,"An anilinopyridine sulfonylurea belonging to the class of loop diuretics. Torsemide has a prolonged duration of action compared to other loop diuretics, is extensively protein bound in plasma and has a relatively long half-life.",NCI,T109,Organic Chemical
359,C0076891,Trandolapril,SNOMEDCT_US,"A non-sulfhydryl angiotensin-converting enzyme (ACE) inhibitor with antihypertensive activity. As a prodrug, trandolapril is converted by de-esterification in the liver into its active form trandolaprilat. Trandolaprilat competitively binds to and inhibits ACE, thereby blocking the conversion of angiotensin I to angiotensin II. This prevents the potent vasoconstrictive actions of angiotensin II and results in vasodilation. Trandolaprilat also decreases angiotensin II-induced aldosterone secretion by the adrenal cortex, which leads to an increase in sodium excretion and subsequently increases water outflow.",NCI,T109,Organic Chemical
360,C0077004,Triamcinolone hexacetonide,SNOMEDCT_US,"The hexacetonide salt form of triamcinolone, a synthetic glucocorticosteroid with immunosuppressive and anti-inflammatory activity. Triamcinolone hexacetonide binds to specific cytosolic glucocorticoid receptors and subsequently interacts with glucocorticoid receptor response element on DNA and alters gene expression. This results in an induction of the synthesis of certain anti-inflammatory proteins while inhibiting the synthesis of certain inflammatory mediators. Consequently, an overall reduction in chronic inflammation and autoimmune reactions are accomplished.",NCI,T109,Organic Chemical
361,C0077770,Doxazosin mesylate,SNOMEDCT_US,"The mesylate salt form of doxazosin, a quinazoline compound with smooth muscle relaxing activity. Doxazosin mesylate selectively antagonizes alpha-1-adrenergic receptors in smooth muscle of the bladder neck and prostate, thereby relaxing the smooth muscle and decreasing the obstruction and urethral resistance seen with benign prostate hyperplasia (BPH). This may improve BPH symptoms. This agent also blocks alpha-1-adrenergic receptors in peripheral vascular smooth muscle, which leads to vasodilatation and a subsequent decrease in peripheral vascular resistance.",NCI,T109,Organic Chemical
362,C0078703,mepirodipine,MSH,,,T109,Organic Chemical
363,C0078836,Zofenopril,SNOMEDCT_US,"A sulfhydryl angiotensin-converting enzyme (ACE) inhibitor with antihypertensive activity. As a prodrug, zofenopril is hydrolyzed in vivo into its active form zofenoprilat. Zofenoprilat competitively binds to and inhibits ACE, thereby blocking the conversion of angiotensin I to angiotensin II. This prevents the potent vasoconstrictive actions of angiotensin II and results in vasodilation. Zofenoprilat also decreases angiotensin II-induced aldosterone secretion by the adrenal cortex, which leads to an increase in sodium excretion and subsequently increases water outflow.",NCI,T109,Organic Chemical
364,C0078956,Anistreplase,SNOMEDCT_US,"An acylated inactive complex of streptokinase and human lysine-plasminogen. After injection, the acyl group is slowly hydrolyzed, producing an activator that converts plasminogen to plasmin, thereby initiating fibrinolysis. Its half-life is about 90 minutes compared to 5 minutes for TPA; (TISSUE PLASMINOGEN ACTIVATOR); 16 minutes for UROKINASE-TYPE PLASMINOGEN ACTIVATOR and 23 minutes for STREPTOKINASE. If treatment is initiated within 3 hours of onset of symptoms for acute myocardial infarction, the drug preserves myocardial tissue and left ventricular function and increases coronary artery patency. Bleeding complications are similar to other thrombolytic agents.",MSH,T116,"Amino Acid, Peptide, or Protein"
365,C0079226,Dextrothyroxine sodium,SNOMEDCT_US,,,T116,"Amino Acid, Peptide, or Protein"
366,C0079466,Guanfacine,SNOMEDCT_US,"A centrally acting adrenergic agonist with non-stimulant and antihypertensive property. Guanfacine selectively stimulates alpha-2 adrenergic receptors in the central nervous system, thereby resulting in inhibition of sympathetic nervous system outflow. Used alone or in combination with other drugs, this agent causes reduction of peripheral and renal vascular resistance, and lowers both systolic and diastolic blood pressure and heart rate.",NCI,T109,Organic Chemical
367,C0079646,Transplantation of islets of Langerhans,SNOMEDCT_US,"Islets are cells found in clusters throughout the pancreas. They are made up of several types of cells. One of these is beta cells, which make insulin. Insulin is a hormone that helps the body use glucose for energy. Islet cell transplantation transfers cells from an organ donor into the body of another person. It is an experimental treatment for type 1 diabetes. In type 1 diabetes, the beta cells of the pancreas no longer make insulin. A person who has type 1 diabetes must take insulin daily to live. Transplanted islet cells, however, can take over the work of the destroyed cells. The beta cells in these islets will begin to make and release insulin. Researchers hope islet transplantation will help people with type 1 diabetes live without daily insulin injections. NIH: National Institute of Diabetes and Digestive and Kidney Diseases",MEDLINEPLUS,T061,Therapeutic or Preventive Procedure
368,C0081408,Zileuton,SNOMEDCT_US,"A synthetic derivative of hydroxyurea with antiasthmatic properties. The leukotriene inhibitor zileuton blocks 5-lipoxygenase, which catalyzes the formation of leukotrienes from arachidonic acid; causes bronchodilation; decreases bronchial mucous secretion and edema; and may prevent or decrease the symptoms of asthma. (NCI04)",NCI,T109,Organic Chemical
369,C0081729,Beclomethasone 17-Monopropionate,NCI,,,T109,Organic Chemical
370,C0082607,Fluticasone,SNOMEDCT_US,"A synthetic trifluorinated glucocorticoid receptor agonist with antiallergic, antiinflammatory and antipruritic effects. Fluticasone binds and activates glucocorticoid receptor, resulting in the activation of lipocortin. Lipocortin, in turn, inhibits cytosolic phospholipase A2, which triggers a cascade of reactions involved in the synthesis of inflammatory mediators, such as prostaglandins and leukotrienes. Secondly, mitogen-activated protein kinase (MAPK) phosphatase 1 is induced, thereby leads to dephosphorylation and inactivation of Jun N-terminal kinase directly inhibiting c-Jun mediated transcription. Finally, transcriptional activity of nuclear factor (NF)-kappa-B is blocked, thereby inhibits the transcription of cyclooxygenase 2, which is essential for prostaglandin production.",NCI,T109,Organic Chemical
371,C0085129,bronchial hyperreactivity,CHV,Tendency of the smooth muscle of the tracheobronchial tree to contract more intensely in response to a given stimulus than it does in the response seen in normal individuals. This condition is present in virtually all symptomatic patients with asthma. The most prominent manifestation of this smooth muscle contraction is a decrease in airway caliber that can be readily measured in the pulmonary function laboratory.,MSH,T047,Disease or Syndrome
372,C0085207,Gestational Diabetes,NCI,"What is diabetes?  If you have diabetes, your blood glucose, or blood sugar, levels are too high. Glucose comes from the foods you eat. A hormone called insulin helps the glucose get into your cells to give them energy. With type 1 diabetes, your body does not make insulin. With type 2 diabetes, your body does not make or use insulin well. Without enough insulin, the glucose stays in your blood. What is gestational diabetes? Some people already have diabetes before they get pregnant. But others may develop diabetes during pregnancy. This type of diabetes is called gestational diabetes. It usually develops around the 24th week of pregnancy. It happens when your body can't make the extra insulin it needs during pregnancy. Researchers think gestational diabetes is caused by the hormonal changes of pregnancy, along with genetic and lifestyle factors. Who is more likely to develop gestational diabetes? Anyone who is pregnant could develop gestational diabetes. But you are more likely to develop it if you:  Are overweight or have obesity Have a family history of diabetes Had gestational diabetes in a previous pregnancy Have given birth to a baby weighing 9 pounds or more Have polycystic ovary syndrome (PCOS) Are African American, Hispanic/Latino, American Indian, Alaska Native, Native Hawaiian, or Pacific Islander person  How do I know if I have gestational diabetes? Gestational diabetes often has no symptoms. If you do have symptoms, they may be mild, such as being thirstier than normal or having to urinate (pee) more often. If you are pregnant, you will most likely be screened for gestational diabetes between 24 and 28 weeks of pregnancy. But if you have an increased chance of developing gestational diabetes, you may be tested during your first prenatal visit. Your health care provider will use one or more blood glucose tests to check for gestational diabetes. You may have the glucose challenge test, the oral glucose tolerance test (OGTT), or both. For these two tests, you will drink a sugary liquid and wait for an hour before your blood sample is taken. If you have an oral glucose tolerance test, you will also get your blood drawn after 2 and 3 hours. How can diabetes affect my pregnancy? Having diabetes during pregnancy can affect your health. For example:  You are more likely to develop preeclampsia, a serious medical condition that causes a sudden increase in your blood pressure. You are more likely to need a cesarean delivery, because your baby is more likely to be bigger than average. Changes to your hormones and your body during pregnancy can affect your blood glucose levels. If you had diabetes before pregnancy, you may now need to adjust your meal plan, physical activity routine, and/or medicines. If you have any diabetes health problems, they may get worse during pregnancy. Gestational diabetes usually goes away after you have your baby. But you will be at higher risk of developing type 2 diabetes later.  Having diabetes during pregnancy can also affect the health of your developing baby:  If you have high blood glucose levels at the beginning of your pregnancy, there is a higher risk of birth defects. Your baby will be at risk for obesity and type 2 diabetes later in life. Your baby is more likely to be born early. Your baby may have breathing problems or hypoglycemia (low blood glucose levels) right after birth. There is a higher risk of miscarriage and stillbirth.  How can I manage diabetes during pregnancy? There are steps you can take to manage your diabetes before, during, and after pregnancy. If you already have diabetes, the best time to control your blood glucose is before you get pregnant. High blood glucose levels can be harmful to your developing baby during the first weeks of pregnancy, even before you know you are pregnant. See your provider to help you plan for pregnancy. You can talk about how to lower the risk of health problems for you and your developing baby. You can also discuss your diet, physical activity, and which diabetes medicines are safe during pregnancy. During your pregnancy, you will work with your provider to manage your blood glucose levels. You may be able to manage them with a healthy diet and regular physical activity. If that's not enough, then you will need to take diabetes medicines. It's also important that you:  Get regular prenatal checkups Take your prenatal vitamins Don't use harmful substances such as alcohol, tobacco, and illegal drugs  After pregnancy, there are steps you need to take to stay healthy:  If you had gestational diabetes, you are at risk of developing type 2 diabetes. You will be tested for it within 4 to 12 weeks after giving birth. Even if your blood glucose levels have returned to normal, you will need to get them tested every 1 to 3 years. If you already had diabetes before pregnancy, you and your provider will monitor changes to your blood glucose levels. They will tell you if you need to adjust your diabetes management plan.  NIH: National Institute of Diabetes and Digestive and Kidney Diseases",MEDLINEPLUS,T047,Disease or Syndrome
373,C0085292,Stiff-person syndrome,SNOMEDCT_US,A rare neurologic disorder characterized by muscle rigidity. It usually affects the axial muscles and eventually extends to the proximal limb muscles. It is associated with muscle spasms which may lead to muscle damage and fractures.,NCI,T047,Disease or Syndrome
374,C0085420,indoor air pollution,CHV,"We usually think of air pollution as being outdoors, but the air in your house or office could also be polluted. Sources of indoor pollution include: Mold and pollen Tobacco smoke Household products and pesticides Gases such as radon and carbon monoxide   Materials used in the building such as asbestos, formaldehyde and lead   Sometimes a group of people have symptoms that seem to be linked to time spent in a certain building. There may be a specific cause, such as Legionnaire's disease. Sometimes the cause of the illness cannot be found. This is known as sick building syndrome. Usually indoor air quality problems only cause discomfort. Most people feel better as soon as they remove the source of the pollution. However, some pollutants can cause diseases that show up much later, such as respiratory diseases or cancer. Making sure that your building is well-ventilated and getting rid of pollutants can improve the quality of your indoor air. Environmental Protection Agency",MEDLINEPLUS,T069,Environmental Effect of Humans
375,C0085548,autosomal recessive polycystic kidney disease,MEDCIN,Polycystic kidney disease inherited in an autosomal recessive pattern. Patients present with progressive renal failure early in life. The autosomal recessive trait is associated with abnormalities of chromosome 6.,NCI,T047,Disease or Syndrome
376,C0085580,Essential hypertension,SNOMEDCT_US,Hypertension that presents without an identifiable cause.,NCI,T047,Disease or Syndrome
377,C0085602,Polydipsia,WHO,"Chronic excessive intake of water; it may be from an organic cause, such as the dehydration of diabetes mellitus, diabetes insipidus, or a reaction to medication, or from a psychological cause. When untreated it can lead to water intoxication.",NCI,T184,Sign or Symptom
378,C0085859,Polyglandular autoimmune syndrome type I,MDR,"Autoimmune polyendocrinopathy-candidiasis-ectodermal dystrophy (APECED) is an inherited condition that affects many of the body's organs. It is one of many autoimmune diseases, which are disorders that occur when the immune system malfunctions and attacks the body's own tissues and organs by mistake.~In most cases, the signs and symptoms of APECED begin in childhood or adolescence. This condition commonly involves three characteristic features: chronic mucocutaneous candidiasis (CMC), hypoparathyroidism, and adrenal gland insufficiency. Affected individuals typically have at least two of these features, and many have all three.~CMC is a tendency to develop infections of the skin, the nails, and the moist lining of body cavities (mucous membranes) caused by a type of fungus called Candida. These infections, which are commonly known as yeast infections, are chronic, which means they recur and can last a long time. CMC is usually the first of the three characteristic features of APECED to become apparent in people with this disorder. Almost all affected individuals develop infections of the oral cavity (known as thrush). Infections of the tube that carries food from the mouth to the stomach (the esophagus) are also common, while the skin and nails are affected less often. In women, vaginal infections frequently occur.~Other features of APECED result from the body's immune system attacking the network of hormone-producing glands (the endocrine system). The second characteristic feature of the disorder is hypoparathyroidism, which is a malfunction of the parathyroid glands. These glands secrete a hormone that regulates the body's use of calcium and phosphorus. Damage to the parathyroid glands leads to reduced parathyroid hormone production (hypoparathyroidism). Hypoparathyroidism can cause a tingling sensation in the lips, fingers, and toes; muscle pain and cramping; weakness; and fatigue. Serious effects of hypoparathyroidism, such spasms of the voicebox (larynx) leading to breathing problems and seizures, can be life-threatening.~Damage to the small hormone-producing glands on top of each kidney (adrenal glands) results in a third major feature of APECED, adrenal gland insufficiency (autoimmune Addison disease). Reduced hormone production by the adrenal glands leads to signs and symptoms that can include fatigue, muscle weakness, loss of appetite, weight loss, low blood pressure, and changes in skin coloring. Other endocrine problems that can occur in APECED include type 1 diabetes resulting from impaired production of the hormone insulin; a shortage of growth hormone leading to short stature; problems affecting the internal reproductive organs (ovaries or testes) that can cause inability to conceive children (infertility); and dysfunction of the thyroid gland (a butterfly-shaped tissue in the lower neck), which can result in many symptoms including weight gain and fatigue.~Autoimmune problems affecting non-endocrine tissues can lead to a variety of additional signs and symptoms in people with APECED. These features occur more often in North American populations than in European populations. Rashes that resemble hives (urticarial eruptions) are common and often occur in infancy and early childhood. Other early signs and symptoms may include thin enamel on the teeth (enamel hypoplasia) and chronic diarrhea or constipation associated with difficulty in absorbing nutrients from food. Additional features that occur in people with APECED, many of which can lead to permanent organ and tissue damage if left untreated, include stomach irritation (gastritis), liver inflammation (hepatitis), lung irritation (pneumonitis), dry mouth and dry eyes (Sjogren-like syndrome), inflammation of the eyes (keratitis), kidney problems (nephritis), vitamin B12 deficiency, hair loss (alopecia), loss of skin color in blotches (vitiligo), high blood pressure (hypertension), or a small (atrophic) or absent spleen (asplenia).",MEDLINEPLUS,T047,Disease or Syndrome
379,C0086073,Cromolyn,SNOMEDCT_US,"A synthetic mast cell stabilizer with anti-inflammatory activity. Cromolyn probably interferes with the antigen-mediated calcium ion influx into mast cells. This prevents mast cell degranulation, resulting in mast cell stabilization and inhibition of the release of inflammatory mediators, such as histamine and leukotrienes, which are involved in type I allergic reactions. Cromolyn also prevents inflammatory mediator release from eosinophils.",NCI,T109,Organic Chemical
380,C0086248,Ergotamine tartrate,SNOMEDCT_US,"The tartrate salt form of ergotamine, an ergot alkaloid and adrenergic alpha agonist with vasoconstrictor activity. Ergotamine tartrate selectively binds to alpha-adrenergic receptors thereby stimulating vascular smooth muscle and causing vasoconstriction in both arteries and veins. Ergotamine tartrate also blocks serotonin 5-HT1D receptors, thereby also causing vasoconstriction in cerebral blood vessels. Constriction of cerebral blood vessels caused by this agent may reduce the blood flow and pressure in cerebral arteries and may relieve the pain of vascular headaches.",NCI,T109,Organic Chemical
381,C0087093,Timolol maleate,SNOMEDCT_US,"The maleate salt form of timolol, a propanolamine derivative and a non-selective beta-adrenergic antagonist with antihypertensive property. Timolol competitively binds to beta-1-adrenergic receptors in the heart and vascular smooth muscle and beta-2-receptors in the bronchial and vascular smooth muscle, resulting in a decrease in beta-adrenergic stimulation. Beta-1-receptor blockade results in a decrease in resting and exercise heart rate and cardiac output, a decrease in both systolic and diastolic blood pressure, and, possibly, a reduction in reflex orthostatic hypotension. Beta-2-blockade results in an increase in peripheral vascular resistance. The ultimate results include vasodilation, and negative chronotropic and inotropic effects. In addition, timolol reduces intra-ocular pressure possibly by decreasing aqueous humor production by reduction of blood flow to the ciliary processes and cAMP synthesis.",NCI,T109,Organic Chemical
382,C0093437,Cevimeline,SNOMEDCT_US,"A cholinergic analogue with glandular secretion stimulatory activity. Cevimeline binds to and activates muscarinic receptors, thereby increasing the secretions in exocrine salivary and sweat glands. This cholinergic agonist also increases the tone of smooth muscle in the gastrointestinal and urinary tracts. Cevimeline is being studied as a treatment for dry mouth caused by radiation therapy to the head and neck.",NCI,T109,Organic Chemical
383,C0103116,Amosulalol,NCI,,,T109,Organic Chemical
384,C0105523,Benazeprilat,NCI,"The active metabolite of benazepril, a carboxyl-containing angiotensin-converting enzyme (ACE) inhibitor with antihypertensive activity. Once the prodrug benazepril is metabolized to benazeprilat in the liver, benazeprilat competitively binds to and inhibits ACE, thereby blocking the conversion of angiotensin I to angiotensin II. This prevents the potent vasoconstrictive actions of angiotensin II, resulting in vasodilation. Benazeprilat also decreases angiotensin II-induced aldosterone secretion by the adrenal cortex, which leads to an increase in sodium excretion and subsequently increases water outflow.",NCI,T109,Organic Chemical
385,C0106169,Bethanechol chloride,SNOMEDCT_US,"A synthetic quaternary ammonium base derivative, parasympathomimetic Bethanechol is a slowly hydrolyzed muscarinic agonist with no nicotinic effects. Generally used to increase smooth muscle tone, Bethanechol is used to treat reflux esophagitis and to initiate urination after surgery, in urinary infections, or for enlarged prostate. It may cause hypotension, cardiac rate changes, and bronchial spasms. (NCI04)",NCI,T109,Organic Chemical
386,C0106575,Bitolterol mesylate,SNOMEDCT_US,"The mesylate salt of bitolterol, a diester sympathomimetic amine with bronchodilator activity. As an ester prodrug, bitolterol is hydrolyzed by esterases to its active metabolite colterol (N-t-butylarterenol). Colterol selectively binds to and activates beta-2 adrenergic receptors in bronchiolar smooth muscle, thereby causing stimulation of adenyl cyclase, the enzyme that catalyzes the conversion of adenosine triphosphate (ATP) to cyclic-3',5'-adenosine monophosphate (cAMP). Increased intracellular cAMP levels cause relaxation of bronchial smooth muscle. This increases air flow and prevents bronchospasms and may eventually lead to an improvement of airway function.",NCI,T109,Organic Chemical
387,C0107994,Cabergoline,SNOMEDCT_US,"A synthetic ergoline derivative and a long-acting dopamine receptor agonist with high affinity for the dopamine D2 receptor. Cabergoline exerts an inhibitory effect on prolactin secretion by acting on dopamine receptors present in pituitary lactotrophs. This drug also binds to dopamine D2 receptors in the corpus striatum, thereby mimicking the actions of dopamine on motor control. Cabergoline also possesses antioxidant and neuroprotective properties due to its free radical scavenging activity. Cabergoline is used in the treatment of Parkinson's disease and in the treatment of hyperprolactinemia.",NCI,T109,Organic Chemical
388,C0113286,Dexamethasone sodium phosphate,SNOMEDCT_US,"A sodium phosphate salt form of Dexamethasone, a synthetic adrenal corticosteroid with potent anti-inflammatory properties. In addition to binding to specific nuclear steroid receptors, dexamethasone also interferes with NF-kB activation and apoptotic pathways. This agent lacks the salt-retaining properties of other related adrenal hormones. (NCI04)",NCI,T109,Organic Chemical
389,C0114873,Doxazosin,SNOMEDCT_US,"A quinazoline with antihypertensive and antineoplastic properties. Doxazosin is an alpha-adrenergic antagonist that selectively inhibits alpha-1 adrenergic receptors. Blockages of the alpha-1 adrenergic action on the vascular smooth muscles lead to a decrease in vascular resistance and antihypertensive activity. This agent also shows high affinity to alpha-1c adrenoceptor, the predominant functional type in the prostate, which may partially attribute to its effect in treatment of benign prostatic hyperplasia. Furthermore, doxazosin induces apoptosis in prostate cancer cells mediated through inhibition of protein kinase B (PKB)/Akt-signaling death receptor regulatory pathway.",NCI,T109,Organic Chemical
390,C0116569,Esmolol,SNOMEDCT_US,"The hydrochloride salt form of esmolol, a short, rapid-acting, selective beta-adrenergic receptor blocker, devoid of intrinsic sympathomimetic activity, and with anti-arrhythmic, antihypertensive and potential analgesic activities. Upon intravenous administration, esmolol binds to and blocks the beta-1 receptor in the myocardium thereby preventing the action of epinephrine and norepinephrine. This leads to a reduction in the force and rate of cardiac contractions and thereby preventing tachycardia, arrythmias and/or hypertension. At higher doses, esmolol also blocks beta-2 receptors located in bronchial and vascular smooth muscle, thereby leading to smooth muscle relaxation. In addition, esmolol exerts a peripheral analgesic effect and intraoperative use of this agent may decrease the amount of opioid administration postoperatively. As the ester moiety in esmolol is rapidly hydrolyzed byplasma esterases, this agent has a very short half-life. Check for ""https://www.cancer.gov/about-cancer/treatment/clinical-trials/intervention/C72617"" active clinical trials using this agent. (""http://ncit.nci.nih.gov/ncitbrowser/ConceptReport.jsp?dictionary=NCI%20Thesaurus&code=C72617"" NCI Thesaurus)",PDQ,T109,Organic Chemical
391,C0117996,Fluticasone propionate,SNOMEDCT_US,"The propionate salt form of fluticasone, a synthetic trifluorinated glucocorticoid receptor agonist with antiallergic, antiinflammatory and antipruritic effects. Binding and activation of the glucocorticoid receptor results in the activation of lipocortin that in turn inhibits cytosolic phospholipase A2, which triggers cascade of reactions involved in synthesis of inflammatory mediators, such as prostaglandins and leukotrienes. Secondly, mitogen-activated protein kinase (MAPK) phosphatase 1 is induced, thereby leads to dephosphorylation and inactivation of Jun N-terminal kinase directly inhibiting c-Jun mediated transcription. Finally, transcriptional activity of nuclear factor (NF)-kappa-B is blocked, thereby inhibits the transcription of cyclooxygenase 2, which is essential for prostaglandin production.",NCI,T109,Organic Chemical
392,C0118168,Fosinopril,SNOMEDCT_US,"A phosphinic acid-containing angiotensin-converting enzyme (ACE) inhibitor with antihypertensive activity. As an ester prodrug, fosinopril is hydrolysed by esterases to its active metabolite fosinoprilat. Fosinoprilat specifically and competitively inhibits angiotensin-converting enzyme thereby decreasing the formation of the potent vasoconstrictor angiotensin II, resulting in diminished vasopressor activity. In addition, angiotensin II-mediated aldosterone secretion by adrenal cortex is decreased, which results in a decrease of sodium retention and an increase in water outflow.",NCI,T109,Organic Chemical
393,C0123677,human insulin aspart,MEDCIN,"A recombinant human insulin analog with rapid-acting, blood glucose-lowering activity. Insulin aspart, acting faster than regular human insulin, regulates glucose metabolism by binding to insulin receptors on muscle and fat cells, thereby facilitating the cellular uptake of glucose. This lowers blood glucose levels. At the same time, insulin aspart inhibits the liver's conversion of stored glycogen into glucose, which also contributes to lower blood glucose levels. Insulin aspart also inhibits lipolysis in adipose tissue, inhibits proteolysis, and enhances protein synthesis. (NCI05)",NCI,T116,"Amino Acid, Peptide, or Protein"
394,C0126174,Losartan,SNOMEDCT_US,"A non-peptide angiotensin II antagonist with antihypertensive activity. Upon administration, losartan and its active metabolite selectively and competitively blocks the binding of angiotensin II to the angiotensin I (AT1) receptor. This blocks the vasoconstricting and aldosterone-secreting actions of angiotensin II, leading to a decrease in blood pressure. Angiotensin II, formed from angiotensin I by angiotensin-converting enzyme (ACE), stimulates the adrenal cortex to synthesize and secrete aldosterone, which decreases the excretion of sodium and increases the excretion of potassium. Angiotensin II also acts as a vasoconstrictor in vascular smooth muscle.",NCI,T109,Organic Chemical
395,C0126774,Magnesium citrate,SNOMEDCT_US,"The citrate salt of the element magnesium with cathartic activity. The cathartic action of magnesium cations appears to result, in part, from osmotically mediated water retention, which subsequently stimulates peristalsis. In addition, magnesium ions may also stimulate the activity of nitric oxide (NO) synthase and increase the biosynthesis of the phospholipid proinflammatory mediator platelet activating factor (PAF) in the gut. NO may stimulate intestinal secretion via prostaglandin- and cyclic GMP-dependent mechanisms while PAF produces significant stimulation of colonic secretion and gastrointestinal motility.",NCI,T109,Organic Chemical
396,C0132512,Nilvadipine,SNOMEDCT_US,,,T109,Organic Chemical
397,C0136123,Perindopril,SNOMEDCT_US,"A non-sulfhydryl angiotensin converting enzyme (ACE) inhibitor with antihypertensive activity. Upon hydrolysis, perindopril is converted to its active form perindoprilat, inhibiting ACE and the conversion of angiotensin I to angiotensin II; consequently, angiotensin II-mediated vasoconstriction and angiotensin II-stimulated aldosterone secretion from the adrenal cortex are inhibited and diuresis and natriuresis ensue.",NCI,T109,Organic Chemical
398,C0137440,Dexchlorpheniramine maleate,SNOMEDCT_US,"The maleate salt form of dexchlorpheniramine, an alkylamine, and first-generation histamine antagonist with anti-allergic activity. Dexchlorpheniramine maleate competitively blocks H1 receptors, thereby preventing the actions of histamine on bronchial smooth muscle, capillaries and gastrointestinal (GI) smooth muscle. This prevents histamine-induced bronchoconstriction, vasodilation, increased capillary permeability, and GI smooth muscle spasms.",NCI,T109,Organic Chemical
399,C0138273,Prednisolone sodium phosphate,SNOMEDCT_US,"The sodium phosphate salt form of prednisolone, a synthetic glucocorticoid with anti-inflammatory and immunomodulating properties. As a glucocorticoid receptor agonist, prednisolone sodium phosphate binds to specific intracellular glucocorticoid receptors, and causes the ligand- receptor complex to be translocated to the nucleus where it initiates the transcription of glucocorticoid-responsive genes such as various cytokines and lipocortins. Lipocortins inhibit phospholipase A2, thereby blocking the release of arachidonic acid from membrane phospholipids and preventing the synthesis of prostaglandins and leukotrienes, both potent mediators of inflammation. This agent also decreases the number of circulating lymphocytes, induces cell differentiation, and stimulates apoptosis in sensitive tumor cell populations.",NCI,T109,Organic Chemical
400,C0138274,Prednisolone sodium succinate,SNOMEDCT_US,"The sodium succinate salt form of prednisolone, a synthetic glucocorticoid with anti-inflammatory and immunomodulating properties. After cell surface receptor attachment and cell entry, prednisolone enters the nucleus where it binds to and activates specific nuclear receptors, resulting in an altered gene expression and inhibition of proinflammatory cytokine production. This agent also decreases the number of circulating lymphocytes, induces cell differentiation, and stimulates apoptosis in sensitive tumor cells populations. (NCI)",NCI,T109,Organic Chemical
401,C0142278,Sibutramine hydrochloride,SNOMEDCT_US,"The hydrochloride salt form of sibutramine, a phenethylamine derivative with appetite depressant property. Sibutramine hydrochloride metabolites M1 and M2 competitively inhibit the reuptake of norepinephrine, serotonin, and to a lesser degree dopamine by pre-synaptic nerve terminals, thereby promoting a sense of satiety, leading to a decrease in calorie intake, and possibly an increase in resting metabolic rate. This agent does not exhibit anticholinergic or antihistaminic effects.",NCI,T109,Organic Chemical
402,C0148932,Phendimetrazine tartrate,SNOMEDCT_US,"A phenylalkylamine sympathomimetic amine with appetite depressant property. Phendimetrazine tartrate is a prodrug that is hydrolyzed to the active metabolite phenmetrazine, which competes with norepinephrine and dopamine for their presynaptic transporters, thereby blocks the reuptake of these monoamines at the neuronal junctions. As a result, this prolongs activities of dopamine and norepinephrine and leads to central nervous system (CNS) stimulation and metabolic effects, including appetite-suppression, decreased gastric acid secretion and increased blood pressure.",NCI,T109,Organic Chemical
403,C0149670,Disorder of carbohydrate metabolism,SNOMEDCT_US,"Metabolism is the process your body uses to make energy from the food you eat. Food is made up of proteins, carbohydrates, and fats. Chemicals in your digestive system (enzymes) break the food parts down into sugars and acids, your body's fuel. Your body can use this fuel right away, or it can store the energy in your body tissues. If you have a metabolic disorder, something goes wrong with this process. Carbohydrate metabolism disorders are a group of metabolic disorders. Normally your enzymes break carbohydrates down into glucose (a type of sugar). If you have one of these disorders, you may not have enough enzymes to break down the carbohydrates. Or the enzymes may not work properly. This causes a harmful amount of sugar to build up in your body. That can lead to health problems, some of which can be serious. Some of the disorders are fatal. These disorders are inherited. Newborn babies get screened for many of them, using blood tests. If there is a family history of one of these disorders, parents can get genetic testing to see whether they carry the gene. Other genetic tests can tell whether the fetus has the disorder or carries the gene for the disorder. Treatments may include special diets, supplements, and medicines. Some babies may also need additional treatments, if there are complications. For some disorders, there is no cure, but treatments may help with symptoms.",MEDLINEPLUS,T047,Disease or Syndrome
404,C0149877,Hypoglycemic encephalopathy,SNOMEDCT_US,"Brain damage related to a lowering of blood glucose below a critical level (around 30 mg/dl), which may lead to confusion, lethargy and delirium followed by seizures and coma. Prolonged hypoglycemia may lead to irreversible brain damage. [https://orcid.org/0000-0002-0736-9199]",HPO,T047,Disease or Syndrome
405,C0149942,Ophthalmoplegia due to diabetes mellitus,SNOMEDCT_US,,,T047,Disease or Syndrome
406,C0150011,Ineffective airway clearance,SNOMEDCT_US,Inability to clear secretions or obstructions from the respiratory tract to maintain a clear airway.,NANDA-I,T046,Pathologic Function
407,C0150254,Hypoglycemia management,SNOMEDCT_US,Preventing and treating low blood glucose levels,NIC,T061,Therapeutic or Preventive Procedure
408,C0150544,Diabetic care,SNOMEDCT_US,Managing and/or caring for a patient by monitoring and/or controlling his or her diabetic condition(s).,ALT,T058,Health Care Activity
409,C0150840,Former or Present Systemic Disease,AIR,,,T047,Disease or Syndrome
410,C0150941,Concomitant or past diseases,AIR,,,T033,Finding
411,C0151620,Hypertensive encephalopathy,SNOMEDCT_US,Encephalopathy resulting from hypertension.,NCI,T047,Disease or Syndrome
412,C0151671,Glucose tolerance decreased (finding),MTH,"An abnormal resistance to glucose, i.e., a reduction in the ability to maintain glucose levels in the blood stream within normal limits following oral or intravenous administration of glucose. [https://orcid.org/0000-0002-0736-9199]",HPO,T033,Finding
413,C0151864,Disorder of pregnancy,SNOMEDCT_US,"A disorder that is related to pregnancy. Representative examples include ectopic pregnancy, toxemia of pregnancy, and gestational trophoblastic tumor.",NCI,T047,Disease or Syndrome
414,C0152020,gastroparesis,MEDCIN,Paralysis of the muscles of the stomach wall resulting in delayed emptying of the gastric contents into the small intestine.,NCI,T047,Disease or Syndrome
415,C0152105,Hypertensive heart disease,SNOMEDCT_US,"Heart conditions that are caused by high blood pressure, including coronary artery disease and heart failure.",NCI,T047,Disease or Syndrome
416,C0152132,Hypertensive retinopathy,SNOMEDCT_US,Retinopathy due to hypertension.,NCI,T047,Disease or Syndrome
417,C0152170,Transient hypertension,SNOMEDCT_US,,,T047,Disease or Syndrome
418,C0154172,Type I diabetes mellitus with hyperosmolar coma,MDR,,,T047,Disease or Syndrome
419,C0154181,Type II diabetes mellitus with peripheral circulatory disorders,MDR,,,T047,Disease or Syndrome
420,C0154182,Type I diabetes mellitus with peripheral circulatory disorders,MDR,,,T047,Disease or Syndrome
421,C0154183,Diabetes with other specified manifestations,ICD9CM,,,T047,Disease or Syndrome
422,C0154189,Other disorders of pancreatic internal secretion,MEDCIN,,,T047,Disease or Syndrome
423,C0154191,Abnormality of secretion of glucagon,SNOMEDCT_US,,,T047,Disease or Syndrome
424,C0154830,Proliferative Diabetic Retinopathy,NCI,"Advanced retinopathy due to diabetes mellitus characterized by the formation of new vessels in the retina. The new vessels are abnormal and fragile. If hemorrhage occurs due to the vascular fragility, there is increased risk of vision loss or blindness.",NCI,T047,Disease or Syndrome
425,C0155583,Benign essential hypertension (disorder),MTH,A condition of mild to moderate high blood pressure that has no identifiable cause.,NCI,T047,Disease or Syndrome
426,C0155584,Malignant hypertensive heart disease,SNOMEDCT_US,,,T047,Disease or Syndrome
427,C0155586,Malignant hypertensive heart disease with congestive heart failure,SNOMEDCT_US,,,T047,Disease or Syndrome
428,C0155587,Benign hypertensive heart disease,SNOMEDCT_US,,,T047,Disease or Syndrome
429,C0155589,Benign hypertensive heart disease with congestive cardiac failure,SNOMEDCT_US,,,T047,Disease or Syndrome
430,C0155591,Hypertensive heart disease NOS without congestive cardiac failure,MTH,,,T047,Disease or Syndrome
431,C0155593,Malignant hypertensive renal disease,SNOMEDCT_US,,,T047,Disease or Syndrome
432,C0155596,Benign hypertensive renal disease,SNOMEDCT_US,,,T047,Disease or Syndrome
433,C0155598,Benign hypertensive renal disease with renal failure,SNOMEDCT_US,,,T047,Disease or Syndrome
434,C0155601,Hypertensive heart AND renal disease,SNOMEDCT_US,,,T047,Disease or Syndrome
435,C0155602,Malignant hypertensive heart AND renal disease,SNOMEDCT_US,,,T047,Disease or Syndrome
436,C0155607,Benign hypertensive heart AND renal disease,SNOMEDCT_US,,,T047,Disease or Syndrome
437,C0155616,Secondary hypertension,SNOMEDCT_US,High blood pressure caused by an underlying medical condition.,NCI,T047,Disease or Syndrome
438,C0155617,Malignant secondary hypertension,SNOMEDCT_US,,,T047,Disease or Syndrome
439,C0155620,Benign secondary hypertension,SNOMEDCT_US,Mild to moderate high blood pressure that is caused by an underlying medical condition.,NCI,T047,Disease or Syndrome
440,C0155622,Other benign secondary hypertension,ICD9CM,,,T047,Disease or Syndrome
441,C0155854,Upper respiratory tract hypersensitivity reaction,SNOMEDCT_US,,,T047,Disease or Syndrome
442,C0155877,Allergic asthma,SNOMEDCT_US,"Asthma is a breathing disorder characterized by inflammation of the airways and recurrent episodes of breathing difficulty. These episodes, sometimes referred to as asthma attacks, are triggered by irritation of the inflamed airways. In allergic asthma, the attacks occur when substances known as allergens are inhaled, causing an allergic reaction. Allergens are harmless substances that the body's immune system mistakenly reacts to as though they are harmful. Common allergens include pollen, dust, animal dander, and mold. The immune response leads to the symptoms of asthma. Allergic asthma is the most common form of the disorder.~A hallmark of asthma is bronchial hyperresponsiveness, which means the airways are especially sensitive to irritants and respond excessively. Because of this hyperresponsiveness, attacks can be triggered by irritants other than allergens, such as physical activity, respiratory infections, or exposure to tobacco smoke, in people with allergic asthma.~An asthma attack is characterized by tightening of the muscles around the airways (bronchoconstriction), which narrows the airway and makes breathing difficult. Additionally, the immune reaction can lead to swelling of the airways and overproduction of mucus. During an attack, an affected individual can experience chest tightness, wheezing, shortness of breath, and coughing. Over time, the muscles around the airways can become enlarged (hypertrophied), further narrowing the airways.~Some people with allergic asthma have another allergic disorder, such as hay fever (allergic rhinitis) or food allergies. Asthma is sometimes part of a series of allergic disorders, referred to as the atopic march. Development of these conditions typically follows a pattern, beginning with eczema (atopic dermatitis), followed by food allergies, then hay fever, and finally asthma. However, not all individuals with asthma have progressed through the atopic march, and not all individuals with one allergic disease will develop others.",MEDLINEPLUS,T047,Disease or Syndrome
443,C0155878,Extrinsic asthma without mention of status asthmaticus,MTH,,,T047,Disease or Syndrome
444,C0155879,extrinsic asthma with status asthmaticus,MEDCIN,,,T047,Disease or Syndrome
445,C0155880,Intrinsic asthma,SNOMEDCT_US,,,T047,Disease or Syndrome
446,C0155881,Intrinsic asthma without mention of status asthmaticus,MTH,,,T047,Disease or Syndrome
447,C0155882,intrinsic asthma with status asthmaticus,MEDCIN,,,T047,Disease or Syndrome
448,C0155883,Chronic obstructive asthma (with obstructive pulmonary disease),MDR,Chronic airway obstruction caused by asthma.,NCI,T047,Disease or Syndrome
449,C0155886,"Asthma, unspecified type, without mention of status asthmaticus",MTH,,,T047,Disease or Syndrome
450,C0156689,Unspecified Antepartum Hypertension,NCI,High blood pressure in the period of time preceding labor and delivery.,NCI,T047,Disease or Syndrome
451,C0156878,"Abnormal glucose tolerance in mother complicating pregnancy, childbirth AND/OR puerperium",SNOMEDCT_US,,,T047,Disease or Syndrome
452,C0156880,"Abnormal glucose tolerance of mother, delivered, with or without mention of antepartum condition",ICD9CM,,,T047,Disease or Syndrome
453,C0156881,"Abnormal glucose tolerance of mother, delivered, with mention of postpartum complication",ICD9CM,,,T046,Pathologic Function
454,C0156882,"Abnormal glucose tolerance of mother, antepartum",MTHICD9,,,T047,Disease or Syndrome
455,C0156883,"Abnormal glucose tolerance of mother, postpartum",MTHICD9,,,T047,Disease or Syndrome
456,C0158981,Neonatal diabetes mellitus,SNOMEDCT_US,Hyperglycemia in the newborn due to a defect in the secretion or function of insulin.,NCI,T047,Disease or Syndrome
457,C0158986,Neonatal hypoglycemia,SNOMEDCT_US,Blood glucose concentration below the lower limit of established reference ranges in a newborn.,NCI,T047,Disease or Syndrome
458,C0159069,Glucose Tolerance Test Abnormal,CCPSS,,,T033,Finding
459,C0162531,Hereditary coproporphyria,SNOMEDCT_US,"An autosomal dominant inherited disorder of porphyrin metabolism caused by deficiency of the enzyme coproporphyrinogen oxidase. It results in neurologic damage and can include abdominal pain, constipation and psychiatric manifestations.",NCI,T047,Disease or Syndrome
460,C0162565,Acute intermittent porphyria,SNOMEDCT_US,"A genetic metabolic disorder inherited in an autosomal dominant pattern. It is caused by a deficiency of the enzyme porphobilinogen deaminase, which is involved in heme biosynthesis. Signs and symptoms include nausea, vomiting, severe abdominal pain and distension, urinary retention, port-wine urine discoloration, hypertension, tachycardia, muscle weakness, loss of sensation, anxiety, depression, and arm, leg and back pain.",NCI,T047,Disease or Syndrome
461,C0162574,advanced glycation end products,CHV,Nonenzymatically glycosylated proteins or lipids which accumulate in vascular tissue during aging and at an accelerated rate in diabetes.,NCI,T109,Organic Chemical
462,C0162671,MELAS syndrome,MDR,"Mitochondrial encephalomyopathy, lactic acidosis, and stroke-like episodes (MELAS) is a condition that affects many of the body's systems, particularly the brain and nervous system (encephalo-) and muscles (myopathy). The signs and symptoms of this disorder most often appear in childhood following a period of normal development, although they can begin at any age. Early symptoms may include muscle weakness and pain, recurrent headaches, loss of appetite, vomiting, and seizures. Most affected individuals experience stroke-like episodes beginning before age 40. These episodes often involve temporary muscle weakness on one side of the body (hemiparesis), altered consciousness, vision abnormalities, seizures, and severe headaches resembling migraines. Repeated stroke-like episodes can progressively damage the brain, leading to vision loss, problems with movement, and a loss of intellectual function (dementia).~Most people with MELAS have a buildup of lactic acid in their bodies, a condition called lactic acidosis. Increased acidity in the blood can lead to vomiting, abdominal pain, extreme tiredness (fatigue), muscle weakness, and difficulty breathing. Less commonly, people with MELAS may experience involuntary muscle spasms (myoclonus), impaired muscle coordination (ataxia), hearing loss, heart and kidney problems, diabetes, and hormonal imbalances.",MEDLINEPLUS,T047,Disease or Syndrome
463,C0163657,Chromium picolinate,SNOMEDCT_US,"Chromium Piccolinate is a salt of the trace metallic element chromium (Cr), essential in glucose metabolism. Found in vitamins and mineral supplements, Chromium may be necessary for utilization of dietary sugars and carbohydrates by optimizing the effects of insulin. Animal studies suggest that chromium picolinate may be carcinogenic, it enters cells directly and can causes mutations. (NCI04)",NCI,T109,Organic Chemical
464,C0164608,Quinethazone,SNOMEDCT_US,"A long-acting, quinazolinesulfonamide derivative with thiazide-like diuretic activity. Quinethazone acts in a similar manner to that of other typical thiazide diuretics and is no longer commercially available in the United States.",NCI,T109,Organic Chemical
465,C0165477,Trandolaprilat,NCI,"A non-sulfhydryl angiotensin-converting enzyme (ACE) inhibitor with antihypertensive activity. Trandolaprilat competitively binds to and inhibits ACE, thereby blocking the conversion of angiotensin I to angiotensin II. This prevents the potent vasoconstrictive actions of angiotensin II and results in vasodilation. Trandolaprilat also decreases angiotensin II-induced aldosterone secretion by the adrenal cortex, which leads to an increase in sodium excretion and subsequently increases water outflow.",NCI,T109,Organic Chemical
466,C0165703,Imidapril,SNOMEDCT_US,"An angiotensin-converting enzyme (ACE) inhibitor with antihypertensive activity. As a prodrug, imidapril is converted by hydrolysis in the liver into its active form imidaprilat. Imidaprilat competitively binds to and inhibits ACE, thereby blocking the conversion of angiotensin I to angiotensin II. This prevents the potent vasoconstrictive actions of angiotensin II and results in vasodilation. Imidaprilat also decreases angiotensin II-induced aldosterone secretion by the adrenal cortex, which leads to an increase in sodium excretion and subsequently increases water outflow.",NCI,T109,Organic Chemical
467,C0167117,Exenatide,SNOMEDCT_US,"A 39 amino acid peptide and synthetic version of exendin-4, a hormone found in the saliva of the venomous lizard Gila monster, with insulin secretagogue and antihyperglycemic activity. Exenatide is administered subcutaneously and mimics human glucagon-like peptide-1 (GLP-1). Compared to GLP-1, exenatide has a longer half-life of 2.4 hours.",NCI,T116,"Amino Acid, Peptide, or Protein"
468,C0174938,Methylprednisolone aceponate,SNOMEDCT_US,,,T109,Organic Chemical
469,C0175158,Deserpidine,SNOMEDCT_US,"An ester alkaloid derived from Rauwolfia canescens with antihypertensive activity. Deserpidine is a competitive inhibitor of the angiotensin converting enzyme (ACE). By competing with angiotensin I for ACE, deserpidine blocks the conversion of angiotensin I to angiotensin II, which is a potent vasoconstrictor. Reduced level of serum angiotensin II causes a decrease in blood pressure. Deserpidine also decreases angiotensin II-induced aldosterone secretion by the adrenal cortex.",NCI,T109,Organic Chemical
470,C0175692,Johanson-Blizzard syndrome,SNOMEDCT_US,"An extremely rare autosomal recessive condition caused by mutation(s) in the UBR1 gene, encoding E3 ubiquitin-protein ligase UBR1. It is characterized by failure to thrive, often due to pancreatic insufficiency, craniofacial abnormalities, and intellectual disability.",NCI,T047,Disease or Syndrome
471,C0175702,Williams syndrome,SNOMEDCT_US,"Williams syndrome is a developmental disorder that affects many parts of the body. This condition is characterized by mild to moderate intellectual disability or learning problems, unique personality characteristics, distinctive facial features, and heart and blood vessel (cardiovascular) problems.~People with Williams syndrome typically have difficulty with visual-spatial tasks such as drawing and assembling puzzles, but they tend to do well on tasks that involve spoken language, music, and learning by repetition (rote memorization). Affected individuals have outgoing, engaging personalities and tend to take an extreme interest in other people. Attention deficit disorder (ADD), problems with anxiety, and phobias are common among people with this disorder.~Young children with Williams syndrome have distinctive facial features including a broad forehead, puffiness around the eyes, a flat bridge of the nose, full cheeks, and a small chin. Many affected people have dental problems such as teeth that are small, widely spaced, crooked, or missing. Older children and adults typically have a longer face with a wide mouth and full lips.~A form of cardiovascular disease called supravalvular aortic stenosis (SVAS) occurs frequently in people with Williams syndrome. Supravalvular aortic stenosis is a narrowing of the large blood vessel that carries blood from the heart to the rest of the body (the aorta). If this condition is not treated, the aortic narrowing can lead to shortness of breath, chest pain, and heart failure. Narrowing of other vessels, including the artery from the heart to the lungs (pulmonary stenosis) and the arteries that supply blood to the heart (coronary artery stenosis) can also occur. Other problems with the heart and blood vessels, including high blood pressure (hypertension) and stiff blood vessels, have also been reported in people with Williams syndrome. Individuals with Williams syndrome have an increased risk of complications with the use of anesthesia.~Additional signs and symptoms of Williams syndrome include abnormalities of connective tissue (tissue that supports the body's joints and organs) such as joint problems and soft, loose skin. Affected people may also have increased calcium levels in the blood (hypercalcemia) in infancy, developmental delays, problems with coordination, and short stature. Medical problems involving vision or hearing, including sensitivity to sound (hyperacusis), are frequently associated with Williams syndrome. In addition, problems with the digestive tract and the urinary system are also possible. Obesity or diabetes can develop in adulthood.",MEDLINEPLUS,T047,Disease or Syndrome
472,C0178257,Disorders of other endocrine glands (E20-E35),ICD10CM,,,T047,Disease or Syndrome
473,C0178278,Chronic Obstructive Pulmonary Disease And Allied Conditions,ICD9CM,,,T047,Disease or Syndrome
474,C0178292,"complications of pregnancy, childbirth, and puerperium",MEDCIN,,,T046,Pathologic Function
475,C0181260,"Hypoglycemia Detection Units, Nocturnal",UMD,,,T074,Medical Device
476,C0184501,Physical Regulation Component,CCC,Cluster of elements that involve bodily processes.,CCC,T170,Intellectual Product
477,C0202041,"Glucose measurement, serum",SNOMEDCT_US,A quantitative measurement of the amount of glucose present in a sample of serum.,NCI,T059,Laboratory Procedure
478,C0204935,Diabetic education,SNOMEDCT_US,,,T058,Health Care Activity
479,C0204946,Hypertension education,SNOMEDCT_US,,,T058,Health Care Activity
480,C0205217,Increased,SNOMEDCT_US,,,T081,Quantitative Concept
481,C0205395,Miscellaneous,SNOMEDCT_US,"Diverse, mixed, consisting of an assortment of different kinds.",NCI,T080,Qualitative Concept
482,C0205734,autoimmune diabetes,CHV,,,T047,Disease or Syndrome
483,C0206172,Diabetic foot,SNOMEDCT_US,"What is diabetes? Diabetes is a disease in which your blood glucose, or blood sugar, levels are too high. Glucose comes from foods you eat. The cells of your body need glucose for energy. A hormone called insulin helps the glucose get into your cells. With type 1 diabetes, your body doesn't make insulin. With type 2 diabetes, your body doesn't make or use insulin well. Without enough insulin, glucose can't get into your cells as quickly as usual. The glucose builds up in your blood and causes high blood sugar levels. How does diabetes cause foot problems? Foot problems are common in people with diabetes. They can happen over time when high blood sugar damages the nerves and blood vessels in the feet. The nerve damage, called diabetic neuropathy, can cause numbness, tingling, pain, or a loss of feeling in your feet. If you can't feel pain, you may not know when you have a cut, blister, or ulcer (open sore) on your foot. A wound like that could get infected. The infection may not heal well because the damaged blood vessels can cause poor blood flow in your feet. Having an infection and poor blood flow can lead to gangrene. That means the muscle, skin, and other tissues start to die. If you have gangrene or a foot ulcer that does not get better with treatment, you may need an amputation. This is a surgery to cut off your damaged toe, foot, or part of your leg. It may prevent a bad infection from spreading and could save your life. But there's a lot you can do to prevent a foot wound from becoming a major health problem. How can I protect my feet if I have diabetes? The best way to protect your feet is by controlling your blood sugar levels every day. This will help keep nerve and blood vessel damage from getting worse. The next step is to keep the skin of your feet healthy. Good foot care for people with diabetes includes:  Checking your feet every day. Look for cuts, redness, and other changes in the skin and toenails, including warts or other spots that your shoes could rub. Make sure to check the bottoms of your feet too. Washing your feet every day. Use warm water and soap. Don't soak your feet because that can dry out your skin. After you dry your feet, you can use talcum powder or cornstarch between your toes. They soak up moisture that can cause infection. If you use lotion, don't apply it between your toes. Asking your doctor how to remove corns and calluses safely. Thick skin on your feet can rub and lead to sores. But removing it the wrong way could damage your skin. So you don't want to cut the skin or use medicated pads or liquid removers. Trimming your toenails straight across with a clipper. If it's hard for you to trim your own toenails, or if they're thick or curve into the skin, have a podiatrist (foot doctor) do it for you. Always wearing well-fitting shoes and socks or slippers to protect your feet when walking. You don't want to walk barefoot, even indoors. And be sure your shoes are smooth inside. A seam or pebble could rub your skin raw. Protecting your feet from heat and cold. Use sunscreen on exposed skin and don't walk barefoot at the beach. In cold weather, wear warm socks instead of warming your feet near a heater or fireplace. Keeping the blood flowing in your feet. Put your feet up when you're sitting. Wiggle your toes and circle your feet throughout the day. Don't wear tight socks. And get plenty of activity that's not too hard on the feet, such as walking. Getting your feet checked at your health care visits. Even if you haven't noticed a problem, it's good to have your health care provider look at your feet.  When should I see my health care provider about diabetic foot problems? Serious foot problems can develop quickly. See your health care provider right away if you notice:  A cut, blister, or bruise on your feet that doesn't start to heal in a few days Red, warm, or painful skin on your feet A callus with dried blood inside A foot infection that becomes black and smells bad that could be gangrene  Remember, controlling your blood sugar and caring for your feet every day are the best steps you can take to prevent serious diabetic foot problems. NIH: National Institute of Diabetes and Digestive and Kidney Diseases",MEDLINEPLUS,T047,Disease or Syndrome
484,C0206599,Sumatriptan succinate,SNOMEDCT_US,"The succinate salt form of sumatriptan, a member of the triptan class of compounds with anti-migraine property. Sumatriptan succinate selectively binds to and activates serotonin 5-HT1 receptors. This results in constriction of meningeal, dural, cerebral or pial blood vessels via stimulation of the 5-HT1B receptors, thereby reducing the vascular pulsation and may provide relief in migraine headaches. Furthermore, agonistic action of this agent through presynaptic stimulation of 5-HT1D and/or 5-HT1F receptors prevents release of vasoactive and pro-inflammatory neuropeptide (calcitonin gene-related peptide), thereby may also relieve migraine headaches. In addition, central inhibition of pain transmission via the inhibition of trigeminal neurons in the brain stems and upper spinal cord mediated by 5-HT1B, 5-HT1D or 5-HT 1F receptors also aides in the alleviation of migraine pain.",NCI,T109,Organic Chemical
485,C0209137,Moexiprilat,NCI,"A non-sulfhydryl angiotensin converting enzyme (ACE) inhibitor with antihypertensive activity. Moexiprilat competitively inhibits ACE, thereby blocking the conversion of angiotensin I to angiotensin II. This prevents the actions of the potent vasoconstrictor angiotensin II and leads to vasodilatation. This agent also prevents angiotensin II-induced aldosterone secretion by the adrenal cortex, thereby promoting diuresis and natriuresis.",NCI,T109,Organic Chemical
486,C0216784,Valsartan,SNOMEDCT_US,"An orally active nonpeptide triazole-derived antagonist of angiotensin (AT) II with antihypertensive properties. Valsartan selectively and competitively blocks the binding of angiotensin II to the AT1 subtype receptor in vascular smooth muscle and the adrenal gland, preventing AT II-mediated vasoconstriction, aldosterone synthesis and secretion, and renal reabsorption of sodium, and resulting in vasodilation, increased excretion of sodium and water, a reduction in plasma volume, and a reduction in blood pressure.",NCI,T109,Organic Chemical
487,C0220710,Medium-chain acyl-coenzyme A dehydrogenase deficiency,SNOMEDCT_US,"Medium-chain acyl-CoA dehydrogenase (MCAD) deficiency is a condition that prevents the body from converting certain fats to energy, particularly during periods without food (fasting).~Signs and symptoms of MCAD deficiency typically appear during infancy or early childhood and can include vomiting, lack of energy (lethargy), and low blood glucose (hypoglycemia). In rare cases, symptoms of this disorder are not recognized early in life, and the condition is not diagnosed until adulthood. People with MCAD deficiency are at risk of serious complications such as seizures, breathing difficulties, liver problems, brain damage, coma, and sudden death.~Problems related to MCAD deficiency can be triggered by periods of fasting or by illnesses such as viral infections. This disorder is sometimes mistaken for Reye syndrome, a severe disorder that may develop in children while they appear to be recovering from viral infections such as chicken pox or flu. Most cases of Reye syndrome are associated with the use of aspirin during these viral infections.",MEDLINEPLUS,T047,Disease or Syndrome
488,C0220744,"Intestinal Atresia, Multiple",MTH,,,T047,Disease or Syndrome
489,C0221154,Paroxysmal hypertension,SNOMEDCT_US,Hypertension that presents intermittently.,NCI,T047,Disease or Syndrome
490,C0221155,Systolic hypertension,SNOMEDCT_US,Abnormally high systolic blood pressure.,NCI,T047,Disease or Syndrome
491,C0221589,"Rheumatic illness with extraarticular and/or constitutional features (fever, rash, pleurisy,etc) OR Systemic illness with rheumatic manifestation",AIR,,,T047,Disease or Syndrome
492,C0221733,Paradoxical pressor response,MDR,,,T033,Finding
493,C0225804,Systemic circulatory system,SNMI,,,T022,Body System
494,C0230139,Thoracic cavity structure,SNOMEDCT_US,The cavity in the vertebrate body enclosed by the ribs between the diaphragm and the neck and containing the lungs and heart.,NCI,T030,Body Space or Junction
495,C0231875,Expiratory wheezing,SNOMEDCT_US,,,T184,Sign or Symptom
496,C0232104,Cardiovascular pressure,SNOMEDCT_US,,,T032,Organism Attribute
497,C0232117,Pulse rate,SNOMEDCT_US,"The rate of the pulse as observed in an artery, expressed as beats per minute. It can be measured at several anatomic sites, including the wrist, neck, temple, groin, behind the knees, or on top of the foot.",NCI,T201,Clinical Attribute
498,C0232804,Renal function,SNOMEDCT_US,Pertaining to the physiologic processes of the kidneys.,NCI,T042,Organ or Tissue Function
499,C0235222,Diastolic hypertension,SNOMEDCT_US,Hypertension characterized diastolic blood pressure greater than 90 mmHg on two occasions.,NCI,T047,Disease or Syndrome
500,C0235397,Diabetes mellitus precipitated,MDR,,,T033,Finding
501,C0235398,Diabetes mellitus exacerbated,MDR,,,T047,Disease or Syndrome
502,C0235399,Diabetes Mellitus Reactivated,WHO,,,T047,Disease or Syndrome
503,C0235401,Glucose Tolerance Abnormal,WHO,,,T033,Finding
504,C0235422,Insulin value increased,MDR,,,T033,Finding
505,C0235429,Ketotic breath,SNOMEDCT_US,,,T033,Finding
506,C0235750,Hypertension worsened,MDR,,,T033,Finding
507,C0235906,Bronchospasm Aggravated,WHO,,,T033,Finding
508,C0236072,Paradoxical bronchospasm,SNOMEDCT_US,,,T046,Pathologic Function
509,C0237312,abnormal blood pressure reading,OMS,,,T033,Finding
510,C0237653,Immunologic hypersensitivity,HPO,Immunological states where the immune system produces harmful responses upon reexposure to sensitizing antigens. [https://www.st-andrews.ac.uk/~gdk/bl4217web/Gp3%20Ref%20list/hypersensitivity%20printed.pdf],HPO,T046,Pathologic Function
511,C0238086,"Diabetes Mellitus, Transient, Of Newborn",DXP,,,T047,Disease or Syndrome
512,C0238179,"Hypoglycemia, Exogenous",DXP,,,T047,Disease or Syndrome
513,C0238181,"Hypoglycemia, Reactive Functional",DXP,,,T047,Disease or Syndrome
514,C0238375,Platinum asthma,SNOMEDCT_US,,,T047,Disease or Syndrome
515,C0238780,"Blood Pressure Increase, Systolic, Lower Extremity",DXP,,,T033,Finding
516,C0240016,Insulin used,SNOMEDCT_US,,,T033,Finding
517,C0241861,stable; diabetes,ICPC2ICD10ENG,,,T047,Disease or Syndrome
518,C0241863,diabetic,CHV,,,T033,Finding
519,C0241993,Mc Quarrie Syndrome,DXP,,,T047,Disease or Syndrome
520,C0242451,Propoxyphene hydrochloride,SNOMEDCT_US,"The hydrochloride salt form of the d-isomer of synthetic diphenyl propionate derivative propoxyphene, with narcotic analgesic effect. This agent mimics the effects of the endogenous opiate dextropropoxyphene, by binding to mu receptors located throughout the central nervous system. The binding results in GTP to GDP exchanges on the mu-G-protein complex, by which effector adenylate cyclase is inactivated thereby decreasing intracellular cAMP. This, in turn, inhibits the release of various nociceptive neurotransmitters, such as substance P, gamma-aminobutyric acid (GABA), dopamine, acetylcholine, noradrenaline, vasopressin, and somatostatin. In addition, dextropropoxyphene closes N-type voltage-gated calcium channels and opens calcium-dependent inwardly rectifying potassium channels. This results in hyperpolarization, thereby reducing neuronal excitability, which further decreases the perception of pain.",NCI,T109,Organic Chemical
521,C0242524,Tripelennamine citrate,SNOMEDCT_US,,,T109,Organic Chemical
522,C0244718,Perindopril erbumine,SNOMEDCT_US,"The tert-butylamine salt of perindopril, the ethyl ester of a non-sulfhydryl angiotensin converting enzyme (ACE) inhibitor with antihypertensive activity. Upon hydrolysis, perindopril erbumine is converted to its active form perindoprilat, inhibiting ACE and the conversion of angiotensin I to angiotensin II; consequently, angiotensin II-mediated vasoconstriction and angiotensin II-stimulated aldosterone secretion from the adrenal cortex are inhibited and diuresis and natriuresis ensue.",NCI,T109,Organic Chemical
523,C0245514,Troglitazone,SNOMEDCT_US,"An orally-active thiazolidinedione with antidiabetic and hepatotoxic properties and potential antineoplastic activity. Troglitazone activates peroxisome proliferator-activated receptor gamma (PPAR-gamma), a ligand-activated transcription factor, thereby inducing cell differentiation and inhibiting cell growth and angiogenesis. This agent also modulates the transcription of insulin-responsive genes, inhibits macrophage and monocyte activation, and stimulates adipocyte differentiation. (NCI04)",NCI,T109,Organic Chemical
524,C0245531,Salmeterol xinafoate,SNOMEDCT_US,A selective ADRENERGIC BETA-2 RECEPTOR agonist that functions as a BRONCHODILATOR when administered by inhalation. It is used to manage the symptoms of ASTHMA and CHRONIC OBSTRUCTIVE PULMONARY DISEASE.,MSH,T109,Organic Chemical
525,C0246689,Repaglinide,SNOMEDCT_US,A nonsulfonylurea insulin secretagogue belonging to the melgitinide class with hypoglycemic activity. Repaglinide is rapidly absorbed and has a rapid onset and short duration of action. This agent is metabolized in the liver by CYP2C8 and CYP3A4 and its metabolites are excreted in the bile. Repaglinide has a half-life of one hour.,NCI,T109,Organic Chemical
526,C0247025,Tirofiban,SNOMEDCT_US,"A non-peptide tyrosine derivative, with anticoagulant activity. Upon administration, tirofiban antagonizes fibrinogen binding to the platelet cell surface receptor, glycoprotein (GP) IIb/IIIA complex, one of the two purinergic receptors activated by ADP. This prevents the GP IIb/IIIa receptor complex-mediated activation of adenylyl cyclase. This results in decreased levels of cAMP, interferes with the platelet membrane function and subsequent platelet-platelet interaction, prevents the release of platelet granule constituents and prolongs bleeding time.",NCI,T109,Organic Chemical
527,C0248719,Telmisartan,SNOMEDCT_US,"A benzimidazole derivative and a non-peptide angiotensin II receptor antagonist with antihypertensive property. Telmisartan selectively antagonizes angiotensin II binding to the AT1 subtype receptor, located in vascular smooth muscle and adrenal gland. The antagonism results in vasodilation and inhibits the angiotensin II-mediated aldosterone production, which in turn leading to a decrease in sodium and water as well as an increase in potassium excretion leading to a subsequent reduction in blood pressure.",NCI,T109,Organic Chemical
528,C0253563,Eptifibatide,SNOMEDCT_US,"A cyclical heptapeptide with anticoagulant activity. Eptifibatide selectively and reversibly binds to and blocks the platelet glycoprotein IIb/IIIa receptor. This prevents the binding of fibrinogen, von Willebrand factor, and other adhesive ligands and leads to an inhibition of platelet aggregation and prevents thrombus development.",NCI,T116,"Amino Acid, Peptide, or Protein"
529,C0256103,Reteplase,SNOMEDCT_US,"A recombinant, non-glycosylated deletion mutein of tissue plasminogen activator (tPA), a serine protease that catalyzes the cleavage of plasminogen to plasmin, with fibrinolytic activity. Upon administration, reteplase converts plasminogen to plasmin, thereby increasing plasmin enzymatic activity and resulting in degradation of the fibrin matrix of the thrombus and potential dissolution of a thrombus or embolism.",NCI,T116,"Amino Acid, Peptide, or Protein"
530,C0262395,Borderline Hypertension,NCI,Blood pressure in the zone between the highest normal level and the level that is considered hypertensive.,NCI,T047,Disease or Syndrome
531,C0262428,Collagen Vascular Disease,COSTAR,,,T047,Disease or Syndrome
532,C0262448,"Diabetes mellitus, chemical",SNM,,,T047,Disease or Syndrome
533,C0262534,Hypertension;white coat,ICPC2P,Phenomenon where BLOOD PRESSURE readings are elevated only when taken in clinical settings.,MSH,T047,Disease or Syndrome
534,C0262926,History Medical,CCPSS,"A record of a patient's background regarding health and the occurrence of disease events of the individual. In addition, personal medical history may be a variable in epidemiologic studies.",NCI,T033,Finding
535,C0263422,Pretibial pigmental patches due to diabetes mellitus,SNOMEDCT_US,,,T047,Disease or Syndrome
536,C0263651,"Necrobiosis lipoidica, necrobiotic type",SNOMEDCT_US,,,T047,Disease or Syndrome
537,C0263652,"Necrobiosis lipoidica, granulomatous type",SNOMEDCT_US,,,T047,Disease or Syndrome
538,C0264404,Chronic allergic bronchitis,SNOMEDCT_US,,,T047,Disease or Syndrome
539,C0264405,Asthma without status asthmaticus,SNOMEDCT_US,,,T047,Disease or Syndrome
540,C0264408,Childhood asthma,SNOMEDCT_US,"What is asthma?  Asthma is a chronic (long-term) lung disease. It affects your airways, the tubes that carry air in and out of your lungs. When you have asthma, your airways can become inflamed and narrowed. This can cause wheezing, coughing, and tightness in your chest. When these symptoms get worse than usual, it is called an asthma attack or flare-up. How does asthma affect children?  Asthma often starts during childhood, usually before age 5. Many children have asthma - it is the most common chronic disease of childhood. It can cause children to miss school and end up in the hospital. But treatments can help manage asthma. What causes asthma in children? The exact cause of asthma is unknown. Genetics and environment likely play a role in which children get asthma. An asthma attack can happen when your child is exposed to an asthma trigger. An asthma trigger is something that can set off or worsen asthma symptoms. Different triggers can cause different types of asthma: Allergic asthma is caused by allergens. Allergens are substances that cause an allergic reaction. They can include  Dust mites Mold Pets Pollen from grass, trees, and weeds Waste from pests such as cockroaches and mice   Nonallergic asthma is caused by triggers that are not allergens, such as  Breathing in cold air Certain medicines Household chemicals Infections such as colds and the flu Outdoor air pollution Tobacco smoke   Exercise-induced asthma happens during physical exercise, especially when the air is dry  Asthma triggers may be different for each child and can change over time. Which children are at risk for asthma? Certain factors raise the risk of asthma in children: Being exposed to secondhand smoke when their mother is pregnant with them or when they are small children Genetics and family history. Children are more likely to have asthma if one of their parents has it, especially if it's the mother.  Race or ethnicity. Black and African Americans and Puerto Ricans are at higher risk of asthma than people of other races or ethnicities. Having other diseases or conditions such as obesity and allergies Often having viral respiratory infections as young children Sex. In children, asthma is more common in boys. In teens, it is more common in girls.  What are the symptoms of asthma in children? The symptoms of asthma in children include: Chest tightness Coughing, especially at night or early morning Breathing problems, such as shortness of breath, rapid breathing, or gasping for air Feeling tired Dark circles under the eyes Being irritable Wheezing, which causes a whistling sound when they breathe out Trouble eating or sucking (in infants)  These symptoms can range from mild to severe. They may happen often or only once in a while. When children have an asthma attack, their symptoms get much worse. The attacks may come on gradually or suddenly. Sometimes they can be life-threatening. Warning signs of a severe attack include severe coughing, serious breathing problems, and turning very pale or blue in the face, lips and/or fingernails. If your child has those symptoms, get medical help right away. How is asthma in children diagnosed? It can be hard to diagnose asthma in children, especially if they are young. Asthma has similar symptoms as other childhood conditions. And some children may not have asthma symptoms very often, so it may seem like they are having respiratory infections instead. Your child's health care provider may use many tools to diagnose asthma: Physical exam Medical history Chest x-ray Lung function tests, including spirometry, to test how well the lungs work. Younger children are usually not able to do these tests. Allergy skin or blood tests, if you have a history of allergies. These tests check which allergens cause a reaction from your immune system.  If you have a young child who cannot do lung function tests, the provider may suggest doing a trial of asthma medicines. The trial involves giving your child the medicines for several weeks to see whether the symptoms get better. What are the treatments for asthma in children? If your child has asthma, you will work with their health care provider to create a treatment plan. The plan will include ways to manage your child's asthma symptoms and prevent asthma attacks, such as: Strategies to avoid triggers. For example, if tobacco smoke is a trigger for your child, you should not allow anyone to smoke in your home or car. Short-term relief medicines, also called quick-relief medicines. They help prevent symptoms or relieve symptoms during an asthma attack. They include an inhaler to have for your child at all times. It may also include other types of medicines which work quickly to help open your child's airways. Control medicines. They work by reducing airway inflammation and preventing narrowing of the airways. Not all children will take control medicines. Whether or not your child needs them depends on how severe the asthma is and how often your child has symptoms.  If your child has a severe attack and the short-term relief medicines do not work, get medical help right away. Your child's provider may adjust the treatment until the asthma symptoms are controlled.",MEDLINEPLUS,T047,Disease or Syndrome
541,C0264409,Allergic asthma with stated cause,SNMI,,,T047,Disease or Syndrome
542,C0264410,allergic infective asthma,MEDCIN,,,T047,Disease or Syndrome
543,C0264411,Hay fever with asthma,SNOMEDCT_US,,,T047,Disease or Syndrome
544,C0264412,Allergic asthma without status asthmaticus,SNOMEDCT_US,,,T047,Disease or Syndrome
545,C0264413,Late onset asthma,SNOMEDCT_US,,,T047,Disease or Syndrome
546,C0264414,Intrinsic asthma without status asthmaticus,SNOMEDCT_US,,,T047,Disease or Syndrome
547,C0264417,Canine allergic bronchitis,SNMI,,,T047,Disease or Syndrome
548,C0264423,Occupational asthma,SNOMEDCT_US,"Asthma attacks caused, triggered, or exacerbated by OCCUPATIONAL EXPOSURE.",MSH,T047,Disease or Syndrome
549,C0264637,Benign hypertension (disorder),MTH,,,T047,Disease or Syndrome
550,C0264638,Low-renin essential hypertension,SNOMEDCT_US,,,T047,Disease or Syndrome
551,C0264639,High-renin essential hypertension,SNOMEDCT_US,,,T047,Disease or Syndrome
552,C0264642,Benign secondary renovascular hypertension,SNOMEDCT_US,,,T047,Disease or Syndrome
553,C0264643,Malignant secondary renovascular hypertension,SNOMEDCT_US,,,T047,Disease or Syndrome
554,C0264645,Labile diastolic hypertension,SNOMEDCT_US,,,T047,Disease or Syndrome
555,C0264646,Sustained diastolic hypertension,SNOMEDCT_US,,,T047,Disease or Syndrome
556,C0264647,Secondary diastolic hypertension,SNOMEDCT_US,,,T047,Disease or Syndrome
557,C0264648,Renal arterial hypertension,SNOMEDCT_US,,,T047,Disease or Syndrome
558,C0264649,Parenchymal renal hypertension,SNOMEDCT_US,,,T047,Disease or Syndrome
559,C0264650,Hypertensive heart disease with congestive heart failure,SNOMEDCT_US,,,T047,Disease or Syndrome
560,C0264652,Hypertensive heart failure,SNOMEDCT_US,,,T047,Disease or Syndrome
561,C0264653,Hypertensive renal failure,SNOMEDCT_US,,,T047,Disease or Syndrome
562,C0264654,Chronic hypertensive uremia,SNOMEDCT_US,,,T047,Disease or Syndrome
563,C0264656,Cardiovascular renal disease,SNOMEDCT_US,,,T047,Disease or Syndrome
564,C0264657,Hypertensive nephrosclerosis,SNOMEDCT_US,,,T047,Disease or Syndrome
565,C0265344,Donohue Syndrome,OMIM,"Donohue syndrome is a rare disorder characterized by severe insulin resistance, a condition in which the body's tissues and organs do not respond properly to the hormone insulin. Insulin normally helps regulate blood sugar levels by controlling how much sugar (in the form of glucose) is passed from the bloodstream into cells to be used as energy. Severe insulin resistance leads to problems with regulating blood glucose levels and affects the development and function of organs and tissues throughout the body.~Severe insulin resistance underlies the varied signs and symptoms of Donohue syndrome. Individuals with Donohue syndrome are unusually small starting before birth, and affected infants experience failure to thrive, which means they do not grow and gain weight at the expected rate. Additional features that become apparent soon after birth include a lack of fatty tissue under the skin (subcutaneous fat); wasting (atrophy) of muscles; excessive body hair growth (hirsutism); multiple cysts on the ovaries in females; and enlargement of the nipples, genitalia, kidneys, heart, and other organs. Most affected individuals also have a skin condition called acanthosis nigricans, in which the skin in body folds and creases becomes thick, dark, and velvety. Distinctive facial features in people with Donohue syndrome include bulging eyes, thick lips, upturned nostrils, and low-set ears. Affected individuals develop recurrent, life-threatening infections beginning in infancy.~Donohue syndrome is one of a group of related conditions described as inherited severe insulin resistance syndromes. These disorders, which also include Rabson-Mendenhall syndrome and type A insulin resistance syndrome, are considered part of a spectrum. Donohue syndrome represents the most severe end of the spectrum; most children with this condition do not survive beyond age 2.",MEDLINEPLUS,T047,Disease or Syndrome
566,C0267175,Nondiabetic gastroparesis,SNOMEDCT_US,,,T047,Disease or Syndrome
567,C0267176,Gastroparesis due to diabetes mellitus,SNOMEDCT_US,,,T047,Disease or Syndrome
568,C0268059,Neonatal hemochromatosis,SNOMEDCT_US,"An idiopathic form of neonatal hemochromatosis, characterized by liver failure and iron accumulation in the tissues.",NCI,T047,Disease or Syndrome
569,C0268146,Glucose-6-phosphate transport defect,SNOMEDCT_US,"Glycogen storage disease type I that is caused by mutations in the SLC37A4 gene. It is characterized by a deficiency of glucose-6-phosphate translocase. It may be associated with neutropenia resulting in recurrent bacterial infections, inflammatory bowel disease, gingivitis, periodontal disease, and mouth ulcers.",NCI,T047,Disease or Syndrome
570,C0268173,Disorder of carbohydrate transport,SNOMEDCT_US,,,T047,Disease or Syndrome
571,C0268186,congenital glucose-galactose malabsorption,MEDCIN,"Glucose-galactose malabsorption is a condition in which the body cannot take in (absorb) the sugars glucose and galactose, which primarily results in severe diarrhea. Beginning in infancy, severe diarrhea results in weight loss and dehydration that can be life-threatening. Small amounts of the simple sugar glucose in the urine (mild glucosuria) may occur in this disorder. Rarely, affected infants develop kidney stones due to deposits of calcium in the kidneys (nephrocalcinosis).~The signs and symptoms of glucose-galactose malabsorption appear early in life when affected infants are fed breast milk or regular infant formulas. These foods contain glucose, galactose, and another sugar called lactose that gets broken down into these two sugars. When these sugar-containing foods are ingested by affected individuals, it leads to diarrhea and other health problems. If foods that contain glucose, galactose, and lactose are removed from the diet, the diarrhea stops.",MEDLINEPLUS,T047,Disease or Syndrome
572,C0268292,Congenital adrenal hyperplasia due to 11-beta-hydroxylase deficiency,MEDLINEPLUS,"Congenital adrenal hyperplasia (CAH) due to 11-beta-hydroxylase deficiency is one of a group of disorders (collectively called congenital adrenal hyperplasia) that affect the adrenal glands. The adrenal glands are located on top of the kidneys and produce a variety of hormones that regulate many essential functions in the body. In people with CAH due to 11-beta-hydroxylase deficiency, the adrenal glands produce excess androgens, which are male sex hormones.~There are two types of CAH due to 11-beta-hydroxylase deficiency, the classic form and the non-classic form. The classic form is the more severe of the two types.~Females with the classic form of CAH due to 11-beta-hydroxylase deficiency have external genitalia that do not look clearly male or female (atypical genitalia). However, the internal reproductive organs develop normally. Males and females with the classic form of this condition have early development of their secondary sexual characteristics such as growth of facial and pubic hair, deepening of the voice, appearance of acne, and onset of a growth spurt. The early growth spurt can prevent growth later in adolescence and lead to short stature in adulthood. In addition, approximately two-thirds of individuals with the classic form of CAH due to 11-beta-hydroxylase deficiency have high blood pressure (hypertension). Hypertension typically develops within the first year of life.~Females with the non-classic form of CAH due to 11-beta-hydroxylase deficiency have normal female genitalia. As affected females get older, they may develop excessive body hair growth (hirsutism) and irregular menstruation. Males with the non-classic form of this condition do not typically have any signs or symptoms except for short stature. Hypertension is not a feature of the non-classic form of CAH due to 11-beta-hydroxylase deficiency.",MEDLINEPLUS,T047,Disease or Syndrome
573,C0268389,"Amyloidosis, familial visceral",MTH,"A group of rare renal diseases, characterized by amyloid fibril deposition of apolipoprotein A-I or A-II (AApoAI or AApoAII amyloidosis), lysozyme (ALys amyloidosis) or fibrinogen A-alpha chain (AFib amyloidosis) in one or several organs. Renal involvement leading to chronic renal disease and renal failure is a common sign. Additional manifestations depend on the organ involved and the type of amyloid fibrils deposited.",ORPHANET,T047,Disease or Syndrome
574,C0268418,Deficiency of glycerol kinase,SNOMEDCT_US,"A rare, X-linked recessive genetic disorder of glycerol metabolism caused by mutations or deletion in the GK gene. It results in deficiency of the enzyme glycerol kinase. It is characterized by elevated plasma and urine glycerol levels and neurometabolic manifestations which can cause life-threatening metabolic crisis in children.",NCI,T047,Disease or Syndrome
575,C0268425,Alstrom syndrome,SNOMEDCT_US,"Alström syndrome is a rare condition that affects many body systems. Many of the signs and symptoms of this condition begin in infancy or early childhood, although some appear later in life.~Alström syndrome is characterized by a progressive loss of vision and hearing, a form of heart disease that enlarges and weakens the heart muscle (dilated cardiomyopathy), obesity, type 2 diabetes (the most common form of diabetes), and short stature. This disorder can also cause serious or life-threatening medical problems involving the liver, kidneys, bladder, and lungs. Some individuals with Alström syndrome have a skin condition called acanthosis nigricans, which causes the skin in body folds and creases to become thick, dark, and velvety. The signs and symptoms of Alström syndrome vary in severity, and not all affected individuals have all of the characteristic features of the disorder.",MEDLINEPLUS,T047,Disease or Syndrome
576,C0268490,Tyrosinemia Type I,NCI,"Tyrosinemia caused by mutations in the FAH gene. It is characterized by deficiency of the enzyme fumarylacetoacetate hydrolase. It is the most severe form of tyrosinemia. Signs and symptoms appear early in life and include failure to thrive, vomiting, diarrhea, jaundice, and bleeding tendency. It may result in liver and kidney failure. Patients with this type of tyrosinemia may also have a predisposition for hepatocellular carcinoma.",NCI,T047,Disease or Syndrome
577,C0268532,Prolidase deficiency,MEDLINEPLUS,"Prolidase deficiency is a disorder that causes a wide variety of symptoms. The disorder typically becomes apparent during infancy. Affected individuals may have enlargement of the spleen (splenomegaly); in some cases, both the spleen and liver are enlarged (hepatosplenomegaly). Diarrhea, vomiting, and dehydration may also occur. People with prolidase deficiency are susceptible to severe infections of the skin or ears, or potentially life-threatening respiratory tract infections. Some individuals with prolidase deficiency have chronic lung disease.~Characteristic facial features in people with prolidase deficiency include prominent eyes that are widely spaced (hypertelorism), a high forehead, a flat bridge of the nose, and a very small lower jaw and chin (micrognathia). Affected children may experience delayed development, and about 75 percent of people with prolidase deficiency have intellectual disability that may range from mild to severe.~People with prolidase deficiency often develop skin lesions, especially on their hands, feet, lower legs, and face. The severity of the skin involvement, which usually begins during childhood, may range from a mild rash to severe skin ulcers. Skin ulcers, especially on the legs, may not heal completely, resulting in complications including infection and amputation.~The severity of symptoms in prolidase deficiency varies greatly among affected individuals. Some people with this disorder do not have any symptoms. In these individuals the condition can be detected by laboratory tests such as newborn screening tests or tests offered to relatives of affected individuals.",MEDLINEPLUS,T047,Disease or Syndrome
578,C0268579,Propionic acidemia,SNOMEDCT_US,"Propionic acidemia is an inherited disorder in which the body is unable to process certain parts of proteins and lipids (fats) properly. It is classified as an organic acid disorder, which is a condition that leads to an abnormal buildup of particular acids known as organic acids. Abnormal levels of organic acids in the blood (organic acidemia), urine (organic aciduria), and tissues can be toxic and can cause serious health problems.~In most cases, the features of propionic acidemia become apparent within a few days after birth. The initial symptoms include poor feeding, vomiting, loss of appetite, weak muscle tone (hypotonia), and lack of energy (lethargy). These symptoms sometimes progress to more serious medical problems, including heart abnormalities, seizures, coma, and possibly death.~Less commonly, the signs and symptoms of propionic acidemia appear during childhood and may come and go over time. Some affected children experience intellectual disability or delayed development. In children with this later-onset form of the condition, episodes of more serious health problems can be triggered by prolonged periods without food (fasting), fever, or infections.",MEDLINEPLUS,T047,Disease or Syndrome
579,C0268595,"Glutaric aciduria, type 1",SNMI,"Glutaric acidemia type I (also called glutaric aciduria type I) is an inherited disorder in which the body is unable to process certain proteins properly. It is classified as an organic acid disorder, which is a condition that leads to an abnormal buildup of particular acids known as organic acids. Abnormal levels of organic acids in the blood (organic acidemia), urine (organic aciduria), and tissues can be toxic and can cause serious health problems.~People with glutaric acidemia type I have inadequate levels of an enzyme that helps break down the amino acids lysine, hydroxylysine, and tryptophan, which are building blocks of protein. Excessive levels of these amino acids and their intermediate breakdown products can accumulate and cause damage to the brain, particularly the basal ganglia, which are regions that help control movement. Intellectual disability may also occur.~The severity of glutaric acidemia type I varies widely; some individuals are only mildly affected, while others have severe problems. In most cases, signs and symptoms first occur in infancy or early childhood, but in a small number of affected individuals, the disorder first becomes apparent in adolescence or adulthood.~Some babies with glutaric acidemia type I are born with unusually large heads (macrocephaly). Affected individuals may have difficulty moving and may experience spasms, jerking, rigidity, or decreased muscle tone. Some individuals with glutaric acidemia have developed bleeding in the brain or eyes that could be mistaken for the effects of child abuse. Strict dietary control may help limit progression of the neurological damage. Stress caused by infection, fever or other demands on the body may lead to worsening of the signs and symptoms, with only partial recovery.",MEDLINEPLUS,T047,Disease or Syndrome
580,C0268796,Arteriolar nephrosclerosis,SNOMEDCT_US,,,T047,Disease or Syndrome
581,C0268797,Benign arteriolar nephrosclerosis,SNOMEDCT_US,,,T047,Disease or Syndrome
582,C0269641,Hypertensive heart AND renal disease in obstetric context,SNOMEDCT_US,,,T047,Disease or Syndrome
583,C0269642,Hypertensive heart AND renal disease complicating AND/OR reason for care during pregnancy,SNOMEDCT_US,,,T047,Disease or Syndrome
584,C0269643,Hypertensive heart AND renal disease complicating AND/OR reason for care during childbirth,SNOMEDCT_US,,,T047,Disease or Syndrome
585,C0269645,Hypertensive heart disease in obstetric context,SNOMEDCT_US,,,T047,Disease or Syndrome
586,C0269646,Hypertensive heart disease complicating AND/OR reason for care during pregnancy,SNOMEDCT_US,,,T047,Disease or Syndrome
587,C0269647,Hypertensive heart disease complicating AND/OR reason for care during childbirth,SNOMEDCT_US,,,T047,Disease or Syndrome
588,C0269648,Hypertensive heart disease complicating AND/OR reason for care during puerperium,SNOMEDCT_US,,,T047,Disease or Syndrome
589,C0269649,Hypertensive renal disease in obstetric context,SNOMEDCT_US,,,T047,Disease or Syndrome
590,C0269650,Hypertensive renal disease complicating AND/OR reason for care during pregnancy,SNOMEDCT_US,,,T047,Disease or Syndrome
591,C0269651,Hypertensive renal disease complicating AND/OR reason for care during childbirth,SNOMEDCT_US,,,T047,Disease or Syndrome
592,C0269652,Hypertensive renal disease complicating AND/OR reason for care during puerperium,SNOMEDCT_US,,,T047,Disease or Syndrome
593,C0269660,Eclampsia added to pre-existing hypertension,SNOMEDCT_US,,,T047,Disease or Syndrome
594,C0270230,Hypoglycemia of piglets,SNOMEDCT_VET,,,T047,Disease or Syndrome
595,C0271064,Microaneurysm of retinal artery due to diabetes mellitus,SNOMEDCT_US,,,T047,Disease or Syndrome
596,C0271583,"Acth Deficiency, Isolated",OMIM,,,T047,Disease or Syndrome
597,C0271632,Diseases Of The Endocrine Pancreas Including Diabetes,SNMI,,,T047,Disease or Syndrome
598,C0271633,Disorder of endocrine pancreas,SNOMEDCT_US,A non-neoplastic or neoplastic disorder that affects the endocrine pancreas (islets of Langerhans).,NCI,T047,Disease or Syndrome
599,C0271635,Diabetes mellitus without mention of complication,ICD9CM,Diabetes mellitus that does not show any evidence of tissue or organ damage.,NCI,T047,Disease or Syndrome
600,C0271636,Insulin dependent diabetes mellitus type 1A,SNOMEDCT_US,,,T047,Disease or Syndrome
601,C0271637,Insulin dependent diabetes mellitus type 1B,SNOMEDCT_US,,,T047,Disease or Syndrome
602,C0271638,Type 2 diabetes mellitus in obese,SNOMEDCT_US,,,T047,Disease or Syndrome
603,C0271640,Secondary diabetes mellitus,SNOMEDCT_US,,,T047,Disease or Syndrome
604,C0271641,Malnutrition related diabetes mellitus,SNOMEDCT_US,,,T047,Disease or Syndrome
605,C0271642,Fibrocalculous pancreatic diabetes,SNOMEDCT_US,"An uncommon form of diabetes mellitus that is ketosis-resistant and associated with pancreatic abnormalities that include large intraductal calculi and fibrosis progressing to exocrine and endocrine pancreatic failure. Patients are commonly young, normal weight, and originate from tropical countries.",NCI,T047,Disease or Syndrome
606,C0271646,Drug-induced diabetes mellitus,SNOMEDCT_US,"diabetes mellitus caused by medicinal substances given to or taken by the patient; concept excludes diabetes resulting from exposure to nonmedicinal chemicals in the environment or drugs of abuse, for which see TOXICOLOGY.",CSP,T047,Disease or Syndrome
607,C0271649,Diabetes mellitus associated with unlisted condition,SNMI,,,T047,Disease or Syndrome
608,C0271650,Impaired glucose tolerance (disorder),MTH,The inability to regulate blood glucose levels resulting in hyperglycemia.,NCI,T047,Disease or Syndrome
609,C0271651,Impaired glucose tolerance in obese,SNOMEDCT_US,,,T047,Disease or Syndrome
610,C0271652,Impaired glucose tolerance in nonobese,SNOMEDCT_US,,,T047,Disease or Syndrome
611,C0271653,Impaired glucose tolerance in MODY (maturity onset diabetes in the young),SNOMEDCT_US,,,T047,Disease or Syndrome
612,C0271654,Impaired glucose tolerance associated with pancreatic disease,SNOMEDCT_US,,,T047,Disease or Syndrome
613,C0271655,Impaired glucose tolerance associated with hormonal etiology,SNOMEDCT_US,,,T047,Disease or Syndrome
614,C0271656,Impaired glucose tolerance associated with drugs,SNOMEDCT_US,,,T047,Disease or Syndrome
615,C0271657,Impaired glucose tolerance associated with genetic syndrome,SNOMEDCT_US,,,T047,Disease or Syndrome
616,C0271658,Impaired glucose tolerance associated with insulin receptor abnormality,SNOMEDCT_US,,,T047,Disease or Syndrome
617,C0271659,Impaired glucose tolerance associated with unlisted conditions,SNMI,,,T047,Disease or Syndrome
618,C0271660,Previous abnormality of glucose tolerance,SNOMEDCT_US,,,T033,Finding
619,C0271661,Potential abnormality of glucose tolerance,SNOMEDCT_US,,,T047,Disease or Syndrome
620,C0271662,Gestational diabetes mellitus class A1,SNOMEDCT_US,Carbohydrate intolerance first diagnosed during pregnancy. Diagnosis from abnormal oral glucose tolerance test (OGTT) but normal glucose levels when fasting and two hours post-prandial. Euglycemia achieved with diet and/or exercise.,NCI,T047,Disease or Syndrome
621,C0271663,Gestational diabetes mellitus class A2,SNOMEDCT_US,Carbohydrate intolerance first diagnosed during pregnancy. Diagnosis from abnormal oral glucose tolerance test (OGTT) and abnormal fasting or post-prandial glucose levels. Euglycemia achieved with medication.,NCI,T047,Disease or Syndrome
622,C0271664,pregnancy complicated by diabetes mellitus White's classification B1,MEDCIN,,,T047,Disease or Syndrome
623,C0271665,"Pregestational diabetes mellitus AND/OR impaired glucose tolerance, modified White class A",SNOMEDCT_US,,,T047,Disease or Syndrome
624,C0271666,"Pregestational diabetes mellitus AND/OR impaired glucose tolerance, modified White class B",SNOMEDCT_US,,,T047,Disease or Syndrome
625,C0271667,"Pregestational diabetes mellitus AND/OR impaired glucose tolerance, modified White class C",SNOMEDCT_US,,,T047,Disease or Syndrome
626,C0271668,"Pregestational diabetes mellitus AND/OR impaired glucose tolerance, modified White class D",SNOMEDCT_US,,,T047,Disease or Syndrome
627,C0271669,"Pregestational diabetes mellitus AND/OR impaired glucose tolerance, modified White class F",SNOMEDCT_US,,,T047,Disease or Syndrome
628,C0271670,"Pregestational diabetes mellitus AND/OR impaired glucose tolerance, modified White class R",SNOMEDCT_US,,,T047,Disease or Syndrome
629,C0271671,"Pregestational diabetes mellitus AND/OR impaired glucose tolerance, modified White class FR",SNOMEDCT_US,,,T047,Disease or Syndrome
630,C0271673,symmetric diabetic proximal motor neuropathy,MEDCIN,,,T047,Disease or Syndrome
631,C0271674,asymmetric diabetic proximal motor neuropathy,MEDCIN,,,T047,Disease or Syndrome
632,C0271675,Radiculoplexus neuropathy due to diabetes mellitus,SNOMEDCT_US,,,T047,Disease or Syndrome
633,C0271678,Diabetic mononeuropathy,SNOMEDCT_US,,,T047,Disease or Syndrome
634,C0271679,Diabetic mononeuropathy multiplex,SNOMEDCT_US,,,T047,Disease or Syndrome
635,C0271680,Diabetic polyneuropathy,SNMI,,,T047,Disease or Syndrome
636,C0271684,Pseudotabes due to diabetes mellitus,SNOMEDCT_US,,,T047,Disease or Syndrome
637,C0271686,Diabetic Autonomic Neuropathy,NCI,Autonomic neuropathy that is caused by diabetes mellitus.,NCI,T047,Disease or Syndrome
638,C0271687,Diabetes mellitus due to structurally abnormal insulin,SNOMEDCT_US,,,T047,Disease or Syndrome
639,C0271690,Acanthosis nigricans due to type 2 diabetes mellitus,SNOMEDCT_US,,,T047,Disease or Syndrome
640,C0271699,Nodular type diabetic glomerulosclerosis,SNOMEDCT_US,,,T047,Disease or Syndrome
641,C0271700,Diffuse glomerulosclerosis of kidney due to diabetes mellitus,SNOMEDCT_US,,,T047,Disease or Syndrome
642,C0271701,Diabetes mellitus caused by insulin receptor antibodies,SNOMEDCT_US,,,T047,Disease or Syndrome
643,C0271703,Factitious hypoglycemia,SNOMEDCT_US,,,T047,Disease or Syndrome
644,C0271704,Ectopic hyperinsulinism,SNOMEDCT_US,,,T047,Disease or Syndrome
645,C0271706,Hyperplasia of pancreatic islet beta cell,SNOMEDCT_US,,,T047,Disease or Syndrome
646,C0271707,Autoimmune hypoglycemia,SNOMEDCT_US,,,T047,Disease or Syndrome
647,C0271708,Fasting hypoglycemia,SNOMEDCT_US,"HYPOGLYCEMIA expressed in the postabsorptive state, after prolonged FASTING, or an overnight fast.",MSH,T047,Disease or Syndrome
648,C0271709,Idiopathic postprandial hypoglycemia,SNOMEDCT_US,,,T047,Disease or Syndrome
649,C0271710,Reactive hypoglycemia,SNOMEDCT_US,HYPOGLYCEMIA expressed after a meal or FOOD INTAKE. It is also called reactive or stimulative hypoglycemia.,MSH,T047,Disease or Syndrome
650,C0271712,Hypoglycemia of childhood,SNOMEDCT_US,,,T047,Disease or Syndrome
651,C0271713,Ketotic hypoglycemia,SNOMEDCT_US,"A condition in which hypoglycemia is accompanied by ketosis. This condition may be a manifestation of another condition such as glycogen storage disease, ketone utilization defects, growth hormone deficiency, or cortisol deficiency.",NCI,T047,Disease or Syndrome
652,C0271714,Leucine-induced hypoglycemia,SNOMEDCT_US,,,T047,Disease or Syndrome
653,C0271715,Mixed hypoglycemia,SNOMEDCT_US,,,T047,Disease or Syndrome
654,C0271931,Anemia due to diabetes mellitus,SNOMEDCT_US,,,T047,Disease or Syndrome
655,C0277890,decreased diastolic arterial pressure,CHV,Diastolic blood pressure that is abnormally low.,NCI,T033,Finding
656,C0280950,cancer-related problem/condition,PDQ,"A disorder either associated with an increased risk for malignant transformation (e.g., intraepithelial neoplasia, leukoplakia, dysplastic nevus, myelodysplastic syndrome) or that develops as a result of the presence of an existing malignant neoplasm (e.g., paraneoplastic syndrome).",NCI,T047,Disease or Syndrome
657,C0282044,Alprenolol Hydrochloride,NCI,,,T109,Organic Chemical
658,C0282051,Amphetamine sulfate,SNOMEDCT_US,"The sulfate salt form of amphetamine, a synthetic substance related to natural sympathomimetic amines. Amphetamine appears to exert its central nervous system (CNS) and peripheral effects indirectly by inducing the release of biogenic amines from their storage sites in nerve terminals. This agent is a commonly abused psychostimulant drug, which may be snorted, taken orally, smoked, or injected. Amphetamine induces psychologic dependence which is manifested by elevated mood, increased wakefulness, concentration, physical performance and a feeling of well-being. With sustained use, the effects of tachycardia and enhanced alertness diminish while psychotoxic effects such as hallucinations and delusions may occur. (NCI04)",NCI,T109,Organic Chemical
659,C0282131,Diclofenac potassium,SNOMEDCT_US,"The potassium salt form of diclofenac, a benzene acetic acid derivate and nonsteroidal anti-inflammatory drug (NSAID) with analgesic, antipyretic and anti-inflammatory activity. Diclofenac potassium is a non-selective reversible and competitive inhibitor of cyclooxygenase (COX), subsequently blocking the conversion of arachidonic acid into prostaglandin precursors. This leads to an inhibition of the formation of prostaglandins that are involved in pain, inflammation and fever.",NCI,T109,Organic Chemical
660,C0282133,Diethylpropion hydrochloride,SNOMEDCT_US,"A sympathomimetic amine structurally similar to amphetamine with anorexiant activity. Diethylpropion hydrochloride stimulates the central nervous system and increases the release of norepinephrine and dopamine from nerve terminals and inhibits their uptake. This suppresses appetite, increases motor activity, causes euphoria, mental alertness and excitement. This drug may also cause an increase in heart rate and blood pressure. Diethylpropion hydrochloride is used in the treatment of obesity.",NCI,T109,Organic Chemical
661,C0282138,Diltiazem Malate,NCI,"A malate salt of diltazem, a benzothiazepine calcium channel blocking agent. Diltiazem inhibits the transmembrane influx of extracellular calcium ions into select myocardial and vascular smooth muscle cells, causing dilatation of coronary and systemic arteries and decreasing myocardial contractility. Because of its vasodilatory activity, this agent has been shown to improve the microcirculation in some tumors, thereby potentially improving the delivery of antineoplastic agents to tumor cells.",NCI,T109,Organic Chemical
662,C0282152,Doxapram hydrochloride,SNOMEDCT_US,"A peripheral and central respiratory stimulant with a brief duration of action. Doxapram hydrochloride stimulates respiration by an action on chemoreceptors in the carotid arteries and, at increased dosage, stimulates central respiratory centers in the medulla as well as other parts of the brain and spinal cord. This results in an increased tidal volume and a slightly increased respiratory rate. Doxapram hydrochloride may also improve cardiac output probably due to an increased release of catecholamines. This respiratory stimulant is used in postanesthesia respiratory depression.",NCI,T109,Organic Chemical
663,C0282190,Guanethidine monosulfate,SNOMEDCT_US,,,T109,Organic Chemical
664,C0282233,Methamphetamine hydrochloride,SNOMEDCT_US,"The hydrochloride salt form of methamphetamine, an amphetamine and sympathomimetic amine with CNS stimulating properties. Methamphetamine hydrochloride acts by facilitating the release of catecholamines, particularly noradrenaline and dopamine, from nerve terminals in the brain and inhibits their uptake. This leads to an increase in synaptic concentration of these neurotransmitters and results in an increase of motor activity, causes euphoria, mental alertness and excitement and suppresses appetite. Methamphetamine hydrochloride causes dependence and may cause an increase in heart rate and blood pressure.",NCI,T109,Organic Chemical
665,C0282274,Oxycodone hydrochloride,SNOMEDCT_US,"The hydrochloride salt of oxycodone, a methylether of oxymorphone and semisynthetic opioid agonist with analgesic and antitussive properties. Oxycodone binds to mu-receptors in the central nervous system (CNS), thereby mimicking the effects of endogenous opiates. In addition to analgesia and a depressive effect on the cough center in the medulla, this agent may cause euphoria, anxiolysis, miosis, sedation, physical dependence, constipation, and respiratory depression, depending on dosage and variations in individual metabolism.",NCI,T109,Organic Chemical
666,C0282275,Oxymorphone hydrochloride,SNOMEDCT_US,"The hydrochloride salt form of oxymorphone, a semisynthetic opioid with a potent analgesic property. Oxymorphone hydrochloride binds to and activates opiate receptors, specifically mu-receptors, in the central nervous system (CNS). This results in sedation, analgesia, decreased gastrointestinal motility, and respiratory depression.",NCI,T109,Organic Chemical
667,C0282292,Penbutolol sulfate,SNOMEDCT_US,"The sulfate salt form of penbutolol, a lipophilic, nonselective beta-adrenergic receptor antagonist with anti-anginal and antihypertensive activities. Penbutolol competitively binds to and blocks beta-1 adrenergic receptors in the heart, thereby decreasing cardiac contractility and rate. This leads to a reduction in cardiac output and lowers blood pressure. In addition, bisoprolol prevents the release of renin, a hormone secreted by the kidneys that causes constriction of blood vessels.",NCI,T109,Organic Chemical
668,C0282304,Phentermine hydrochloride,SNOMEDCT_US,"The hydrochloride salt form of phentermine, a sympathomimetic amine with central nervous system (CNS) stimulant and appetite depressant properties. Phentermine hydrochloride stimulates the release of norepinephrine and dopamine from nerve endings and blocks the reuptake of these monoamines at the neuronal junctions, resulting in CNS stimulation and metabolic effects, including appetite-suppression, decreased gastric acid secretion and increased blood pressure.",NCI,T109,Organic Chemical
669,C0282321,Propranolol hydrochloride,SNOMEDCT_US,"The hydrochloride form of propranolol, a synthetic beta-adrenergic receptor blocker with antianginal, antiarrhythmic, and antihypertensive properties. Propranolol competitively antagonizes beta-adrenergic receptors, thereby inhibiting beta-adrenergic reactions, such as vasodilation, and negative chronotropic and inotropic effects.",NCI,T109,Organic Chemical
670,C0282492,Sneddon syndrome,SNOMEDCT_US,"A systemic non-inflammatory arteriopathy primarily of middle-aged females characterized by the association of LIVEDO RETICULARIS, multiple thrombotic CEREBRAL INFARCTION; CORONARY DISEASE, and HYPERTENSION. Elevation of antiphospholipid antibody titers (see also ANTIPHOSPHOLIPID SYNDROME), cardiac valvulopathy, ISCHEMIC ATTACK, TRANSIENT; SEIZURES; DEMENTIA; and chronic ischemia of the extremities may also occur. Pathologic examination of affected arteries reveals non-inflammatory adventitial fibrosis, thrombosis, and changes in the media (From Jablonski, Dictionary of Syndromes & Eponymic Diseases, 2d ed; Adams et al., Principles of Neurology, 6th ed, p861; Arch Neurol 1997 Jan;54(1):53-60). Mutations in the CECR1 gene (ADA2 protein, human) are associated with Sneddon syndrome.",MSH,T047,Disease or Syndrome
671,C0282556,Anti-asthmatic Agent,NCI,"Classified as bronchodilators (beta-adrenoreceptor agonists, xanthines, muscarinic-receptor antagonists) and anti-inflammatory agents (glucocorticoids, cromolyn), natural or synthetic Anti-asthmatic Agents relieve asthma (a recurrent airway obstruction) in multiple ways and at various sites, by reducing bronchial spasm, dyspnea, allergic reaction, local inflammation, and pain. Other agents, such as anti-histamine and antibiotics, may also be used in asthma. (NCI04)",NCI,T121,Pharmacologic Substance
672,C0286185,Mibefradil,SNOMEDCT_US,"A benzimidazoyl-substituted tetraline that selectively binds and inhibits CALCIUM CHANNELS, T-TYPE.",MSH,T109,Organic Chemical
673,C0286186,Mibefradil Dihydrochloride,NCI,,,T109,Organic Chemical
674,C0287041,Eprosartan,SNOMEDCT_US,"A competitive and reversible angiotensin II receptor antagonist with anti-hypertensive property. Eprosartan blocks the binding of angiotensin II to the angiotensin (AT)1 receptor in vascular smooth muscle, thereby blocking the principal pressor action of angiotensin II on the renin-angiotensin system resulting in vascular dilatation. In addition, this agent blocks angiotensin II -induced stimulation of aldosterone synthesis and secretion by the adrenal cortex, cardiac contraction, renal resorption of sodium, activity of the sympathetic nervous system, and smooth muscle cell growth. Furthermore, eprosartan inhibits sympathetic norepinephrine production, thereby further reducing blood pressure.",NCI,T109,Organic Chemical
675,C0288171,Irbesartan,SNOMEDCT_US,"A nonpeptide angiotensin II antagonist with antihypertensive activity. Irbesartan selectively and competitively blocks the binding of angiotensin II to the angiotensin I receptor. Angiotensin II stimulates aldosterone synthesis and secretion by adrenal cortex, which decreases the excretion of sodium and increases the excretion of potassium. Angiotensin II also acts as a vasoconstrictor in vascular smooth muscle. (NCI05)",NCI,T109,Organic Chemical
676,C0288672,Abciximab,SNOMEDCT_US,"A Fab fragment of the chimeric monoclonal antibody 7E3 and inhibitor of the glycoprotein (GP) IIb/IIIa receptor, that blocks platelet aggregation. Abciximab binds to the GP IIb/IIIa receptor on the platelet membrane, which inhibits the binding of fibrinogen to the GP IIb/IIIa receptor. This prevents both platelet aggregation and thrombus formation.",NCI,T116,"Amino Acid, Peptide, or Protein"
677,C0289313,Rosiglitazone,SNOMEDCT_US,"An agent belonging to the glitazone class of antidiabetic agents with antihyperglycemic and anti-inflammatory activities. In addition to its selective affinity for peroxisome proliferator-activated receptor (PPAR) gamma and its ability to lower blood glucose levels, rosiglitazone also exerts anti-inflammatory activity through its ability to inhibit nuclear factor-kappaB (NF-KB) activity and increase I-kappaB levels. In addition, rosiglitazone may cause fluid retention and may worsen congestive heart failure. This agent is also associated with an increased risk of heart attacks.",NCI,T109,Organic Chemical
678,C0289432,Methylergonovine maleate,SNOMEDCT_US,"The maleate salt of methylergonovine, a semi-synthetic ergot alkaloid with vasoconstrictive and uterotonic effects. Methylergonovine stimulates serotoninergic and dopaminergic receptors as well as inhibits the release of endothelial-derived relaxation factor. This results in arterial vasoconstriction and increased uterine smooth muscle contractions.",NCI,T109,Organic Chemical
679,C0293359,Insulin lispro,SNOMEDCT_US,"A recombinant therapeutic agent which is chemically identical to or similar to endogenous human insulin. In lispro insulin, the amino acid proline at B-28 and the amino acid lysine at B-29 are reversed, resulting in the rapid dissolution of this insulin to a monomer that is absorbed rapidly after subcutaneous administration. Lispro insulin is equipotent to human insulin on a molar basis but its effects are faster and of shorter duration. Endogenous insulin, a pancreatic hormone composed of two polypeptide chains, is important in the normal metabolism of carbohydrates, proteins and fats, promoting glucose utilization and protein synthesis; it has anabolic effects on many types of tissues. (NCI04)",NCI,T116,"Amino Acid, Peptide, or Protein"
680,C0297635,Rizatriptan,SNOMEDCT_US,,,T109,Organic Chemical
681,C0298130,Montelukast,SNOMEDCT_US,"A selective cysteinyl leukotriene receptor antagonist with anti-inflammatory and bronchodilating activities. Upon administration, montelukast selectively and competitively blocks the cysteinyl leukotriene 1 (CysLT1) receptor, preventing binding of the inflammatory mediator leukotriene D4 (LTD4). Inhibition of LTD4 activity results in inhibition of leukotriene-mediated inflammatory events including migration of eosinophils and neutrophils, adhesion of leukocytes to vascular endothelium, monocyte and neutrophil aggregation, increased airway edema, increased capillary permeability, and bronchoconstriction. The CysLT1 receptor is found in a number of tissues including spleen, lung, placenta, small intestine, and nasal mucosa, and in a variety of cell types including monocyte/macrophages, mast cells, eosinophils, CD34-positive hemopoietic progenitor cells, neutrophils and endothelial cells.",NCI,T109,Organic Chemical
682,C0301370,"belladonna extract, USP",MTH,,,T109,Organic Chemical
683,C0301547,Flumethiazide,SNOMEDCT_US,,,T109,Organic Chemical
684,C0304297,Tripelennamine hydrochloride,SNOMEDCT_US,"The hydrochloride salt form of tripelennamine, an ethylenediamine derivative with an antihistaminergic property. Tripelennamine hydrochloride competitively blocks central and peripheral histamine H1 receptors, thereby limiting histamine's effects, including bronchoconstriction, vasodilation, increased capillary permeability, and spasmodic contractions of gastrointestinal smooth muscle. In addition, this agent binds to muscarinic receptors, resulting in anticholinergic activity.",NCI,T109,Organic Chemical
685,C0304300,Carbinoxamine maleate,SNOMEDCT_US,"An ethanolamine class of H1 antihistamines with mild antimuscarinic and sedative properties. Carbinoxamine diminishes the typical histaminergic effects on H1-receptors in bronchial smooth muscle, capillaries, and gastrointestinal smooth muscle, including vasodilation, bronchoconstriction, increased vascular permeability, pain, itching, and spasmodic contractions of gastrointestinal smooth muscle. Carbinoxamine maleate is used to provide symptomatic relieve of allergic symptoms.",NCI,T109,Organic Chemical
686,C0304352,Codeine sulfate,SNOMEDCT_US,"The sulfate salt form of codeine, a naturally occurring phenanthrene alkaloid and opioid agonist with analgesic, antidiarrheal and antitussive activity. Codeine sulfate mimics the actions of opioids by binding to the opioid receptors at many sites within the central nervous system (CNS). Stimulation of the mu-subtype opioid receptor stimulates the exchange of GTP for GDP on the G-protein complex and subsequently inhibits adenylate cyclase. This results in a decrease in intracellular cAMP and leads to a reduction in the release of neurotransmitters such as substance P, GABA, dopamine, acetylcholine and noradrenaline. The analgesic effect of codeine sulfate is likely due to its metabolite morphine, which induces opening of G-protein-coupled inwardly rectifying potassium (GIRK) channels and blocks the opening of N-type voltage-gated calcium channels, thereby resulting in hyperpolarization and reduced neuronal excitability.",NCI,T109,Organic Chemical
687,C0304369,Tranylcypromine sulfate,SNOMEDCT_US,"The sulfate salt form of tranylcypromine, an orally bioavailable, nonselective, irreversible, non-hydrazine inhibitor of both monoamine oxidase (MAO) and lysine-specific demethylase 1 (LSD1/BHC110), with antidepressant and anxiolytic activities, and potential antineoplastic activities. Upon oral administration, tranylcypromine exerts its antidepressant and anxiolytic effects through the inhibition of MAO, an enzyme that catalyzes the breakdown of the monoamine neurotransmitters serotonin, norepinephrine, epinephrine and dopamine. This increases the concentrations and activity of these neurotransmitters. Tranylcypromine exerts its antineoplastic effect through the inhibition of LSD1. Inhibition of LSD1 prevents the transcription of LSD1 target genes. LSD1, a flavin-dependent monoamine oxidoreductase and a histone demethylase, is upregulated in a variety of cancers and plays a key role in tumor cell proliferation, migration, and invasion.",NCI,T109,Organic Chemical
688,C0304425,Ephedrine hydrochloride,SNOMEDCT_US,,,T109,Organic Chemical
689,C0304426,Ephedrine sulfate,SNOMEDCT_US,,,T109,Organic Chemical
690,C0304428,Phenylephrine bitartrate,SNOMEDCT_US,"The bitartrate salt form of phenylephrine, a direct-acting sympathomimetic amine chemically related to adrenaline and ephedrine with potent vasoconstricting activity. Phenylephrine is a post-synaptic alpha-adrenergic receptor agonist that causes vasoconstriction, increases systolic/diastolic pressures, reflex bradycardia, and increases stroke output.",NCI,T109,Organic Chemical
691,C0304430,Pseudoephedrine hydrochloride,SNOMEDCT_US,"The hydrochloride salt form of pseudoephedrine, a phenethylamine and an diastereomer of ephedrine with sympathomimetic property. Pseudoephedrine hydrochloride displaces norepinephrine from storage vesicles in presynaptic neurones, thereby releasing norepinephrine into the neuronal synapses where it stimulates primarily alpha-adrenergic receptors. It also has weak direct agonist activity at alpha- and beta- adrenergic receptors. Receptor stimulation results in vasoconstriction and decreases nasal and sinus congestion.",NCI,T109,Organic Chemical
692,C0304431,Pseudoephedrine sulfate,SNOMEDCT_US,"The sulfate salt form of pseudoephedrine, a phenethylamine and a diastereomer of ephedrine with sympathomimetic property. Pseudoephedrine sulfate displaces norepinephrine from storage vesicles in presynaptic neurones, thereby releasing norepinephrine into the neuronal synapses where it stimulates primarily alpha-adrenergic receptors. It also has weak direct agonist activity at alpha- and beta- adrenergic receptors. Receptor stimulation results in vasoconstriction and decreases nasal and sinus congestion.",NCI,T109,Organic Chemical
693,C0304441,Theophylline anhydrous,SNOMEDCT_US,,,T109,Organic Chemical
694,C0304489,Chlorothiazide sodium,SNOMEDCT_US,"The sodium salt form of chlorothiazide, a short-acting, benzothiadiazinesulfonamide derivative belonging to the class of thiazide diuretics. Chlorothiazide is excreted unchanged by the kidneys.",NCI,T109,Organic Chemical
695,C0304525,Guanadrel sulfate,SNOMEDCT_US,,,T109,Organic Chemical
696,C0304527,Methyldopate hydrochloride,SNOMEDCT_US,"The hydrochloride salt form of methyldopa, a phenylalanine derivate and aromatic amino acid decarboxylase inhibitor with antihypertensive activity. Methyldopa is a prodrug and is metabolized in the central nervous system. The antihypertensive action of methyldopa seems to be attributable to its conversion into alpha-methylnorepinephrine, which is a potent alpha-2 adrenergic agonist that binds to and stimulates potent central inhibitory alpha-2 adrenergic receptors. This results in a decrease in sympathetic outflow and decreased blood pressure.",NCI,T109,Organic Chemical
697,C0304561,Rhubarb preparation,SNMI,,,T109,Organic Chemical
698,C0306604,"lente insulin, pork",MTH,,,T116,"Amino Acid, Peptide, or Protein"
699,C0333301,Ischemic ulcer of skin due to arterial hypertension,SNOMEDCT_US,,,T047,Disease or Syndrome
700,C0338545,Neuropathy associated with hypoglycemia,SNOMEDCT_US,,,T047,Disease or Syndrome
701,C0339310,Iritis due to diabetes mellitus,SNOMEDCT_US,,,T047,Disease or Syndrome
702,C0339470,Visually threatening diabetic retinopathy,SNOMEDCT_US,,,T047,Disease or Syndrome
703,C0339471,Disorder of macula due to diabetes mellitus,SNOMEDCT_US,,,T047,Disease or Syndrome
704,C0339472,Advanced maculopathy due to diabetes mellitus,SNOMEDCT_US,,,T047,Disease or Syndrome
705,C0339473,Preproliferative diabetic retinopathy,RCD,,,T047,Disease or Syndrome
706,C0339474,Proliferative retinopathy with optic disc neovascularization due to diabetes mellitus,SNOMEDCT_US,,,T047,Disease or Syndrome
707,C0339475,Proliferative retinopathy with neovascularization elsewhere than the optic disc due to diabetes mellitus,SNOMEDCT_US,,,T047,Disease or Syndrome
708,C0339476,Traction detachment of retina due to diabetes mellitus,SNOMEDCT_US,,,T047,Disease or Syndrome
709,C0340062,Hyperreactive airway disease,SNOMEDCT_US,,,T047,Disease or Syndrome
710,C0340064,Allergic non-atopic asthma,RCD,,,T047,Disease or Syndrome
711,C0340067,Drug-induced asthma,SNOMEDCT_US,,,T047,Disease or Syndrome
712,C0340073,Factitious asthma,SNOMEDCT_US,,,T047,Disease or Syndrome
713,C0340076,Asthmatic pulmonary eosinophilia,SNOMEDCT_US,,,T047,Disease or Syndrome
714,C0341893,"Diabetes mellitus in mother complicating pregnancy, childbirth AND/OR puerperium",SNOMEDCT_US,,,T047,Disease or Syndrome
715,C0341896,"Diabetes mellitus of mother, complicating pregnancy, childbirth, or the puerperium, delivered, with mention of postpartum complication",ICD9CM,,,T047,Disease or Syndrome
716,C0341897,pregnancy complicated by diabetes mellitus with baby delivered,MEDCIN,,,T047,Disease or Syndrome
717,C0341909,"Hypertension complicating pregnancy, childbirth and the puerperium",SNOMEDCT_US,,,T047,Disease or Syndrome
718,C0341934,Transient hypertension of pregnancy,SNOMEDCT_US,HYPERTENSION that develops as a result of PREGNANCY and regresses post partum. It is hypertension without PROTEINURIA or pathological EDEMA.,MSH,T046,Pathologic Function
719,C0342242,Disorder of glucose regulation,SNOMEDCT_US,,,T047,Disease or Syndrome
720,C0342245,Disorder of eye due to diabetes mellitus,SNOMEDCT_US,"What is diabetes? Diabetes is a disease in which your blood glucose, or blood sugar, levels are too high. Glucose comes from foods you eat. The cells of your body need glucose for energy. A hormone called insulin helps the glucose get into your cells. With type 1 diabetes, your body doesn't make insulin. With type 2 diabetes, your body doesn't make or use insulin well. Without enough insulin, glucose builds up in your blood and causes high blood glucose levels. What eye problems can diabetes cause? Over time, high blood glucose may damage the blood vessels and lenses in your eyes. This can lead to serious diabetic eye problems which can harm your vision and sometimes cause blindness. Some common diabetic eye problems include:  Diabetic retinopathy, which is the leading cause of blindness in American adults. It affects blood vessels in the retina (the light-sensitive layer of tissue in the back of your eye). The blood vessels may swell and leak fluid into your eye. If it's not treated, it can cause serious problems such as vision loss and retinal detachment, where the retina is pulled away from its normal position at the back of your eye. Diabetic macular edema (DME), which happens when blood vessels in the retina leak fluid into the macula (the part of the retina needed for sharp, central vision). This usually develops in people who already have other signs of diabetic retinopathy. Glaucoma, a group of eye diseases that can damage the optic nerve (the bundle of nerves that connects the eye to the brain). Glaucoma from diabetes happens when the blood vessels in the front of your eye are damaged, and new blood vessels grow near the iris (the colored part of your eye). The blood vessels block the space where fluid drains from your eye. This causes fluid to build up and pressure to increase inside your eye. Cataract, which is the leading cause of blindness worldwide. It happens when the clear lens in the front of your eye becomes cloudy. Cataracts are common as people age. But people with diabetes are more likely to develop cataracts younger and faster than people without diabetes. Researchers think that high glucose levels cause deposits to build up in the lenses of your eyes.  Who is more likely to develop diabetic eye problems? Anyone with diabetes can develop diabetic eye disease. But your risk of developing it is higher if you have diabetes and:  Have had diabetes for a long time Don't have good control over your high blood glucose or high blood pressure Are pregnant Have high blood cholesterol Smoke tobacco  What are the symptoms of diabetic eye problems? In the early stages, diabetic eye problems usually don't have any symptoms. That's why regular dilated eye exams are so important, even if you think your eyes are healthy. You should also watch for sudden changes in your vision that could be signs of an emergency. Call your eye care professional right away if you notice any of these symptoms:  Many new spots or dark wavy strings floating in your vision (floaters) Flashes of light A dark shadow over part of your vision, like a curtain Vision loss Eye pain or redness  Talk with your eye care professional if you have these symptoms, even if they come and go:  Spots or dark wavy strings floating in your vision Blurry or wavy vision Vision that changes a lot Trouble seeing colors  How are diabetic eye problems diagnosed? Eye care professionals do dilated eye exams to diagnose eye problems. A dilated eye exam uses eye drops to open your pupils wide so your eye care professional can look for signs of eye problems and treat them before they harm your vision. They will also test your vision and measure the pressure in your eyes. What are the treatments for diabetic eye problems? Treatment for diabetic eye problems depends on the problem and how serious it is. Some of the treatments include:  Lasers to stop blood vessels from leaking Injections (shots) in the eye to stop new, leaky blood vessels from growing Surgery to remove blood and scar tissue or replace a cloudy lens Eye drops to lower fluid pressure in the eye  But these treatments aren't cures. Eye problems can come back. That's why your best defense against serious vision loss is to take control of your diabetes and get regular eye exams. It's also important to keep your blood pressure and cholesterol in a healthy range. NIH: National Institute of Diabetes and Digestive and Kidney Diseases",MEDLINEPLUS,T047,Disease or Syndrome
721,C0342257,diabetes mellitus complications,CHV,"What is diabetes? If you have diabetes, your blood glucose, or blood sugar, levels are too high. Glucose comes from the foods you eat. A hormone called insulin helps the glucose get into your cells to give them energy.  With type 1 diabetes, your body does not make insulin. With type 2 diabetes, your body does not make or use insulin well. Without enough insulin, the glucose stays in your blood. What health problems can diabetes cause? Over time, having too much glucose in your blood can cause complications, including: Eye disease, due to changes in fluid levels, swelling in the tissues, and damage to the blood vessels in the eyes. Foot problems, caused by damage to the nerves and reduced blood flow to your feet. Gum disease and other dental problems, because a high amount of glucose in your saliva helps harmful bacteria grow in your mouth. The bacteria combine with food to form a soft, sticky film called plaque. Plaque also comes from eating foods that contain sugars or starches. Some types of plaque cause gum disease and bad breath. Other types cause tooth decay and cavities. Heart disease and stroke, caused by damage to your blood vessels and the nerves that control your heart and blood vessels. Kidney disease, due to damage to the blood vessels in your kidneys. Many people with diabetes develop high blood pressure. That can also damage your kidneys. Nerve problems (diabetic neuropathy), caused by damage to the nerves and the small blood vessels that nourish your nerves with oxygen and nutrients. Sexual and bladder problems, caused by damage to the nerves and reduced blood flow in the genitals and bladder. Skin conditions, some of which are caused by changes in the small blood vessels and reduced circulation. People with diabetes are also more likely to have infections, including skin infections.  What other problems can people with diabetes have? If you have diabetes, you need to watch out for blood glucose levels that are too high (hyperglycemia) or too low for you (hypoglycemia). These can happen quickly and can become dangerous. Some of the causes include having another illness or infection and certain medicines. They can also happen if you don't get the right amount of diabetes medicines. To try to prevent these problems, make sure to take your diabetes medicines correctly, follow your diabetic diet, and check your blood glucose regularly. NIH: National Institute of Diabetes and Digestive and Kidney Diseases",MEDLINEPLUS,T047,Disease or Syndrome
722,C0342261,Insulin-dependent diabetes mellitus with other specified complications,ICD10,Evidence of type 1 diabetes mellitus with other specified complication.,NCI,T047,Disease or Syndrome
723,C0342262,Non-insulin-dependent diabetes mellitus with other specified complications,ICD10,Evidence of type 2 diabetes mellitus with other specified complication.,NCI,T047,Disease or Syndrome
724,C0342266,Insulin treated type 2 diabetes mellitus,SNOMEDCT_US,,,T047,Disease or Syndrome
725,C0342269,Steroid-induced diabetes,SNOMEDCT_US,,,T047,Disease or Syndrome
726,C0342274,Diabetes mellitus associated with genetic syndrome,SNOMEDCT_US,,,T047,Disease or Syndrome
727,C0342276,Maturity onset diabetes mellitus in young,SNMI,"Maturity-onset diabetes of the young (MODY) is a group of several conditions characterized by abnormally high levels of blood glucose, also called blood sugar. These forms of diabetes typically begin before age 30, although they can occur later in life. In MODY, elevated blood glucose arises from reduced production of insulin, which is a hormone produced in the pancreas that helps regulate blood glucose levels. Specifically, insulin controls how much glucose (a type of sugar) is passed from the blood into cells, where it is used as an energy source.~The different types of MODY are distinguished by their genetic causes. The most common types are HNF1A-MODY (also known as MODY3), accounting for 50 to 70 percent of cases, and GCK-MODY (MODY2), accounting for 30 to 50 percent of cases. Less frequent types include HNF4A-MODY (MODY1) and renal cysts and diabetes (RCAD) syndrome (also known as HNF1B-MODY or MODY5), which each account for 5 to 10 percent of cases. At least ten other types have been identified, and these are very rare.~HNF1A-MODY and HNF4A-MODY have similar signs and symptoms that develop slowly over time. Early signs and symptoms in these types are caused by high blood glucose and may include frequent urination (polyuria), excessive thirst (polydipsia), fatigue, blurred vision, weight loss, and recurrent skin infections. Over time uncontrolled high blood glucose can damage small blood vessels in the eyes and kidneys. Damage to the light-sensitive tissue at the back of the eye (the retina) causes a condition known as diabetic retinopathy that can lead to vision loss and eventual blindness. Kidney damage (diabetic nephropathy) can lead to kidney failure and end-stage renal disease (ESRD). While these two types of MODY are very similar, certain features are particular to each type. For example, babies with HNF4A-MODY tend to weigh more than average or have abnormally low blood glucose at birth, even though other signs of the condition do not occur until childhood or young adulthood. People with HNF1A-MODY have a higher-than-average risk of developing noncancerous (benign) liver tumors known as hepatocellular adenomas.~GCK-MODY is a very mild type of the condition. People with this type have slightly elevated blood glucose levels, particularly in the morning before eating (fasting blood glucose). However, affected individuals often have no symptoms related to the disorder, and diabetes-related complications are extremely rare.~RCAD is associated with a combination of diabetes and kidney or urinary tract abnormalities (unrelated to the elevated blood glucose), most commonly fluid-filled sacs (cysts) in the kidneys. However, the signs and symptoms are variable, even within families, and not everyone with RCAD has both features. Affected individuals may have other features unrelated to diabetes, such as abnormalities of the pancreas or liver or a form of arthritis called gout.",MEDLINEPLUS,T047,Disease or Syndrome
728,C0342277,Diabetes mellitus autosomal dominant type II (disorder),MTH,"Monogenic diabetes caused by inactivating mutation(s) in the GCK gene, encoding glucokinase. Heterozygous GCK mutations may manifest as mild hyperglycemia, which is not progressive, and usually requires no treatment. Homozygous GCK mutations result in permanent neonatal diabetes.",NCI,T047,Disease or Syndrome
729,C0342278,Hereditary benign acanthosis nigricans with insulin resistance,SNOMEDCT_US,,,T047,Disease or Syndrome
730,C0342281,"Muscular atrophy, ataxia, retinitis pigmentosa, and diabetes mellitus",SNOMEDCT_US,"A rare hereditary ataxia characterised by neurogenic muscular atrophy associated with signs of cerebellar ataxia, hypaesthesia, degeneration of the retina, and diabetes mellitus. Onset of the disease is in adolescence and the course is slowly progressive. There have been no further descriptions in the literature since 1983.",SNOMEDCT_US,T047,Disease or Syndrome
731,C0342283,Hyperproinsulinemia,SNOMEDCT_US,,,T047,Disease or Syndrome
732,C0342284,Bangstad Syndrome,OMIM,"Bangstad syndrome is a rare endocrine disease characterized by the association of primordial birdheaded nanism, progressive ataxia, goiter, primary gonadal insufficiency and insulin resistant diabetes mellitus. Plasma concentrations of TSH, PTH, LH, FSH, ACTH, glucagon, and insulin are usually elevated. A generalized cell membrane defect was suggested to be the pathophysiological abnormality in these patients. The mode of inheritance was thought to be autosomal recessive. There have been no further descriptions in the literature since 1989.",ORPHANET,T047,Disease or Syndrome
733,C0342286,Woodhouse Sakati syndrome,SNOMEDCT_US,"Woodhouse-Sakati syndrome is a disorder that primarily affects the body's network of hormone-producing glands (the endocrine system) and the nervous system. The signs and symptoms of this condition vary widely among affected individuals, even within the same family.~People with Woodhouse-Sakati syndrome produce abnormally low amounts of hormones that direct sexual development (hypogonadism), which typically becomes apparent during adolescence. Without hormone replacement therapy, affected individuals do not develop secondary sexual characteristics such as pubic hair, breast growth in women, or a deepening voice in men. Women with Woodhouse-Sakati syndrome do not have functional ovaries and may instead have undeveloped tissues called streak gonads. The uterus may also be small or absent. Men with this disorder have testes that produce little to no sperm. As a result, people with Woodhouse-Sakati syndrome have difficulty having biological children (a condition called infertility).~Some affected individuals have certain characteristic facial features, including a long, triangular face; widely spaced eyes (hypertelorism); and a prominent bridge of the nose. People with Woodhouse-Sakati syndrome also experience hair loss (alopecia) that begins in childhood and worsens over time. Eyelashes and eyebrows are sparse or absent, and affected men have little or no facial hair. By their mid-twenties, almost all affected individuals develop diabetes mellitus, and they may also have reduced production of thyroid hormones (hypothyroidism).~Individuals with Woodhouse-Sakati syndrome may have neurological problems. A group of movement abnormalities called dystonias are common in affected individuals, and they generally begin in adolescence or young adulthood. These movement abnormalities can include involuntary tensing of the muscles (muscle contractions) or twisting of specific body parts such as an arm or a leg. Other neurological features can include difficulty with speech (dysarthria) or swallowing (dysphagia), and mild intellectual disabilities.~Changes in the inner ears can lead to hearing loss (sensorineural hearing loss) in people with Woodhouse-Sakati syndrome. The hearing loss can range from mild to total. This loss usually occurs in adolescence.~In some affected individuals, abnormal deposits of iron in the brain have been detected with medical imaging. For this reason, Woodhouse-Sakati syndrome is sometimes classified as part of a group of disorders called neurodegeneration with brain iron accumulation (NBIA).~Some researchers classify Woodhouse-Sakati syndrome into two types, depending on the signs and symptoms. People with Woodhouse-Sakati syndrome type 1 tend to have more severe neurological problems, and those with type 2 have milder or no neurological problems.",MEDLINEPLUS,T047,Disease or Syndrome
734,C0342287,Thiamine-Responsive Megaloblastic Anemia Syndrome,OMIM,"Thiamine-responsive megaloblastic anemia syndrome (TRMA) is a rare condition that is characterized by hearing loss, diabetes, and a blood disorder called megaloblastic anemia. Megaloblastic anemia occurs when a person has a low number of red blood cells (anemia), and the red blood cells that are present are larger than normal (megaloblastic). The symptoms of this blood disorder may include decreased appetite, lack of energy, headaches, pale skin, diarrhea, and tingling or numbness in the hands and feet. Individuals with TRMA typically develop megaloblastic anemia between infancy and adolescence. TRMA is called ""thiamine-responsive"" because the anemia can be treated with daily doses of vitamin B1 (thiamine).~In people with TRMA, hearing loss typically develops during early childhood and is caused by abnormalities of the inner ear (sensorineural hearing loss). The hearing loss usually worsens over time. It remains unclear whether treatment with thiamine can improve hearing or delay hearing loss in people with TRMA.~People with TRMA often develop diabetes mellitus, a condition in which glucose levels can become dangerously high, at an early age. Although some individuals with TRMA develop diabetes during childhood, they do not have the autoimmune form of diabetes that typically develops in children, called type 1 diabetes. People with TRMA usually require insulin to treat their diabetes. In some cases, treatment with thiamine may delay the onset of diabetes or reduce the amount of insulin a person needs.~Some individuals with TRMA have abnormalities of the eye, including optic atrophy, which is the degeneration (atrophy) of the nerves that carry information from the eyes to the brain. Additional features of this condition may include heart and blood vessel (cardiovascular) problems, intellectual disabilities, behavioral changes, and seizures.",MEDLINEPLUS,T047,Disease or Syndrome
735,C0342288,Insulin-dependent diabetes mellitus secretory diarrhoea syndrome,RCD,"Immune dysregulation, polyendocrinopathy, enteropathy, X-linked (IPEX) syndrome primarily affects males and is caused by problems with the immune system. The immune system normally protects the body from foreign invaders, such as bacteria and viruses, by recognizing and attacking these invaders and clearing them from the body. However, the immune system can malfunction and attack the body's own tissues and organs instead, which is known as autoimmunity. IPEX syndrome is characterized by the development of multiple autoimmune disorders in affected individuals. Although IPEX syndrome can affect many different areas of the body, autoimmune disorders involving the intestines, skin, and hormone-producing (endocrine) glands occur most often. IPEX syndrome can be life-threatening in early childhood.~Almost all individuals with IPEX syndrome develop a disorder of the intestines called autoimmune enteropathy. Autoimmune enteropathy occurs when certain cells in the intestines are destroyed by a person's immune system. It causes severe diarrhea, which is usually the first symptom of IPEX syndrome. Autoimmune enteropathy typically begins in the first few months of life. It can cause failure to gain weight and grow at the expected rate (failure to thrive) and general wasting and weight loss (cachexia).~People with IPEX syndrome frequently develop inflammation of the skin, called dermatitis. Eczema is the most common type of dermatitis that occurs in this syndrome, and it causes abnormal patches of red, irritated skin. Other skin disorders that cause similar symptoms are sometimes present in IPEX syndrome.~The term polyendocrinopathy is used in IPEX syndrome because individuals can develop multiple disorders of the endocrine glands. Type 1 diabetes mellitus is an autoimmune condition involving the pancreas and is the most common endocrine disorder present in people with IPEX syndrome. It usually develops within the first few months of life and prevents the body from properly controlling the amount of sugar in the blood. Autoimmune thyroid disease may also develop in people with IPEX syndrome. The thyroid gland is a butterfly-shaped organ in the lower neck that produces hormones. This gland is commonly underactive (hypothyroidism) in individuals with this disorder, but may become overactive (hyperthyroidism).~Individuals with IPEX syndrome typically develop other types of autoimmune disorders in addition to those that involve the intestines, skin, and endocrine glands. Autoimmune blood disorders are common; about half of affected individuals have low levels of red blood cells (anemia), platelets (thrombocytopenia), or certain white blood cells (neutropenia) because these cells are attacked by the immune system. In some individuals, IPEX syndrome involves the liver and kidneys.",MEDLINEPLUS,T047,Disease or Syndrome
736,C0342289,Diabetes-deafness syndrome maternally transmitted,RCD,"Maternally inherited diabetes and deafness (MIDD) is a form of diabetes that is often accompanied by hearing loss, especially of high tones. The diabetes in MIDD is characterized by high blood sugar (glucose) levels, known as hyperglycemia. This results from a shortage of the hormone insulin, which regulates the amount of glucose in the blood. In MIDD, the diabetes and hearing loss usually develop in mid-adulthood, although the age that they occur varies from childhood to late adulthood. Typically, hearing loss occurs before diabetes.~Some people with MIDD develop an eye disorder called macular retinal dystrophy, which is characterized by colored patches in the light-sensitive tissue that lines the back of the eye (the retina). This disorder does not usually cause vision problems in people with MIDD. Individuals with MIDD also may experience muscle cramps or weakness, particularly during exercise; heart problems; kidney disease; and constipation. Individuals with MIDD are often shorter than their peers.",MEDLINEPLUS,T047,Disease or Syndrome
737,C0342290,Abnormal metabolic state due to diabetes mellitus,SNOMEDCT_US,,,T046,Pathologic Function
738,C0342294,Ketoacidosis due to type 1 diabetes mellitus,SNOMEDCT_US,,,T047,Disease or Syndrome
739,C0342295,Ketoacidosis due to type 2 diabetes mellitus,SNOMEDCT_US,,,T047,Disease or Syndrome
740,C0342296,Hyperosmolar coma due to type 1 diabetes mellitus,SNOMEDCT_US,,,T047,Disease or Syndrome
741,C0342297,Hyperosmolar coma due to type 2 diabetes mellitus,SNOMEDCT_US,,,T047,Disease or Syndrome
742,C0342298,Severe hyperglycemia due to diabetes mellitus,SNOMEDCT_US,,,T047,Disease or Syndrome
743,C0342302,diabetes; brittle,ICPC2ICD10ENG,"Diabetes mellitus en la cual se producen fluctuaciones de la glucemia frecuentes y clínicamente relevantes, por encima y por debajo de los niveles esperables con los tratamientos disponibles.",SCTSPA,T047,Disease or Syndrome
744,C0342304,Hyperglycemic disorder in pregnancy,SNOMEDCT_US,,,T047,Disease or Syndrome
745,C0342306,Pregnancy and type 2 diabetes mellitus,SNOMEDCT_US,,,T047,Disease or Syndrome
746,C0342307,Impaired glucose tolerance in pregnancy,SNOMEDCT_US,,,T047,Disease or Syndrome
747,C0342311,Neuroglycopenia,SNOMEDCT_US,,,T047,Disease or Syndrome
748,C0342312,Hypoglycemic event due to diabetes,SNOMEDCT_US,,,T047,Disease or Syndrome
749,C0342313,Hypoglycemia due to diabetes mellitus,SNOMEDCT_US,,,T047,Disease or Syndrome
750,C0342315,Nocturnal hypoglycemia due to diabetes mellitus,SNOMEDCT_US,,,T047,Disease or Syndrome
751,C0342316,Recurrent severe hypoglycemia,SNOMEDCT_US,,,T046,Pathologic Function
752,C0342317,Loss of hypoglycemic warning due to diabetes mellitus,SNOMEDCT_US,,,T047,Disease or Syndrome
753,C0342318,Non-diabetic hypoglycemia,SNOMEDCT_US,,,T047,Disease or Syndrome
754,C0342320,Alimentary hypoglycemia,SNOMEDCT_US,,,T047,Disease or Syndrome
755,C0342321,Drug-induced hypoglycemia,SNOMEDCT_US,,,T046,Pathologic Function
756,C0342488,Syndrome of apparent mineralocorticoid excess,SNOMEDCT_US,"An autosomal recessive disorder caused by a deficiency of 11-beta-hydroxysteroid dehydrogenase, which is characterized by hypertension, hypokalemia, low renin, and hypoaldosteronism.",NCI,T047,Disease or Syndrome
757,C0342552,Autoimmune endocrine disease,SNOMEDCT_US,,,T047,Disease or Syndrome
758,C0342754,Disorder of carbohydrate absorption,SNOMEDCT_US,,,T047,Disease or Syndrome
759,C0342784,Pearson marrow-pancreas syndrome,PDQ,"Pearson syndrome is a severe disorder that usually begins in infancy. It causes problems with the development of blood-forming (hematopoietic) cells in the bone marrow that have the potential to develop into different types of blood cells. For this reason, Pearson syndrome is considered a bone marrow failure disorder. Function of the pancreas and other organs can also be affected.~Most affected individuals have a shortage of red blood cells (anemia), which can cause pale skin (pallor), weakness, and fatigue. Some of these individuals also have low numbers of white blood cells (neutropenia) and platelets (thrombocytopenia). Neutropenia can lead to frequent infections; thrombocytopenia sometimes causes easy bruising and bleeding. When visualized under the microscope, bone marrow cells from affected individuals may appear abnormal. Often, early blood cells (hematopoietic precursors) have multiple fluid-filled pockets called vacuoles. In addition, red blood cells in the bone marrow can have an abnormal buildup of iron that appears as a ring of blue staining in the cell after treatment with certain dyes. These abnormal cells are called ring sideroblasts.~In people with Pearson syndrome, the pancreas does not work as well as usual. The pancreas produces and releases enzymes that aid in the digestion of fats and proteins. Reduced function of this organ can lead to high levels of fats in the liver (liver steatosis). The pancreas also releases insulin, which helps maintain correct levels of blood glucose, also called blood sugar. A small number of individuals with Pearson syndrome develop diabetes, a condition characterized by abnormally high blood glucose levels that can be caused by a shortage of insulin. In addition, affected individuals may have scarring (fibrosis) in the pancreas.~People with Pearson syndrome have a reduced ability to absorb nutrients from the diet (malabsorption), and most affected infants have an inability to grow and gain weight at the expected rate (failure to thrive). Another common occurrence in people with this condition is buildup in the body of a chemical called lactic acid (lactic acidosis), which can be life-threatening. In addition, liver and kidney problems can develop in people with this condition. Some people with Pearson syndrome have droopy eyelids (ptosis), vision problems, hearing loss, seizures, or movement disorders.~About half of children with this severe disorder die in infancy or early childhood due to severe lactic acidosis or liver failure. Many of those who survive develop signs and symptoms later in life of a related disorder called Kearns-Sayre syndrome. This condition causes weakness of muscles around the eyes and other problems.",MEDLINEPLUS,T047,Disease or Syndrome
760,C0342793,Malonic aciduria,SNOMEDCT_US,"Malonyl-CoA decarboxylase deficiency is a condition that prevents the body from converting certain fats to energy. The signs and symptoms of this disorder typically appear in early childhood. Almost all affected children have delayed development. Additional signs and symptoms can include weak muscle tone (hypotonia), seizures, diarrhea, vomiting, and low blood sugar (hypoglycemia). A heart condition called cardiomyopathy, which weakens and enlarges the heart muscle, is another common feature of malonyl-CoA decarboxylase deficiency.",MEDLINEPLUS,T047,Disease or Syndrome
761,C0342873,Glutaric Aciduria Iii,OMIM,A rare inborn error of metabolism characterized by abnormally high urinary excretion of glutaric acid due to peroxisomal glutaryl-CoA oxidase deficiency. There is no association with a specific clinical phenotype.,ORPHANET,T047,Disease or Syndrome
762,C0343178,Neuropathic arthropathy due to diabetes mellitus,SNOMEDCT_US,,,T046,Pathologic Function
763,C0347890,Post gastrointestinal tract surgery hypoglycemia,SNOMEDCT_US,,,T047,Disease or Syndrome
764,C0347950,asthma attack,MEDCIN,,,T047,Disease or Syndrome
765,C0348447,Other specified diabetes mellitus,ICD10,,,T047,Disease or Syndrome
766,C0348450,Unspecified diabetes mellitus with renal complications,ICD10,,,T047,Disease or Syndrome
767,C0348452,Other hypoglycemia,ICD10AE,,,T047,Disease or Syndrome
768,C0348486,Other disorders of intestinal carbohydrate absorption,ICD10,,,T047,Disease or Syndrome
769,C0348586,Other Secondary Hypertension,NCI,Evidence of other secondary hypertension not specified elsewhere.,NCI,T047,Disease or Syndrome
770,C0348587,Hypertension Secondary To Other Renal Disorders,NCI,Evidence of hypertension secondary to other renal disorders.,NCI,T047,Disease or Syndrome
771,C0348692,chronic lower respiratory disease,MEDCIN,,,T047,Disease or Syndrome
772,C0348819,Mixed asthma,SNOMEDCT_US,,,T047,Disease or Syndrome
773,C0348860,Hypertensive renal disease with renal failure,ICD10,,,T047,Disease or Syndrome
774,C0348877,"Pre-existing hypertensive heart and renal disease complicating pregnancy, childbirth and the puerperium",SNOMEDCT_US,,,T047,Disease or Syndrome
775,C0348879,Hypertensive heart and renal disease with renal failure,SNOMEDCT_US,,,T047,Disease or Syndrome
776,C0348881,"Pre-existing hypertensive heart disease complicating pregnancy, childbirth and the puerperium",SNOMEDCT_US,,,T046,Pathologic Function
777,C0348913,Insulin-dependent diabetes mellitus with renal complications,ICD10,,,T047,Disease or Syndrome
778,C0348914,Insulin-dependent diabetes mellitus with ophthalmic complications,ICD10,,,T047,Disease or Syndrome
779,C0348915,Insulin-dependent diabetes mellitus with neurological complications,ICD10,,,T047,Disease or Syndrome
780,C0348916,Insulin-dependent diabetes mellitus with multiple complications,ICD10,,,T047,Disease or Syndrome
781,C0348917,"Pre-existing diabetes mellitus, insulin-dependent",MTH,,,T047,Disease or Syndrome
782,C0348918,Non-insulin-dependent diabetes mellitus with renal complications,ICD10,,,T047,Disease or Syndrome
783,C0348919,Disorder of eye due to type 2 diabetes mellitus,SNOMEDCT_US,,,T047,Disease or Syndrome
784,C0348920,Non-insulin-dependent diabetes mellitus with neurological complications,ICD10,,,T047,Disease or Syndrome
785,C0348921,"Pre-existing diabetes mellitus, non-insulin-dependent",MTH,,,T047,Disease or Syndrome
786,C0348931,Other Specified Diabetes Mellitus with Other Specified Complication,NCI,Evidence of other specified diabetes mellitus with other specified complication not specified elsewhere.,NCI,T047,Disease or Syndrome
787,C0348932,Other Specified Diabetes Mellitus with Unspecified Complication,NCI,Evidence of other specified diabetes mellitus with unspecified complication not specified elsewhere.,NCI,T047,Disease or Syndrome
788,C0348933,Other specified diabetes mellitus with coma,ICD10,,,T047,Disease or Syndrome
789,C0348938,Other specified diabetes mellitus with multiple complications,ICD10,,,T047,Disease or Syndrome
790,C0348939,Unspecified diabetes mellitus with multiple complications,ICD10,,,T047,Disease or Syndrome
791,C0349363,Non-insulin-dependent diabetes mellitus with multiple complications,ICD10,,,T047,Disease or Syndrome
792,C0349368,Hypertension secondary to endocrine disorder,SNOMEDCT_US,A condition of high blood pressure occurring in association with diseases of the endocrine glands.,NCI,T047,Disease or Syndrome
793,C0349790,exacerbation of asthma,CHV,,,T033,Finding
794,C0350132,Metoprolol Fumarate,NCI,"The fumarate salt form of metoprolol, a cardioselective competitive beta-1 adrenergic receptor antagonist with antihypertensive properties and devoid of intrinsic sympathomimetic activity. Metoprolol antagonizes beta 1-adrenergic receptors in the myocardium, thereby reducing the rate and force of myocardial contraction, and consequently a diminished cardiac output. This agent may also reduce the secretion of renin with subsequent reduction in levels of angiotensin II thereby preventing vasoconstriction and aldosterone secretion.",NCI,T109,Organic Chemical
795,C0350279,Isoetharine hydrochloride,SNOMEDCT_US,,,T109,Organic Chemical
796,C0351975,Pilocarpine nitrate,SNOMEDCT_US,,,T109,Organic Chemical
797,C0353148,Meperidine hydrochloride,SNOMEDCT_US,"The hydrochloride salt of a synthetic piperidine ester with opioid analgesic activity. Meperidine mimics the actions of endogenous neuropeptides via opioid receptors such as the mu-opioid receptor, thereby producing characteristic morphine-like effects including analgesia, euphoria, sedation, respiratory depression, miosis, bradycardia and physical dependence.",NCI,T109,Organic Chemical
798,C0354468,Amlodipine besylate,SNOMEDCT_US,"The besylate salt of amlodipine, a synthetic dihydropyridine with antihypertensive and antianginal effects. Amlodipine inhibits the influx of extracellular calcium ions into myocardial and peripheral vascular smooth muscle cells, thereby preventing vascular and myocardial contraction. This results in a dilatation of the main coronary and systemic arteries, decreased myocardial contractility, increased blood flow and oxygen delivery to the myocardial tissue, and decreased total peripheral resistance. This agent may also modulate multi-drug resistance (MDR) activity through inhibition of the p-glycoprotein efflux pump.",NCI,T109,Organic Chemical
799,C0355564,Dihydrocodeine Bitartrate,NCI,"A synthetic opioid analgesic. Dihydrocodeine bitartrate mimics the actions of the endogenous opioid peptides due to its agonistic effects on the opioid receptors. Stimulation of the mu receptors produces the typical narcotic effects of analgesia, miosis, euphoria, respiratory depression, sedation, physical dependence and bradycardia. Dihydrocodeine bitartrate is twice as potent as codeine and has one third of the potency of morphine. This analgesic is used for the relief of moderate to moderately severe pain.",NCI,T109,Organic Chemical
800,C0357126,Epoetin alfa,SNOMEDCT_US,"A recombinant therapeutic agent which is chemically identical to or similar to the endogenous cytokine human erythropoietin (EPO). Produced primarily by cells of the peritubular capillary endothelium of the kidney in response to hypoxia, circulating EPO binds to EPO receptors on the surface of committed erythroid progenitors in the bone marrow resulting in their replication and maturation into functional erythrocytes.",NCI,T116,"Amino Acid, Peptide, or Protein"
801,C0357701,Physostigmine sulfate,SNOMEDCT_US,,,T109,Organic Chemical
802,C0362046,Prediabetes syndrome,SNM,"What is prediabetes? Prediabetes means that your blood glucose, or blood sugar, levels are higher than normal but not high enough to be called diabetes. Glucose comes from the foods you eat. Too much glucose in your blood can damage your body over time. If you have prediabetes, you are more likely to develop type 2 diabetes, heart disease, and stroke. But if you make some lifestyle changes now, you may be able to delay or prevent type 2 diabetes. What causes prediabetes? Prediabetes usually happens when your body has a problem with insulin. Insulin is a hormone that helps the glucose get into your cells to give them energy. A problem with insulin could be: Insulin resistance, a condition in which the body can't use its insulin properly. It makes it hard for your cells to get glucose from your blood. This can cause your blood sugar levels to rise. Your body can't make enough insulin to keep your blood sugar levels at a healthy level  Researchers think that being overweight and not getting regular physical activity are major factors in causing prediabetes. Who is at risk for prediabetes? About 1 out of every 3 adults has prediabetes. It is more common in people who: Are overweight or have obesity Are age 45 or older Have a parent, brother, or sister with diabetes Are African American, Alaska Native, American Indian, Asian American, Hispanic/Latino, Native Hawaiian, or Pacific Islander American Are not physically active Have health conditions such as high blood pressure and high cholesterol Have had gestational diabetes (diabetes in pregnancy) Have a history of heart disease or stroke Have metabolic syndrome Have polycystic ovary syndrome (PCOS)  What are the symptoms of prediabetes? Most people don't know they have prediabetes because usually there are no symptoms. Some people with prediabetes may have darkened skin in the armpit or on the back and sides of the neck. They may also have many small skin growths in those same areas. How is prediabetes diagnosed? There are a few different blood tests that can diagnose prediabetes. The most common ones are: Fasting plasma glucose (FPG) test, which measures your blood sugar at a single point in time. You need to fast (not eat or drink) for at least 8 hours before the test. The results of the test are given in mg/dL (milligrams per deciliter):  A normal level is 99 or below Prediabetes is 100 to 125 Type 2 diabetes is 126 and above   A1C test, which measures your average blood sugar over the past 3 months. The results of an A1C test are given as a percentage. The higher the percentage, the higher your blood sugar levels have been.  A normal level is below 5.7% Prediabetes is between 5.7 to 6.4% Type 2 diabetes is above 6.5%    If I have prediabetes, will I get diabetes? If you have prediabetes, you may be able to delay or prevent type 2 diabetes through lifestyle changes: Losing weight, if you are overweight Getting regular physical activity Following a healthy, reduced-calorie eating plan  In some cases, your health care provider may also recommend taking diabetes medicines. Can prediabetes be prevented? If you are at risk for prediabetes, those same lifestyle changes (losing weight, regular physical activity, and a healthy eating plan) may prevent you from getting it. NIH: National Institute of Diabetes and Digestive and Kidney Diseases",MEDLINEPLUS,T047,Disease or Syndrome
803,C0375113,"Diabetes mellitus without mention of complication, type II or unspecified type, not stated as uncontrolled",ICD9CM,,,T047,Disease or Syndrome
804,C0375114,"Diabetes mellitus without mention of complication, type I [juvenile type], not stated as uncontrolled",ICD9CM,,,T047,Disease or Syndrome
805,C0375121,diabetes mellitus with hyperosmolarity,MEDCIN,,,T047,Disease or Syndrome
806,C0375321,"Upper respiratory tract hypersensitivity reaction, site unspecified",ICD10,,,T047,Disease or Syndrome
807,C0378466,Zafirlukast,SNOMEDCT_US,"A tolyl compound and leukotriene receptor antagonist (LTRA), with anti-asthmatic and potential capsular contracture-preventing activities. Upon administration, zafirlukast selectively and competitively binds to and blocks the cysteinyl leukotriene 1 receptor (CYSLTR1), thereby preventing the potent pro-inflammatory mediators leukotriene C4, D4 and E4 from binding. This prevents leukotriene-mediated actions, including enhanced migration of eosinophils and neutrophils, increased adhesion of leukocytes, increased monocyte and neutrophil aggregation, increased airway edema, inflammation, capillary permeability and bronchoconstriction. In addition, zafirlukast may decrease collagen deposition, fibrosis, and capsular thickness after implantation, thereby preventing scar tissue.",NCI,T109,Organic Chemical
808,C0380447,Montelukast sodium,SNOMEDCT_US,"The orally bioavailable monosodium salt of montelukast, a selective cysteinyl leukotriene receptor antagonist with anti-inflammatory and bronchodilating activities. Montelukast selectively and competitively blocks the cysteinyl leukotriene 1 (CysLT1) receptor, preventing binding of the inflammatory mediator leukotriene D4 (LTD4). Inhibition of LTD4 activity results in inhibition of leukotriene-mediated inflammatory events including: migration of eosinophils and neutrophils; adhesion of leukocytes to vascular endothelium, monocyte and neutrophil aggregation; increased airway edema; increased capillary permeability; and bronchoconstriction. The CysLT1 receptor is found in a number of tissues including spleen, lung, placenta, small intestine, and nasal mucosa, and in a variety of cell types including monocyte/macrophages, mast cells, eosinophils, CD34-positive hemopoietic progenitor cells, neutrophils and endothelial cells.",NCI,T109,Organic Chemical
809,C0386393,Olmesartan medoxomil,SNOMEDCT_US,"A synthetic imidazole derivative prodrug with an antihypertensive property. Upon hydrolysis, olmesartan medoxomil is converted to olmesartan. Olmesartan selectively binds to the angiotensin type 1 (AT1) receptor of angiotensin II in vascular smooth muscle and adrenal gland, thereby competing angiotensin II binding to the receptor. This prevents angiotensin II-induced vasoconstriction and decreases aldosterone production, thereby preventing aldosterone-stimulated sodium retention and potassium excretion.",NCI,T109,Organic Chemical
810,C0392201,"Glucose measurement, blood",SNOMEDCT_US,"What is blood glucose? Blood glucose, or blood sugar, is the main sugar found in your blood. It is your body's primary source of energy. It comes from the food you eat. Your body breaks down most of that food into glucose and releases it into your bloodstream. When your blood glucose goes up, it signals your pancreas to release insulin. Insulin is a hormone that helps the glucose get into your cells to be used for energy. What is diabetes? Diabetes is a disease in which your blood glucose levels are too high. When you have diabetes, your body doesn't make enough insulin, can't use it as well as it should, or both. Too much glucose stays in your blood and doesn't reach your cells. Over time, having too much glucose in your blood can cause serious health problems (diabetes complications). So if you have diabetes, it's important to keep your blood glucose levels within your target range. What are blood glucose targets? If you have diabetes, your blood glucose target is the range you try to reach as much as possible. The typical targets are:  Before a meal: 80 to 130 mg/dL Two hours after the start of a meal: Less than 180 mg/dL  Your blood glucose targets may be different, depending on your age, any additional health problems you have, and other factors. Talk with your health care team about the best target range for you. When and how should I check my blood glucose? If you have diabetes, you'll likely need to check your blood glucose every day to make sure that your blood glucose numbers are in your target range. Some people may need to check their blood glucose several times a day. Ask your health care team how often you need to check it. The most common way to check your blood glucose level at home is with a blood glucose meter. A blood glucose meter measures the amount of glucose in a small sample of blood, usually from your fingertip. Continuous glucose monitoring (CGM) is another way to check your glucose levels. Most CGM systems use a tiny sensor that is inserted under your skin. The sensor measures your glucose level every few minutes. It can show changes in your glucose level throughout the day and night. A CGM system is especially useful for people who take insulin and have problems with low blood glucose. Your provider will also check your blood glucose with a blood test called an A1C. It checks your average blood glucose level over the past three months. People with diabetes usually have an A1C test at least twice a year. But you may need the test more often if you aren't meeting your diabetes treatment goals. What happens if my blood glucose level becomes too high? High blood glucose is called hyperglycemia. Symptoms that your blood glucose levels may be too high include:  Feeling thirsty Feeling tired or weak Headaches Urinating (peeing) often Blurred vision  If you often have high blood glucose levels or symptoms of high blood glucose, talk with your health care team. You may need a change in your diabetes meal plan, physical activity plan, or diabetes medicines. High blood glucose may also be caused by other conditions that can affect insulin or glucose levels in your blood. These conditions include problems with your pancreas or adrenal glands. What happens if my blood glucose level becomes low for me? Hypoglycemia, also called low blood glucose, happens when your blood glucose level drops below what is healthy for you. For many people with diabetes, this means a blood glucose reading lower than 70 mg/dL. Your number might be different, so check with your health care team to find out what blood glucose level is low for you. Symptoms of low blood glucose tend to come on quickly. The symptoms can be different for everyone, but they may include:  Shaking Sweating Nervousness or anxiety Irritability or confusion Dizziness Hunger  Low blood glucose levels can be common in people with type 1 diabetes and people with type 2 diabetes who take certain diabetes medicines. If you think you may have low blood glucose, check your level, even if you don't have symptoms. Low blood glucose can be dangerous and should be treated as soon as possible. Although it's rare, you can still get low blood glucose without having diabetes. The causes can include conditions such as liver disease, kidney disease, and hormone deficiencies (lack of certain hormones). Some medicines, such as certain heart medicines and antibiotics, can also cause it. See your provider to find out the cause of your low blood glucose and how to treat it. NIH: National Institute of Diabetes and Digestive and Kidney Diseases",MEDLINEPLUS,T059,Laboratory Procedure
811,C0392445,Necrobiosis lipoidica diabeticorum,SNOMEDCT_US,,,T047,Disease or Syndrome
812,C0392462,Benign hypertensive heart disease without congestive heart failure,SNOMEDCT_US,,,T047,Disease or Syndrome
813,C0392463,Malignant hypertensive heart disease without congestive heart failure,SNOMEDCT_US,,,T047,Disease or Syndrome
814,C0392607,Severe combined immunodeficiency due to adenosine deaminase deficiency,ICD10CM,"An autosomal recessive deficiency of the purine salvage enzyme adenosine deaminase which results in Severe Combined Immunodeficiency Disease (SCID). The most common form of SCID, accounting for about 50% of autosomal recessive cases. The first disease for which gene therapy was applied.",NCI,T047,Disease or Syndrome
815,C0392681,Asthmatic breathing,SNOMEDCT_US,,,T184,Sign or Symptom
816,C0392682,Elevated blood-pressure reading without diagnosis of hypertension,SNOMEDCT_US,,,T033,Finding
817,C0392707,Atopy,SNOMEDCT_US,"A genetic predisposition to form IgE antibodies in response to exposure to allergens and therefore, for the development of immediate (type I) hypersensitivity and atopic conditions, such as allergic rhinitis; bronchial asthma, atopic dermatitis, and food allergy. Mutations of specific alleles on the long arm of chromosome 5 have been associated with higher levels of IL-4 and IgE and are known as IL-4 promoter polymorphisms.",NCI,T046,Pathologic Function
818,C0393829,Acute painful diabetic neuropathy,SNOMEDCT_US,,,T047,Disease or Syndrome
819,C0393830,Chronic painful neuropathy due to diabetes mellitus,SNOMEDCT_US,,,T047,Disease or Syndrome
820,C0393831,Asymptomatic neuropathy due to diabetes mellitus,SNOMEDCT_US,,,T047,Disease or Syndrome
821,C0393833,Diabetic acute painful polyneuropathy,SNOMEDCT_US,,,T047,Disease or Syndrome
822,C0393834,Chronic painful polyneuropathy due to diabetes mellitus,SNOMEDCT_US,,,T047,Disease or Syndrome
823,C0393835,diabetic asymmetric polyneuropathy,MEDCIN,,,T047,Disease or Syndrome
824,C0393838,Thoracic radiculopathy due to diabetes mellitus,SNOMEDCT_US,,,T047,Disease or Syndrome
825,C0398782,Carboxypeptidase N Deficiency,OMIM,"An autosomal recessive condition caused by mutation(s) in the CPN1 gene, encoding carboxypeptidase N catalytic chain. It may be characterized by episodic angioedema, chronic urticaria, asthma and/or allergic hypersensitivity.",NCI,T047,Disease or Syndrome
826,C0400875,Hollow visceral neuropathy,SNOMEDCT_US,,,T047,Disease or Syndrome
827,C0403443,"Renal Failure, Progressive, With Hypertension",OMIM,,,T047,Disease or Syndrome
828,C0403518,Microalbuminuric diabetic nephropathy,SNOMEDCT_US,,,T047,Disease or Syndrome
829,C0403519,Proteinuric nephropathy due to diabetes mellitus,SNOMEDCT_US,,,T047,Disease or Syndrome
830,C0403548,Salcedo syndrome,MSH,"A rare genetic glomerular disease characterized by variably severe nephropathy with microscopic hematuria and proteinuria, in the absence of nail and bone abnormalities. Characteristic ultrastructural findings are irregular thickening and moth-eaten appearance of the glomerular basement membrane with focal deposition of type III collagen fibrils.",ORPHANET,T047,Disease or Syndrome
831,C0406132,Cellulitis of foot due to diabetes mellitus,SNOMEDCT_US,,,T047,Disease or Syndrome
832,C0406526,Neuropathic ulcer of foot due to diabetes mellitus,SNOMEDCT_US,,,T047,Disease or Syndrome
833,C0406527,Mixed diabetic ulcer - foot,SNOMEDCT_US,,,T047,Disease or Syndrome
834,C0406681,Disorder of soft tissue due to diabetes mellitus,SNOMEDCT_US,,,T047,Disease or Syndrome
835,C0406682,Diabetic dermopathy,SNOMEDCT_US,,,T047,Disease or Syndrome
836,C0406683,Bullosis diabeticorum,SNOMEDCT_US,,,T047,Disease or Syndrome
837,C0406684,Diabetic thick skin syndrome,SNOMEDCT_US,,,T047,Disease or Syndrome
838,C0406685,Diabetic hand syndrome,SNOMEDCT_US,,,T047,Disease or Syndrome
839,C0406686,Rubeosis faciei due to diabetes mellitus,SNOMEDCT_US,,,T047,Disease or Syndrome
840,C0409729,Arthropathy associated with other endocrine and metabolic disorders,ICD9CM,,,T047,Disease or Syndrome
841,C0420048,Asthma screening,SNOMEDCT_US,,,T058,Health Care Activity
842,C0421211,Asthma disturbing sleep,SNOMEDCT_US,,,T033,Finding
843,C0423397,Diabetic retinal venous beading,MEDCIN,,,T047,Disease or Syndrome
844,C0431693,Renal Cysts and Diabetes Syndrome,NCI,"Monogenic diabetes caused by inactivating mutation(s) in the gene HNF1B, encoding hepatocyte nuclear factor 1-beta. In addition to diabetes, this condition may be associated with renal cysts and urogenital anomalies. Homozygous HNF1B mutations result in permanent neonatal diabetes.",NCI,T047,Disease or Syndrome
845,C0432217,Wolcott-Rallison Syndrome,NCI,"A rare, autosomal recessive condition caused by mutation(s) in the EIF2AK3 gene, which encodes translation initiation factor 2-alpha kinase-3. The condition is characterized by the following: permanent insulin-dependent diabetes, with onset in the neonatal period or infancy; epiphyseal dysplasia; deficient bone mineralization, diagnosed in the first year or two of life; and liver dysfunction, occurring in early childhood. Other features may include intellectual deficit, hypothyroidism, renal dysfunction, neutropenia, and thyroid dysfunction. The manifestations and clinical course are variable.",NCI,T047,Disease or Syndrome
846,C0432246,Microcephalic osteodysplastic primordial dwarfism type II,SNOMEDCT_US,"Microcephalic osteodysplastic primordial dwarfism type II (MOPDII) is a condition characterized by short stature (dwarfism) with other skeletal abnormalities (osteodysplasia) and an unusually small head size (microcephaly). The growth problems in MOPDII are primordial, meaning they begin before birth, with affected individuals showing slow prenatal growth (intrauterine growth retardation). After birth, affected individuals continue to grow at a very slow rate. The final adult height of people with this condition ranges from 20 inches to 40 inches. Other skeletal abnormalities in MOPDII include abnormal development of the hip joints (hip dysplasia), thinning of the bones in the arms and legs, an abnormal side-to-side curvature of the spine (scoliosis), and shortened wrist bones. In people with MOPDII head growth slows over time; affected individuals have an adult brain size comparable to that of a 3-month-old infant. However, intellectual development is typically normal.~People with this condition have a high-pitched, nasal voice and some have a narrowing of the voicebox (subglottic stenosis). Facial features characteristic of MOPDII include a prominent nose, full cheeks, a long midface, and a small jaw. Other signs and symptoms seen in some people with MOPDII include small teeth (microdontia) and farsightedness. Over time, affected individuals may develop areas of abnormally light or dark skin coloring (pigmentation).~Many individuals with MOPDII have blood vessel abnormalities. For example, some affected individuals develop a bulge in one of the blood vessels at the center of the brain (intracranial aneurysm). These aneurysms are dangerous because they can burst, causing bleeding within the brain. Some affected individuals have Moyamoya disease, in which arteries at the base of the brain are narrowed, leading to restricted blood flow. These vascular abnormalities are often treatable, though they increase the risk of stroke and reduce the life expectancy of affected individuals.",MEDLINEPLUS,T047,Disease or Syndrome
847,C0432443,Chromosome 18 deletion syndrome,MTH,"A condition in which some or all of the cells of the body contain extra genetic material from chromosome 18. Clinical features of this condition may include the following: spina bifida, hearing loss, cleft lip, cleft palate, undescended testes, rocker bottom feet, micrognathia, low set ears, cardiac anomalies (ventricular septal defect, atrial septal defect, patent ductus arteriosus, tetralogy of Fallot), intellectual disability, holoprosencephaly, pituitary dysplasia, seizures, autoimmune disorders, hip dysplasia, and/or congenital cataracts.",NCI,T047,Disease or Syndrome
848,C0438195,Cardiovascular test finding,SNOMEDCT_US,,,T033,Finding
849,C0438420,Mononeuritis multiplex with diabetes mellitus,SNOMEDCT_US,,,T047,Disease or Syndrome
850,C0439673,Unknown,SNOMEDCT_US,"Not known, observed, recorded; or reported as unknown by the data contributor.",NCI,T080,Qualitative Concept
851,C0452204,Neonatal hypertension,SNOMEDCT_US,Abnormally high blood pressure in a newborn child.,NCI,T047,Disease or Syndrome
852,C0455348,No FH: Hypertension,SNOMEDCT_US,,,T033,Finding
853,C0455405,Family History of Hypertension,NCI,A history of a first-degree relative that has hypertension.,NCI,T033,Finding
854,C0455488,H/O: diabetes mellitus,SNOMEDCT_US,,,T033,Finding
855,C0455527,H/O: hypertension,SNOMEDCT_US,,,T033,Finding
856,C0455544,H/O: asthma,SNOMEDCT_US,,,T033,Finding
857,C0455678,No family history of diabetes mellitus,SNOMEDCT_US,,,T033,Finding
858,C0457621,Myasthenic syndrome due to diabetic amyotrophy,SNOMEDCT_US,,,T047,Disease or Syndrome
859,C0458827,Airway structure,SNOMEDCT_US,The part of the respiratory system between the nose or mouth and the lungs.,NCI,T023,"Body Part, Organ, or Organ Component"
860,C0460093,Below reference range,SNOMEDCT_US,,,T034,Laboratory or Test Result
861,C0473559,Ischemic ulcer of foot due to diabetes mellitus,SNOMEDCT_US,,,T047,Disease or Syndrome
862,C0474680,Hemoglobin A1c measurement,SNOMEDCT_US,"A1C is a blood test for type 2 diabetes and prediabetes. It measures your average blood glucose, or blood sugar, level over the past 3 months. Doctors may use the A1C alone or in combination with other diabetes tests to make a diagnosis. They also use the A1C to see how well you are managing your diabetes. This test is different from the blood sugar checks that people with diabetes do every day. Your A1C test result is given in percentages. The higher the percentage, the higher your blood sugar levels have been:  A normal A1C level is below 5.7% Prediabetes is between 5.7 to 6.4%. Having prediabetes is a risk factor for getting type 2 diabetes. People with prediabetes may need retests every year. Type 2 diabetes is above 6.5% If you have diabetes, you should have the A1C test at least twice a year. The A1C goal for many people with diabetes is below 7. It may be different for you. Ask what your goal should be. If your A1C result is too high, you may need to change your diabetes care plan.  NIH: National Institute of Diabetes and Digestive and Kidney Diseases",MEDLINEPLUS,T059,Laboratory Procedure
863,C0477821,"Pre-existing diabetes mellitus, unspecified",MTH,,,T047,Disease or Syndrome
864,C0494279,Insulin-dependent diabetes mellitus with coma,ICD10,,,T047,Disease or Syndrome
865,C0494284,Insulin-dependent diabetes mellitus without complications,ICD10,Evidence of type 1 diabetes mellitus without complications.,NCI,T047,Disease or Syndrome
866,C0494285,Non-insulin-dependent diabetes mellitus with coma,ICD10,,,T047,Disease or Syndrome
867,C0494290,Non-insulin-dependent diabetes mellitus without complications,ICD10,Evidence of type 2 diabetes mellitus without complications.,NCI,T047,Disease or Syndrome
868,C0494293,Other Specified Diabetes Mellitus without Complication,NCI,Evidence of other specified diabetes mellitus without complication not specified elsewhere.,NCI,T047,Disease or Syndrome
869,C0494295,Unspecified diabetes mellitus with coma,ICD10,,,T047,Disease or Syndrome
870,C0494296,Unspecified diabetes mellitus with ketoacidosis,ICD10,,,T047,Disease or Syndrome
871,C0494300,Unspecified diabetes mellitus with other specified complications,ICD10,,,T047,Disease or Syndrome
872,C0494303,increased secretion of glucagon,MEDCIN,,,T033,Finding
873,C0494574,"Hypertensive renal disease, unspecified, without mention of renal failure",MTHICD9,,,T047,Disease or Syndrome
874,C0494575,Hypertensive heart and renal disease with (congestive) heart failure,SNOMEDCT_US,,,T047,Disease or Syndrome
875,C0494576,Hypertensive heart and renal disease with both (congestive) heart failure and renal failure,SNOMEDCT_US,,,T047,Disease or Syndrome
876,C0494660,Predominantly allergic asthma,ICD10,,,T047,Disease or Syndrome
877,C0495440,Transitory disorders of carbohydrate metabolism specific to fetus and newborn,ICD10AM,,,T047,Disease or Syndrome
878,C0497150,Abnormal result investigation,ICPC2EENG,,,T058,Health Care Activity
879,C0497247,Blood pressure increased,MDR,"Abnormal increase in blood pressure. An individual measurement of increased blood pressure does not necessarily imply hypertension. In practical terms, multiple measurements are recommended to diagnose the presence of hypertension. [PMID:9137951]",HPO,T033,Finding
880,C0497248,Uncomplicated Hypertension,NCI,A condition of high blood pressure without resulting clinical disorders.,NCI,T047,Disease or Syndrome
881,C0497395,"Endocrine, Metabolic And Nutritional",ICPC,,,T185,Classification
882,C0497409,Endocrine/metabolic/nutritional disease other,ICPC2EENG,,,T047,Disease or Syndrome
883,C0497531,Diagnosis/Diseases Component,ICPC,,,T170,Intellectual Product
884,C0518829,Vital Signs Completion Status,NCI,A term used to describe the state or condition of the completeness of the vital signs data.,NCI,T033,Finding
885,C0520539,Hypertensive Episode,NCI,An episode of elevated blood pressure.,NCI,T047,Disease or Syndrome
886,C0520540,Rebound hypertension,SNOMEDCT_US,,,T047,Disease or Syndrome
887,C0522058,Carbohydrate craving,SNOMEDCT_US,,,T184,Sign or Symptom
888,C0522083,Glucose level outside reference range,SNOMEDCT_US,A finding that either fasting or postprandial blood glucose levels are above or below the normal thresholds.,NCI,T033,Finding
889,C0524620,Metabolic syndrome X,SNOMEDCT_US,"What is metabolic syndrome? Metabolic syndrome is the name for a group of risk factors for heart disease, diabetes, and other health problems. You can have just one risk factor, but people often have several of them together. When you have at least three of them, it is called metabolic syndrome. These risk factors include: A large waistline, also called abdominal obesity or ""having an apple shape."" Too much fat around the stomach is a greater risk factor for heart disease than too much fat in other parts of the body. Having a high triglyceride level. Triglycerides are a type of fat found in the blood. Having a low HDL cholesterol level. HDL is sometimes called the ""good"" cholesterol because it helps remove cholesterol from your arteries. Having high blood pressure. If your blood pressure stays high over time, it can damage your heart and lead to other health problems. Having a high fasting blood sugar. Mildly high blood sugar may be an early sign of diabetes.  The more factors you have, the higher your risk for heart disease, diabetes, and stroke is. What causes metabolic syndrome? Metabolic syndrome has several causes that act together: Overweight and obesity An inactive lifestyle Insulin resistance, a condition in which the body can't use insulin properly. Insulin is a hormone that helps move blood sugar into your cells to give them energy. Insulin resistance can lead to high blood sugar levels. Age - your risk goes up as get older Genetics - ethnicity and family history  People who have metabolic syndrome often also have excessive blood clotting and inflammation throughout the body. Researchers don't know whether these conditions cause metabolic syndrome or worsen it. Who is at risk for metabolic syndrome? The most important risk factors for metabolic syndrome are: Abdominal obesity (a large waistline) An inactive lifestyle Insulin resistance  There are certain groups of people who have an increased risk of metabolic syndrome: Some racial and ethnic groups. Mexican Americans have the highest rate of metabolic syndrome, followed by White and Black people. People who have diabetes People who have a sibling or parent who has diabetes Women with polycystic ovary syndrome (PCOS) People who take medicines that cause weight gain or changes in blood pressure, blood cholesterol, and blood sugar levels  What are the symptoms of metabolic syndrome? Most of the metabolic risk factors have no obvious signs or symptoms, except for a large waistline. How is metabolic syndrome diagnosed? Your health care provider will diagnose metabolic syndrome based on the results of a physical exam and blood tests. You must have at least three of the risk factors to be diagnosed with metabolic syndrome: A large waistline, which means a waist measurement of  35 inches or more for women 40 inches or more for men   A high triglyceride level, which is 150 mg/dL or higher A low HDL cholesterol level, which is  Less than 50 mg/dL for women Less than 40 mg/dL for men   High blood pressure, which is a reading of 130/85 mmHg or higher. A high fasting blood sugar, which is 100 mg/dL or higher  What are the treatments for metabolic syndrome? The most important treatment for metabolic syndrome is a heart-healthy lifestyle, which includes: A heart-healthy eating plan, which limits the amount of saturated and trans fats that you eat. It encourages you to choose a variety of nutritious foods, including fruits, vegetables, whole grains, and lean meats. Aiming for a healthy weight Managing stress Getting regular physical activity Quitting smoking (or not starting if you don't already smoke)  If making lifestyle changes is not enough, you may need to take medicines. For example, you may need medicines to lower cholesterol or blood pressure. Can metabolic syndrome be prevented? The best way to prevent metabolic syndrome is through the heart-healthy lifestyle changes. NIH: National Heart, Lung, and Blood Institute",MEDLINEPLUS,T047,Disease or Syndrome
890,C0526399,Lercanidipine,SNOMEDCT_US,,,T109,Organic Chemical
891,C0527379,Candesartan cilexetil,SNOMEDCT_US,"A synthetic, benzimidazole-derived angiotensin II receptor antagonist prodrug with antihypertensive activity. After hydrolysis of candesartan cilexetil to candesartan during gastrointestinal absorption, candesartan selectively competes with angiotensin II for the binding of the angiotensin II receptor subtype 1 (AT1) in vascular smooth muscle, blocking angiotensin II-mediated vasoconstriction and inducing vasodilatation. In addition, antagonism of AT1 in the adrenal gland inhibits angiotensin II-stimulated aldosterone synthesis and secretion by the adrenal cortex; sodium and water excretion increase, followed by a reduction in plasma volume and blood pressure.",NCI,T109,Organic Chemical
892,C0528166,Zolmitriptan,SNOMEDCT_US,"A member of the triptan class of agents with anti-migraine properties. Zolmitriptan selectively binds to and activates serotonin (5-HT) 1B receptors expressed in intracranial arteries and 5-HT 1D receptors located on peripheral trigeminal sensory nerve terminals in the meninges and central terminals in brainstem sensory nuclei. Receptor binding results in constriction of cranial vessels, reduction of vessel pulsation and inhibition of nociceptive transmission, thereby providing relief of migraine headaches. Zolmitriptan may also relieve migraine headaches by inhibition of pro-inflammatory neuropeptide release.",NCI,T109,Organic Chemical
893,C0537551,Pramlintide,SNOMEDCT_US,"A peptide analogue of human amylin with 3 proline substitutions at positions 25, 28 and 29, with antihyperglycemic activity. By mimicking amylin, pramlintide slows gastric emptying, inhibits digestive secretions (gastric acid, pancreatic enzymes, and bile), reduces glucagon secretion, and increases satiety; all of these actions are mediated mostly by glucose-sensitive areas in the brain stem. The overall result is a decrease in blood glucose levels. The use of pramlintide may cause an increased risk of insulin-induced hypoglycemia.",NCI,T116,"Amino Acid, Peptide, or Protein"
894,C0540623,Naratriptan,SNOMEDCT_US,,,T109,Organic Chemical
895,C0541154,Colesevelam hydrochloride,SNOMEDCT_US,"A hydrochloride salt form of colesevelam, a non-absorbed polymer that binds bile acids in the intestine and lowers serum lipids.",NCI,T109,Organic Chemical
896,C0541155,Colesevelam,SNOMEDCT_US,"A non-absorbed polymer that binds bile acids in the intestine, impedes their reabsorption and lowers serum lipids. In patients with type 2 diabetes mellitus, colesevelam also lowers blood glucose levels by an unknown mechanism.",NCI,T109,Organic Chemical
897,C0541813,Kussmaul's respiration,SNOMEDCT_US,,,T033,Finding
898,C0542302,Blood Pressure Disorders,PSY,,,T047,Disease or Syndrome
899,C0543447,Acebutolol hydrochloride,SNOMEDCT_US,"The hydrochloride salt form of acebutolol, a synthetic butyranilide derivative with hypotensive and antiarrhythmic activity. Acebutolol acts as a cardioselective beta-adrenergic antagonist with little effect on bronchial receptors and has intrinsic sympathomimetic properties. Having stabilizing and quinidine-like effects on cardiac rhythm, Acebutolol is used in ventricular arrhythmias. Other indications include hypertension, alone or in combinations with other agents. (NCI04)",NCI,T109,Organic Chemical
900,C0543450,Carteolol hydrochloride,SNOMEDCT_US,"A synthetic quinolinone derivative, antihypertensive Carteolol Hydrochloride is a nonselective beta-adrenoceptor blocking agent for beta-1 and beta-2 receptors with no membrane-stabilizing activity but moderate intrinsic sympathomimetic effects. It is used for treatment of hypertension and certain arrhythmias, and as an anti-angina and antiglaucoma agent. (NCI04)",NCI,T109,Organic Chemical
901,C0543470,Betaxolol hydrochloride,SNOMEDCT_US,"The hydrochloride salt form of betaxolol, a beta-1-selective adrenergic receptor antagonist without intrinsic sympathomimetic activity. Betaxolol hydrochloride acts on the heart and circulatory system and decreases cardiac contractility and rate, thereby reducing cardiac output. When applied topically in the eye, it lowers intraocular pressure by reducing aqueous humor secretion.",NCI,T109,Organic Chemical
902,C0543473,Bisoprolol fumarate,SNOMEDCT_US,"The fumarate salt of a synthetic phenoxy-2-propanol-derived cardioselective beta-1 adrenergic receptor antagonist with antihypertensive and potential cardioprotective activities. Devoid of intrinsic sympathomimetic activity, bisoprolol selectively and competitively binds to and blocks beta-1 adrenergic receptors in the heart, decreasing cardiac contractility and rate, reducing cardiac output, and lowering blood pressure. In addition, this agent may exhibit antihypertensive activity through the inhibition of renin secretion by juxtaglomerular epithelioid (JGE) cells in the kidney, thus inhibiting activation of the renin-angiotensin system (RAS). Bisoprolol has been shown to be cardioprotective in animal models.",NCI,T109,Organic Chemical
903,C0543495,Albuterol sulfate,SNOMEDCT_US,"The sulfate salt of the short-acting sympathomimetic agent albuterol, a 1:1 racemic mixture of (R)-albuterol and (S)-albuterol with bronchodilator activity. Albuterol stimulates beta2-adrenergic receptors in the lungs, thereby activating the enzyme adenylate cyclase that catalyzes the conversion of ATP to cyclic-3',5'-adenosine monophosphate (cAMP). Increased cAMP concentrations relax bronchial smooth muscle, relieve bronchospasms, and reduce inflammatory cell mediator release, especially from mast cells. To a lesser extent albuterol stimulates beta1-adrenergic receptors, thereby increasing the force and rate of myocardial contraction.",NCI,T109,Organic Chemical
904,C0543570,"Diabetes mellitus, neurogenic",SNM,,,T047,Disease or Syndrome
905,C0543572,"Diabetes mellitus, leucine induced",SNM,,,T047,Disease or Syndrome
906,C0543575,"Maternal diabetes, type A",SNM,,,T047,Disease or Syndrome
907,C0543576,"Maternal diabetes, type B",SNM,,,T047,Disease or Syndrome
908,C0543577,"Maternal diabetes, type C",SNM,,,T047,Disease or Syndrome
909,C0543578,"Maternal diabetes, type D",SNM,,,T047,Disease or Syndrome
910,C0543579,"Maternal diabetes, type E",SNM,,,T047,Disease or Syndrome
911,C0543580,"Maternal diabetes, type F",SNM,,,T047,Disease or Syndrome
912,C0543698,hypersensitive syndrome,CHV,,,T047,Disease or Syndrome
913,C0543699,ASA intolerant asthma,SNM,,,T047,Disease or Syndrome
914,C0544618,Orthostatic hypertension,MDR,,,T047,Disease or Syndrome
915,C0546849,Amiloride hydrochloride,SNOMEDCT_US,"The hydrochloride salt of amiloride, a synthetic pyrazine derivative with antikaliuretic and diuretic properties. Amiloride inhibits sodium channels located in the distal tubules and collecting ducts of the kidney, thereby preventing the absorption of sodium and increasing its excretion along with water, to produce naturesis. In response to the hypernatremic conditions in the kidney, the plasma membrane becomes hyperpolarized and electrochemical forces are reduced, which then prevents the excretion of potassium and hydrogen into the lumen.",NCI,T109,Organic Chemical
916,C0546851,Benzphetamine hydrochloride,SNOMEDCT_US,"The hydrochloride salt form of benzphetamine, a sympathomimetic amine related to the synthetic agent amphetamine with central nervous system (CNS) stimulating and anorexic properties. Benzphetamine stimulates the release of certain catecholamines, particularly noradrenaline and dopamine, from nerve terminals in the brain and inhibits their uptake. The increase in synaptic concentrations of these catecholamines causes behavioral changes including euphoria, an increase in mental alertness and excitement, and suppresses appetite.",NCI,T109,Organic Chemical
917,C0546852,Bromocriptine mesylate,SNOMEDCT_US,"The mesylate salt of bromocriptine, a semisynthetic ergot alkaloid with dopaminergic, antidyskinetic, and antiprolactinemic activities. Bromocriptine selectively binds to and activates postsynaptic dopamine D2 receptors in the corpus striatum of the central nervous system (CNS). Activation of these D2 receptors activate inhibitory G-proteins, which inhibit adenylyl cyclase, preventing signal transduction mediated via cAMP and resulting in the inhibition of neurotransmission and an antidyskinetic effect. This agent also stimulates dopamine D2 receptors in the anterior pituitary gland, which results in the inhibition of prolactin secretion and lactation and may inhibit the proliferation of prolactin-dependent breast cancer cells.",NCI,T109,Organic Chemical
918,C0546853,Brompheniramine maleate,SNOMEDCT_US,"The maleate salt form of brompheniramine, an alkylamine derivative and a histamine antagonist with anticholinergic and sedative properties. Brompheniramine maleate competes with histamine for the H1 receptor. This diminishes the actions of histamine on effector cells and decreases the histamine-mediated symptoms of allergic reaction such as bronchoconstriction, vasodilation, increased capillary permeability and spasmodic contractions of gastrointestinal smooth muscle.",NCI,T109,Organic Chemical
919,C0546860,Clonidine hydrochloride,SNOMEDCT_US,"The hydrochloride salt form of clonidine, an imidazoline derivate and centrally-acting alpha-adrenergic agonist as well as antagonist with antihypertensive activity. Clonidine hydrochloride binds to and stimulates central alpha-2 adrenergic receptors, thereby decreasing sympathetic outflow to the heart, kidneys, and peripheral vasculature. The reduction in sympathetic outflow, leads to decreased peripheral vascular resistance, decreased blood pressure, and decreased heart rate.",NCI,T109,Organic Chemical
920,C0546868,Hydrocodone bitartrate,SNOMEDCT_US,"The bitartrate salt form of hydrocodone, a semisynthetic hydrogenated codeine derivative and opioid agonist with analgesic and antitussive effects. Hydrocodone primarily binds to and activates the mu-opioid receptor in the central nervous system (CNS). This leads to analgesia, euphoria, respiratory depression, miosis, decreased gastrointestinal motility, cough suppression and physical dependence. Hydrocodone is converted to hydromorphone by the cytochrome P450 enzyme CYP2D6.",NCI,T109,Organic Chemical
921,C0546950,Type II diabetes mellitus without mention of complication,MDR,,,T047,Disease or Syndrome
922,C0549336,asthma aggravated,CHV,,,T033,Finding
923,C0549405,Blood pressure fluctuation,MDR,,,T033,Finding
924,C0549443,Hypoglycemia Aggravated,MTH,,,T033,Finding
925,C0549549,"Metabolic and Nutritional Disorders, General and NEC",CST,,,T046,Pathologic Function
926,C0549550,Carbohydrate Disorders NEC,CST,,,T046,Pathologic Function
927,C0549578,Bronchus and Bronchiole,CST,,,T047,Disease or Syndrome
928,C0549610,Endocrine/Pancreatic/Diabetic,CST,,,T047,Disease or Syndrome
929,C0553668,Labored breathing,SNOMEDCT_US,Breathing that requires observed effort or an increased amount of energy.,NCI,T184,Sign or Symptom
930,C0553708,Serum glucose decreased,MDR,,,T033,Finding
931,C0553983,Other peripheral vascular disease,MTH,,,T047,Disease or Syndrome
932,C0554436,Gangrene due to diabetes mellitus,SNOMEDCT_US,,,T047,Disease or Syndrome
933,C0554876,poorly controlled diabetes mellitus,MEDCIN,,,T047,Disease or Syndrome
934,C0559306,Endocrine finding,SNOMEDCT_US,"Symptoms, physical examination results, and/or laboratory test results related to the endocrine system.",NCI,T033,Finding
935,C0562216,Diabetes mellitus diet education,SNOMEDCT_US,,,T061,Therapeutic or Preventive Procedure
936,C0565599,Maternal hypertension,SNOMEDCT_US,Increased blood pressure during a pregnancy. [https://orcid.org/0009-0006-4530-3154],HPO,T047,Disease or Syndrome
937,C0567407,Brittle type 1 diabetes mellitus,SNOMEDCT_US,"Diabetes mellitus tipo I en la cual se producen fluctuaciones de la glucemia frecuentes y clínicamente relevantes, por encima y por debajo de los niveles esperables con los tratamientos disponibles.",SCTSPA,T047,Disease or Syndrome
938,C0579065,Type 1 diabetes mellitus with ulcer,SNOMEDCT_US,,,T047,Disease or Syndrome
939,C0579066,Type 2 diabetes mellitus with ulcer,SNOMEDCT_US,,,T047,Disease or Syndrome
940,C0579119,Gangrene due to type 1 diabetes mellitus,SNOMEDCT_US,,,T047,Disease or Syndrome
941,C0579122,Gangrene due to type 2 diabetes mellitus,SNOMEDCT_US,,,T047,Disease or Syndrome
942,C0579124,Type II diabetes mellitus inadequate control,MDR,,,T047,Disease or Syndrome
943,C0580321,At increased risk of diabetes mellitus,SNOMEDCT_US,,,T033,Finding
944,C0580401,Random blood sugar below reference range,SNOMEDCT_US,,,T033,Finding
945,C0580546,Blood glucose outside reference range,SNOMEDCT_US,,,T033,Finding
946,C0581123,Occasional asthma,SNOMEDCT_US,,,T033,Finding
947,C0581124,Mild asthma,SNOMEDCT_US,,,T033,Finding
948,C0581125,Moderate asthma,SNOMEDCT_US,,,T033,Finding
949,C0581126,Severe asthma,SNOMEDCT_US,,,T033,Finding
950,C0581383,Type 1 diabetes mellitus maturity onset,SNOMEDCT_US,,,T047,Disease or Syndrome
951,C0582415,asthma; acute,ICPC2ICD10ENG,,,T047,Disease or Syndrome
952,C0586662,Asthma causing night waking,SNOMEDCT_US,,,T033,Finding
953,C0586665,Asthma disturbs sleep weekly,SNOMEDCT_US,,,T033,Finding
954,C0586669,Asthma disturbs sleep frequently,SNOMEDCT_US,,,T033,Finding
955,C0587248,Costello syndrome,SNOMEDCT_US,"Costello syndrome is a rare disorder that affects many parts of the body. This condition is characterized by delayed development, loose folds of skin (which are especially noticeable on the hands and feet), unusually flexible joints, heart problems, short stature, and distinctive facial features.~Children with Costello syndrome are often delayed in reaching developmental milestones, such as speaking, sitting, and walking. Affected individuals may also have intellectual disabilities that can vary in severity.~Distinctive facial features in people with Costello syndrome typically include a prominent forehead, full cheeks, and full lips. Infants with Costello syndrome may be larger than average at birth, but most have difficulty eating and grow more slowly than other children. Affected individuals may have gastrointestinal problems that include constipation or a backflow of stomach acids into the esophagus (gastroesophageal reflux or GERD). People with this condition have short stature compared to their family and peers and may have reduced growth hormone levels.~Heart problems are common, including an abnormal heartbeat (arrhythmia), structural heart defects, and a type of heart disease that enlarges and weakens the heart muscle (hypertrophic cardiomyopathy). Neurological problems in people with Costello syndrome include seizures, weak muscle tone (hypotonia), and a structural abnormality of the brain called a Chiari I malformation. Costello syndrome can cause vision problems, such as nearsightedness (myopia), farsightedness (hyperopia), or eyes that do not point in the same direction (strabismus). Hearing loss may also occur.~Other signs and symptoms of Costello syndrome can include tight Achilles tendons (which connect the calf muscles to the heel), recurrent respiratory infections, dry and thickened skin, skeletal abnormalities, and dental problems.~Beginning in early childhood, people with Costello syndrome have a higher risk of developing certain cancerous and noncancerous tumors compared to the general population. The most common noncancerous tumors associated with this condition are papillomas, which are small, wart-like growths that usually develop around the nose and mouth or near the anus. The most common cancerous tumor associated with Costello syndrome is a childhood cancer called rhabdomyosarcoma, which begins in muscle tissue. Neuroblastoma, a tumor that arises in developing nerve cells, has also been reported in children and adolescents with this syndrome. In addition, some teenagers with Costello syndrome have developed transitional cell carcinoma, a form of bladder cancer that is usually seen in older adults.~The signs and symptoms of Costello syndrome overlap significantly with those of two other genetic conditions, cardiofaciocutaneous syndrome (CFC syndrome) and Noonan syndrome. In affected infants, it can be difficult to tell the three conditions apart based on their physical features. However, the conditions can be distinguished by their genetic causes and by the specific patterns of signs and symptoms that develop later in childhood.",MEDLINEPLUS,T047,Disease or Syndrome
956,C0589354,Advanced retinal disease due to diabetes mellitus,SNOMEDCT_US,,,T047,Disease or Syndrome
957,C0595331,Lercanidipine hydrochloride,SNOMEDCT_US,,,T109,Organic Chemical
958,C0595877,blood glucose increased,CHV,,,T033,Finding
959,C0595883,blood glucose decreased,CHV,,,T033,Finding
960,C0595931,Serum glucose increased,MDR,,,T033,Finding
961,C0596005,Atropine sulfate,SNOMEDCT_US,"The sulfate salt of atropine, a naturally-occurring alkaloid isolated from the plant Atropa belladonna. Atropine functions as a sympathetic, competitive antagonist of muscarinic cholinergic receptors, thereby abolishing the effects of parasympathetic stimulation. This agent may induce tachycardia, inhibit secretions, and relax smooth muscles. (NCI04)",NCI,T109,Organic Chemical
962,C0596008,Levorphanol tartrate,SNOMEDCT_US,"The tartrate salt form of levorphanol, a synthetic phenanthrene with potent opioid analgesic activity. Levorphanol tartrate mimics the actions of endogenous peptides at CNS opioid receptors, thereby producing the characteristic morphine-like effects on the mu-opioid receptor, including analgesia, euphoria, sedation, respiratory depression, miosis, bradycardia and physical dependence.",NCI,T109,Organic Chemical
963,C0596088,angiotensin/renin/aldosterone hypertension,CSP,"heterogeneous group of hypertensive disorders involving perturbation of the renin/angiotension system, mineralocorticoids, or electrolyte balance.",CSP,T046,Pathologic Function
964,C0596515,environment associated hypertension,CSP,,,T047,Disease or Syndrome
965,C0596744,hypoketonemic hypoglycemia,CSP,"hypoglycemia that is associated with hypoketonemia, abnormally low glucose and ketones in the blood; patients usually present in the 2nd year of life and hypoglycemia is associated with encephalopathy mimicking Reye's syndrome.",CSP,T047,Disease or Syndrome
966,C0597048,Neurogenic hypertension,MDR,acute hypertension caused by strong stimulation of the sympathetic nervous system.,CSP,T047,Disease or Syndrome
967,C0597167,Islets of Langerhans hyperplasia,MTH,"Hyperplasia of the islets of Langerhans, i.e., of the regions of the pancreas that contain its endocrine cells. [https://orcid.org/0000-0002-0736-9199]",HPO,T046,Pathologic Function
968,C0597290,prostaglandin hypertension,CSP,,,T047,Disease or Syndrome
969,C0597655,virus related diabetes mellitus,CSP,diabetes mellitus that is caused or exacerbated by the presence of a virus in the body.,CSP,T047,Disease or Syndrome
970,C0598284,diabetes amputation,CHV,,,T061,Therapeutic or Preventive Procedure
971,C0598428,genetic hypertension,CHV,persistently high arterial blood pressure occurring in or affecting more members of a family than would be expected by chance.,CSP,T047,Disease or Syndrome
972,C0600099,Nalbuphine hydrochloride,SNOMEDCT_US,"The hydrochloride salt form of nalbuphine, a synthetic phenanthrene opioid with opiate agonist and antagonist effects, used to treat moderate to severe pain and provide preoperative and postoperative analgesia and sedation. Nalbuphine hydrochloride binds to kappa-, mu- and delta-opioid receptors but not to sigma-opioid receptors. This opioid exerts its analgesic actions primarily through kappa-opioid-receptor agonism and partially through mu-opioid receptor agonism.",NCI,T109,Organic Chemical
973,C0600260,obstructive lung disease,CHV,"Any disorder marked by obstruction of conducting airways of the lung. AIRWAY OBSTRUCTION may be acute, chronic, intermittent, or persistent.",MSH,T047,Disease or Syndrome
974,C0600347,Theophylline sodium glycinate,SNOMEDCT_US,,,T109,Organic Chemical
975,C0600901,Methylprednisolone acetate,SNOMEDCT_US,"The acetate salt of a synthetic glucocorticoid receptor agonist with immunosuppressive and antiinflammatory effects. Methylprednisolone acetate is converted into active prednisolone in the body, which activates glucocorticoid receptor mediated gene expression. This includes inducing synthesis of anti-inflammatory protein IkappaB-alpha and inhibiting synthesis of nuclear factor kappaB (NF-kappaB). As a result, proinflammatory cytokine production such as IL-1, IL-2 and IL-6 is down-regulated and cytotoxic T-lymphocyte activation is inhibited. Therefore, an overall reduction in chronic inflammation and autoimmune reactions may be achieved.",NCI,T109,Organic Chemical
976,C0602107,Ethylnorepinephrine,SNOMEDCT_US,,,T109,Organic Chemical
977,C0606954,Oxycodone terephthalate,SNOMEDCT_US,"The terephthalate salt of oxycodone, a methylether of oxymorphone and semisynthetic, agonistic opioid with analgesic and antitussic properties. Oxycodone terephthalate exerts its analgesic actions by binding to the mu-receptors in the central nervous system (CNS), thereby mimicking the effects of endogenous opiates. By binding to the mu-opioid receptors, oxycodone terephthalate also causes euphoria, anxiolysis, miosis, sedation, physical dependence, constipation, respiratory depression as well as a depressive effect on the cough center in the medulla.",NCI,T109,Organic Chemical
978,C0677625,Type I diabetes mellitus without mention of complication,MDR,,,T047,Disease or Syndrome
979,C0678154,insulin sensitivity/resistance,CSP,"diminished effectiveness of insulin in raising or lowering blood sugar levels; it is associated with obesity, diabetes mellitus, ketoacidosis, infection, and certain rare conditions.",CSP,T046,Pathologic Function
980,C0678247,Nonketotic diabetic acidosis,SNM,,,T047,Disease or Syndrome
981,C0678860,systemic blood circulation,AOD,,,T042,Organ or Tissue Function
982,C0684167,hypertensive agents,MEDCIN,,,T121,Pharmacologic Substance
983,C0684913,Chemical-induced asthma,SNOMEDCT_US,,,T047,Disease or Syndrome
984,C0687720,central diabetes insipidus,CHV,"Arginine vasopressin deficiency (previously called neurohypophyseal diabetes insipidus) is a disorder of water balance. The body normally balances fluid intake by releasing fluid in urine. However, people with arginine vasopressin deficiency produce an excessive amount of urine (polyuria), which depletes the amount of water in the body. This water loss also leads to excessive thirst (polydipsia).~People with arginine vasopressin deficiency can quickly become dehydrated if they do not drink enough water. Dehydration can cause dizziness and fatigue. Prolonged dehydration can lead to confusion, low blood pressure, seizures, and coma. People with this condition often develop high levels of sodium in the blood (hypernatremia) due to dehydration. Repeated cycles of dehydration can cause long-term health problems, particularly in children.~Arginine vasopressin deficiency can be either acquired or familial. The acquired form occurs when the brain is damaged due to head injuries, brain tumors, or other events, and this form can occur at any time during life. The familial form is caused by genetic changes; its signs and symptoms usually become apparent in childhood and worsen over time.~Researchers have recommended using the condition name arginine vasopressin deficiency because the previous name, neurohypophyseal diabetes insipidus, was often confused with a much more common disorder called diabetes mellitus. Arginine vasopressin deficiency and diabetes mellitus are separate disorders with different features, causes, and treatment.",MEDLINEPLUS,T047,Disease or Syndrome
985,C0694452,"Endocrine, nutritional and metabolic diseases",ICD10AM,,,T047,Disease or Syndrome
986,C0694537,abnormalities of blood pressure,BI,,,T033,Finding
987,C0694538,abnormalities of blood pressure regulation,BI,,,T033,Finding
988,C0694541,Cardiomegaly due to hypertension,SNOMEDCT_US,Abnormal enlargement of the heart resulting from long-standing hypertension.,NCI,T047,Disease or Syndrome
989,C0694548,Cough variant asthma,SNOMEDCT_US,"A type of asthma associated with a persistent, non-productive cough but without wheezing or dyspnea.",NCI,T047,Disease or Syndrome
990,C0699440,Labetalol hydrochloride,SNOMEDCT_US,"The hydrochloride form of labetalol, a third generation selective alpha-1-adrenergic antagonist and non-selective beta-adrenergic antagonist with vasodilatory and antihypertensive properties. Labetalol competitively binds to alpha-1-adrenergic receptors in vascular smooth muscle, thereby inhibiting the adrenergic stimulation of endothelial cell function and vasoconstriction in peripheral blood vessels. This agent also binds to beta-receptors in the bronchial and vascular smooth muscle, resulting in a decrease in adrenergic stimulation. The result is a decrease in resting and exercise heart rates, cardiac output, and in both systolic and diastolic blood pressure, thereby resulting in vasodilation, and negative chronotropic and inotropic cardiac effects.",NCI,T109,Organic Chemical
991,C0699949,airway disease,MEDCIN,,,T047,Disease or Syndrome
992,C0700038,female reproductive system,CHV,"The collection of organs and tissues, including the ovaries, genital tract, and breasts, that have several functions, including sexual maturation, pregnancy, and childbirth.",NCI,T022,Body System
993,C0700453,Fenoterol hydrobromide,SNOMEDCT_US,"Fenoterol BromideThe hydrobromide salt of fenoterol, a short-acting sympathomimetic agent with bronchodilator activity. Fenoterol stimulates beta-2-adrenergic receptors in the lungs, thereby activating the enzyme adenylate cyclase that catalyzes the conversion of adenosine triphosphate (ATP) to cyclic-3',5'-adenosine monophosphate (cAMP). Increased cAMP concentrations relax bronchial smooth muscle, relieve bronchospasms, and reduce inflammatory cell mediator release, especially from mast cells.",NCI,T109,Organic Chemical
994,C0700460,Oxprenolol hydrochloride,SNOMEDCT_US,"The hydrochloride salt form of oxprenolol, a lipophilic, nonselective beta-adrenergic receptor antagonist with anti-arrhythmic, anti-anginal and antihypertensive activities. Oxprenolol competitively binds to and blocks beta-1 adrenergic receptors in the heart, thereby decreasing cardiac contractility and rate. This leads to a reduction in cardiac output and lowers blood pressure. In addition, oxprenolol prevents the release of renin, a hormone secreted by the kidneys that causes constriction of blood vessels.",NCI,T109,Organic Chemical
995,C0700468,Verapamil hydrochloride,SNOMEDCT_US,"The hydrochloride form of Verapamil, which is a phenylalkylamine calcium channel blocking agent. Verapamil inhibits the transmembrane influx of extracellular calcium ions into myocardial and vascular smooth muscle cells, causing dilatation of the main coronary and systemic arteries and decreasing myocardial contractility. This agent also inhibits the drug efflux pump P-glycoprotein which is overexpressed in some multi-drug resistant tumors and may improve the efficacy of some antineoplastic agents. (NCI04)",NCI,T109,Organic Chemical
996,C0700472,Guanfacine hydrochloride,SNOMEDCT_US,"The hydrochloride salt form of guanfacine, a centrally acting alpha-2 adrenergic agonist with antihypertensive activity. Alpha-2 receptor stimulation by guanfacine hydrochloride results in a decreased sympathetic outflow from the vasomotor center to the heart, kidneys, and peripheral vasculature. This leads to a decrease in heart rate and peripheral vascular resistance. (NCI05)",NCI,T109,Organic Chemical
997,C0700475,Celiprolol hydrochloride,SNOMEDCT_US,,,T109,Organic Chemical
998,C0700492,Losartan potassium,SNOMEDCT_US,"The potassium salt of losartan, a non-peptide angiotensin II receptor antagonist with antihypertensive activity. Losartan selectively and competitively binds to the angiotensin II receptor (type AT1) and blocks the binding of angiotensin II to the receptor, thus promoting vasodilatation and counteracting the effects of aldosterone. Converted from angiotensin I by angiotensin-converting enzyme (ACE), angiotensin II stimulates the adrenal cortex to synthesize and secrete aldosterone, decreasing sodium excretion and increasing potassium excretion, and acts as a vasoconstrictor in vascular smooth muscle.",NCI,T109,Organic Chemical
999,C0700499,Thioridazine hydrochloride,SNOMEDCT_US,"The hydrochloride salt form of thioridazine, a piperidine phenothiazine derivative and a dopamine antagonist with antipsychotic property. Thioridazine hydrochloride binds to mesolimbic postsynaptic dopamine receptor D2, thereby decreasing dopamine activity leading to decreased psychotic effects, such as hallucinations and delusions. In addition, this agent binds to serotonin 5-HT2 receptors, resulting in decreased serotonin activity.",NCI,T109,Organic Chemical
1000,C0700520,Arthropathy associated with an endocrine AND/OR metabolic disorder,SNOMEDCT_US,,,T047,Disease or Syndrome
1001,C0700525,Butorphanol tartrate,SNOMEDCT_US,,,T109,Organic Chemical
1002,C0700532,Dihydroergotamine mesylate,SNOMEDCT_US,"An ergot derivative with agonistic activity for alpha-adrenergic, serotonergic, and dopaminergic receptors. Dihydroergotamine mesylate most likely relieves migraine headaches by binding to and stimulating the 5-HT1D receptor subtype, thereby causing constriction of cerebral blood vessels. However, it has also been proposed that dihydroergotamine mesylate acts upon 5-HT1D receptors on sensory nerve endings of the trigeminal system, thereby decreasing the release of pro-inflammatory neuropeptide release.",NCI,T109,Organic Chemical
1003,C0700533,Hydromorphone hydrochloride,SNOMEDCT_US,"The hydrochloride salt form of hydromorphone, the hydrogenated ketone of morphine, a semi-synthetic opioid with analgesic effects. Hydromorphone selectively binds the mu-opioid receptor which is linked through G-proteins. Binding stimulates the exchange of guanosine triphosphate (GTP) for guanosine diphosphate (GDP) on the G-protein complex and interacts with and inhibits adenylate cyclase located at the inner surface of the plasma membrane. This leads to a reduction in intracellular cyclic 3',5'-adenosine monophosphate (cAMP). Further, voltage-gated potassium channels are activated, thereby causing hyperpolarization and reducing neuronal excitability. In addition, the opening of voltage-gated calcium channels is inhibited, thereby leading to an inhibition of calcium entry and a reduction in the release of various neurotransmitters, including GABA, vasopressin, somatostatin, insulin and glucagons.",NCI,T109,Organic Chemical
1004,C0700538,Guanethidine Sulfate,NCI,,,T109,Organic Chemical
1005,C0700541,Ketamine hydrochloride,SNOMEDCT_US,"The hydrochloride salt of a synthetic derivative of cyclohexanone with analgesic and anesthetic activities. Although its mechanism of action is not well understood, ketamine appears to non-competitively block N-methyl-D-aspartate (NMDA) receptors and may interact with opioid mu receptors and sigma receptors, thereby reducing pain perception, inducing sedation, and producing dissociative anesthesia.",NCI,T109,Organic Chemical
1006,C0700546,Methylprednisolone sodium succinate,SNOMEDCT_US,"The sodium succinate salt of a synthetic glucocorticoid receptor agonist with immunosuppressive and anti-inflammatory effects. Methylprednisolone sodium succinate is converted into active prednisolone in the body, which activates glucocorticoid receptor mediated gene expression. This includes inducing synthesis of anti-inflammatory protein IkappaB-alpha and inhibiting synthesis of nuclear factor kappaB (NF-kappaB). As a result, proinflammatory cytokine production such as IL-1, IL-2 and IL-6 is down-regulated and cytotoxic T-lymphocyte activation is inhibited. Therefore, an overall reduction in chronic inflammation and autoimmune reactions may be achieved.",NCI,T109,Organic Chemical
1007,C0700547,Methysergide maleate,SNOMEDCT_US,,,T109,Organic Chemical
1008,C0700548,Metoprolol tartrate,SNOMEDCT_US,"The tartrate salt form of metoprolol, a cardioselective competitive beta-1 adrenergic receptor antagonist with antihypertensive properties and devoid of intrinsic sympathomimetic activity. Metoprolol tartrate antagonizes beta 1-adrenergic receptors in the myocardium, thereby reducing the rate and force of myocardial contraction, and consequently a diminished cardiac output. This agent may also reduce the secretion of renin with subsequent reduction in levels of angiotensin II thus decreasing sympathetic activation, including vasoconstriction, aldosterone secretion.",NCI,T109,Organic Chemical
1009,C0700556,Phenmetrazine hydrochloride,SNOMEDCT_US,,,T109,Organic Chemical
1010,C0700578,Prazosin hydrochloride,SNOMEDCT_US,"A synthetic piperazine derivative with hypotensive antiadrenergic properties, Prazosin Hydrochloride reduces peripheral resistance and relaxes vascular smooth muscles as a selective adrenergic alpha-1 antagonist by a mechanism not completely known. It is used in the treatment of heart failure, hypertension, pheochromocytoma, Raynaud's syndrome, prostatic hypertrophy, and urinary retention. (NCI04)",NCI,T109,Organic Chemical
1011,C0700579,Diltiazem hydrochloride,SNOMEDCT_US,"A benzothiazepine calcium channel blocking agent. Diltiazem hydrochloride inhibits the transmembrane influx of extracellular calcium ions into select myocardial and vascular smooth muscle cells, causing dilatation of coronary and systemic arteries and decreasing myocardial contractility. Because of its vasodilatory activity, this agent has been shown to improve the microcirculation in some tumors, thereby potentially improving the delivery of antineoplastic agents to tumor cells. (NCI04)",NCI,T109,Organic Chemical
1012,C0700583,Diclofenac sodium,SNOMEDCT_US,"The sodium salt form of diclofenac, a benzene acetic acid derivate and nonsteroidal anti-inflammatory drug (NSAID) with analgesic, antipyretic and anti-inflammatory activity. Diclofenac sodium is a non-selective reversible and competitive inhibitor of cyclooxygenase (COX), subsequently blocking the conversion of arachidonic acid into prostaglandin precursors. This leads to an inhibition of the formation of prostaglandins that are involved in pain, inflammation and fever.",NCI,T109,Organic Chemical
1013,C0700606,Esmolol hydrochloride,SNOMEDCT_US,"The hydrochloride salt form of esmolol, a short and rapid-acting beta adrenergic antagonist belonging to the class II anti-arrhythmic drugs and devoid of intrinsic sympathomimetic activity. Esmolol hydrochloride competitively blocks beta-1 adrenergic receptors in cardiac muscle and reduces the contractility and cardiac rate of heart muscle, thereby decreasing cardiac output and myocardial oxygen demands. This agent also decreases sympathetic output centrally and blocks renin secretion. At higher doses, esmolol hydrochloride also blocks beta-2 receptors located in bronchial and vascular smooth muscle, thereby leading to smooth muscle relaxation.",NCI,T109,Organic Chemical
1014,C0717550,Candesartan,SNOMEDCT_US,"A synthetic, benzimidazole-derived angiotensin II receptor antagonist prodrug with antihypertensive activity. Candesartan selectively competes with angiotensin II for the binding of the angiotensin II receptor subtype 1 (AT1) in vascular smooth muscle, blocking angiotensin II-mediated vasoconstriction and inducing vasodilatation. In addition, antagonism of AT1 in the adrenal gland inhibits angiotensin II-stimulated aldosterone synthesis and secretion by the adrenal cortex; sodium and water excretion increase, followed by a reduction in plasma volume and blood pressure.",NCI,T109,Organic Chemical
1015,C0720683,Glyburide micronized,SNOMEDCT_US,,,T109,Organic Chemical
1016,C0721688,Methadone hydrochloride,SNOMEDCT_US,"The hydrochloride salt of methadone, a synthetic opioid with analgesic activity. Similar to morphine and other morphine-like agents, methadone mimics the actions of endogenous peptides at CNS opioid receptors, primarily the mu-receptor, resulting in characteristic morphine-like effects including analgesia, euphoria, sedation, respiratory depression, miosis, bradycardia and physical dependence. Because of the prolonged half-life of methadone compared to other morphine-like agents such as heroin, the onset of opiate withdrawal symptoms is slower, the duration of opiate withdrawal is prolonged, and opiate withdrawal symptoms are less severe.",NCI,T109,Organic Chemical
1017,C0724524,Amphetamine aspartate,SNOMEDCT_US,"The aspartate salt of amphetamine, a sympathomimetic amine with CNS stimulating properties. Amphetamine acts by facilitating the release of catecholamines, particularly noradrenaline and dopamine, from nerve terminals in the brain and inhibiting their uptake. Physiological effects include an increase in motor activity, euphoria, increased mental alertness, excitatory behavior, and appetite suppression.",NCI,T109,Organic Chemical
1018,C0724568,Dextroamphetamine saccharate,SNOMEDCT_US,"The saccharate salt form of the dextro-isomer of amphetamine, a synthetic substance related to natural sympathomimetic amines, with CNS stimulating properties. Dextroamphetamine saccharate acts by facilitating the release of catecholamines, particularly noradrenaline and dopamine, from its storage sites in nerve terminals in the brain, and inhibits their uptake within the mesocorticolimbic system, a major component of the brain reward system, thereby resulting in measurable behavioral changes such as euphoria. As a CNS stimulant, this agent may increase blood pressure and reduce appetite. Similar to other amphetamines, dextroamphetamine has a high potential for abuse, dependence, and addiction if used in large doses over extended periods of time.",NCI,T109,Organic Chemical
1019,C0724580,Ephedrine Tannate,NCI,,,T109,Organic Chemical
1020,C0724598,Hydrocodone polistirex,SNOMEDCT_US,,,T109,Organic Chemical
1021,C0724600,"insulin isophane, pork",MTH,,,T116,"Amino Acid, Peptide, or Protein"
1022,C0724601,"insulin, regular, pork",MTH,Regular insulin preparations that contain the SUS SCROFA insulin peptide sequence.,MSH,T116,"Amino Acid, Peptide, or Protein"
1023,C0724603,ultralente human insulin,MEDCIN,,,T116,"Amino Acid, Peptide, or Protein"
1024,C0724633,Metoprolol succinate,SNOMEDCT_US,"The succinate salt form of metoprolol, a cardioselective competitive beta-1 adrenergic receptor antagonist with antihypertensive properties and devoid of intrinsic sympathomimetic activity. Metoprolol succinate antagonizes beta 1-adrenergic receptors in the myocardium, thereby reducing the rate and force of myocardial contraction, and consequently a diminished cardiac output. This agent may also reduce the secretion of renin with subsequent reduction in levels of angiotensin II thus decreasing sympathetic activation, including vasoconstriction, aldosterone secretion.",NCI,T109,Organic Chemical
1025,C0724659,Phentermine resin,SNOMEDCT_US,,,T109,Organic Chemical
1026,C0724660,Phenylephrine tannate,SNOMEDCT_US,,,T109,Organic Chemical
1027,C0724666,Pirbuterol acetate,SNOMEDCT_US,"The acetate salt form of pirbuterol, a synthetic catecholamine and a pyridine derivative with sympathomimetic and bronchodilatory effects. Pirbuterol acetate selectively stimulates beta-2 adrenergic receptors, resulting in initiation of intracellular adenylate cyclase activity leading to increased levels of cAMP. As a result muscle relaxation (broncho- and vasodilation) occurs via cAMP-dependent signal transduction. In addition, elevated levels of cAMP inhibit release of inflammatory mediators from mast cells.",NCI,T109,Organic Chemical
1028,C0724676,Pseudoephedrine Tannate,NCI,,,T109,Organic Chemical
1029,C0724692,Sibutramine hydrochloride monohydrate,SNOMEDCT_US,,,T109,Organic Chemical
1030,C0724707,timolol hemihydrate,MEDCIN,,,T109,Organic Chemical
1031,C0724709,Tolbutamide sodium,SNOMEDCT_US,"The sodium salt form of tolbutamide, a short-acting, first-generation sulfonylurea with hypoglycemic activity. Compared to second-generation sulfonylureas, tolbutamide is more likely to cause adverse effects, such as jaundice. This agent is rapidly metabolized by CYPC29.",NCI,T109,Organic Chemical
1032,C0728936,Disorder of circulatory system,SNOMEDCT_US,,,T047,Disease or Syndrome
1033,C0729337,Brittle asthma,SNOMEDCT_US,,,T047,Disease or Syndrome
1034,C0730276,Mild non proliferative diabetic retinopathy,RCD,Microaneurysms only,LNC,T047,Disease or Syndrome
1035,C0730277,Moderate nonproliferative retinopathy due to diabetes mellitus,SNOMEDCT_US,,,T047,Disease or Syndrome
1036,C0730278,Severe nonproliferative diabetic retinopathy,ICD9CM,,,T047,Disease or Syndrome
1037,C0730279,Non-high-risk proliferative retinopathy due to diabetes mellitus,SNOMEDCT_US,,,T047,Disease or Syndrome
1038,C0730280,High risk proliferative retinopathy due to diabetes mellitus,SNOMEDCT_US,,,T047,Disease or Syndrome
1039,C0730281,Quiescent proliferative retinopathy due to diabetes mellitus,SNOMEDCT_US,,,T047,Disease or Syndrome
1040,C0730282,Proliferative retinopathy with iris neovascularization due to diabetes mellitus,SNOMEDCT_US,,,T047,Disease or Syndrome
1041,C0730283,Vitreous hemorrhage due to diabetes mellitus,SNOMEDCT_US,,,T047,Disease or Syndrome
1042,C0730285,Macular edema due to diabetes mellitus,SNOMEDCT_US,,,T047,Disease or Syndrome
1043,C0733365,Levobunolol hydrochloride,SNOMEDCT_US,"The hydrochloride salt form of levobunolol, a naphthalenone and non-cardioselective adrenergic beta-receptor antagonist with anti-glaucoma activity. Upon administration in the eye, levobunolol blocks beta-adrenergic receptors, thereby causing vasoconstriction. Levobunolol also decreases ciliary's body production of aqueous humor, leading to a decrease in aqueous humor.",NCI,T109,Organic Chemical
1044,C0733381,Guanabenz acetate,SNOMEDCT_US,"The orally bioavailable, acetate salt form of guanabenz, a centrally-acting alpha-2 adrenergic receptor agonist, with anti-hypertensive and potential antineoplastic, cytoprotective and bone resorption inhibitory activities. Upon oral administration, guanabenz suppresses endoplasmic reticulum (ER) stress by inhibiting the stress-induced dephosphorylation of eukaryotic translation initiation factor 2 alpha (eIF2a), thereby enhancing the phosphorylation level of eIF2a. This causes elF2a-mediated downregulation of the Rac1 pathway, upregulates the expression of activating transcription factor 4 (ATF4), which plays a key role in osteoblastogenesis, and downregulates the expression of nuclear factor of activated T-cells, cytoplasmic 1 (NFATc1), which is a transcription factor that plays a key role in osteoclastogenesis. This enhances osteoblastogenesis and suppresses osteoclastogenesis. Altogether, this promotes new bone formation and prevents bone degradation. In addition, guanabenz blocks the proliferation, survival, motility and invasiveness of tumor cells through the eIF2a-mediated downregulation of Rac1 signaling. Rac1, a Ras-related small GTPase belonging to the Rho family, plays a key role in tumor cell proliferation, survival and motility.",NCI,T109,Organic Chemical
1045,C0733440,Fosinopril sodium,SNOMEDCT_US,"The sodium salt of fosinopril, a phosphinic acid-containing angiotensin-converting enzyme (ACE) inhibitor with antihypertensive activity. Fosinopril sodium is an ester prodrug that is hydrolysed by esterases to its active metabolite fosinoprilat. Fosinoprilat specifically and competitively inhibits angiotensin-converting enzyme thereby decreasing the formation of the potent vasoconstrictor angiotensin II, resulting in diminished vasopressor activity. In addition, angiotensin II-mediated aldosterone secretion by adrenal cortex is decreased, which results in a decrease of sodium retention and an increase of serum potassium. (NCI05)",NCI,T109,Organic Chemical
1046,C0740213,Diabetes mellitus screening,SNOMEDCT_US,,,T058,Health Care Activity
1047,C0740221,Hypertension screening,SNOMEDCT_US,,,T061,Therapeutic or Preventive Procedure
1048,C0740447,Diabetic peripheral neuropathy,SNOMEDCT_US,,,T047,Disease or Syndrome
1049,C0741267,Steroid dependent asthma,SNOMEDCT_US,Ataques asmáticos que requieren corticosteroides suplementarios.,SCTSPA,T047,Disease or Syndrome
1050,C0745121,iatrogenic hypertension,MEDCIN,,,T047,Disease or Syndrome
1051,C0745136,Hypertensive emergency,SNOMEDCT_US,Hypertensive crisis with acute or ongoing end-organ damage.,NCI,T047,Disease or Syndrome
1052,C0745138,Hypertensive urgency,SNOMEDCT_US,Hypertensive crisis without end-organ damage.,NCI,T047,Disease or Syndrome
1053,C0746102,Chronic lung disease,SNOMEDCT_US,"A persistent non-neoplastic disorder of the lungs. Representative examples include: chronic obstructive pulmonary disease, chronic bronchitis, emphysema, pulmonary fibrosis, pneumoconiosis, asbestosis, atelectasis, radiation induced pneumonitis, and radiation fibrosis.",NCI,T047,Disease or Syndrome
1054,C0751038,"Cockayne Syndrome, Type II",MTH,"Cockayne syndrome caused by mutation(s) in the ERCC6 gene, encoding DNA excision repair protein ERCC-6.",NCI,T047,Disease or Syndrome
1055,C0751039,"Cockayne Syndrome, Type I",MTH,"Cockayne syndrome caused by mutation(s) in the ERCC8 gene, encoding DNA excision repair protein ERCC-8.",NCI,T047,Disease or Syndrome
1056,C0751892,"Cerebral Hemorrhage, Hypertensive",MSH,,,T046,Pathologic Function
1057,C0754647,Frovatriptan,SNOMEDCT_US,,,T109,Organic Chemical
1058,C0759933,Eletriptan,SNOMEDCT_US,,,T109,Organic Chemical
1059,C0766108,Clevidipine,SNOMEDCT_US,,,T109,Organic Chemical
1060,C0770137,Terazosin hydrochloride,SNOMEDCT_US,"The hydrochloride salt form of terazosin, a quinazoline derivative with adrenergic antagonistic property. Terazosin hydrochloride selectively inhibits alpha-1 adrenergic receptors, resulting in vasodilation leading to decreased peripheral vascular resistance and a reduced venous return to the heart as well as decreased urethral resistance, which potentially improving urine flow and symptoms related to benign prostatic hyperplasia. In addition, terazosin decreases low-density lipoproteins (LDL) and triglycerides while increasing the concentration of high-density lipoproteins (HDL).",NCI,T109,Organic Chemical
1061,C0770150,Nicardipine hydrochloride,SNOMEDCT_US,"The hydrochloride salt form of nicardipine, a synthetic derivative of nitrophenyl-pyridine and potent calcium channel blocker, Nicardipine (Nifedipine Family) blocks calcium ions from certain cell walls and inhibits contraction of coronary and peripheral arteries, resulting in lowered oxygen requirements for heart muscle and decreased arterial contraction and spasm. It is used clinically as a cerebral and coronary vasodilator. (NCI04)",NCI,T109,Organic Chemical
1062,C0770201,"insulin, regular, beef-pork",MSH,,,T116,"Amino Acid, Peptide, or Protein"
1063,C0770209,"insulin, protamine zinc, beef",MTH,,,T116,"Amino Acid, Peptide, or Protein"
1064,C0770213,"insulin, protamine zinc, pork",MTH,,,T116,"Amino Acid, Peptide, or Protein"
1065,C0770221,"lente insulin, beef",MTH,,,T116,"Amino Acid, Peptide, or Protein"
1066,C0770226,"ultralente insulin, beef-pork",MTH,,,T116,"Amino Acid, Peptide, or Protein"
1067,C0770228,"ultralente insulin, beef",MTH,,,T116,"Amino Acid, Peptide, or Protein"
1068,C0770230,"insulin, prompt zinc, beef-pork",MTH,,,T116,"Amino Acid, Peptide, or Protein"
1069,C0770232,"insulin, prompt zinc, beef",MTH,,,T116,"Amino Acid, Peptide, or Protein"
1070,C0770234,"insulin, prompt zinc, pork",MTH,,,T116,"Amino Acid, Peptide, or Protein"
1071,C0770351,hydroxyprogesterone acetate,MTH,,,T109,Organic Chemical
1072,C0770426,codeine polistirex,MTH,,,T109,Organic Chemical
1073,C0770456,Pilocarpine hydrochloride,SNOMEDCT_US,"The hydrochloride salt of a natural alkaloid extracted from plants of the genus Pilocarpus with cholinergic agonist activity. As a cholinergic parasympathomimetic agent, pilocarpine predominantly binds to muscarinic receptors, thereby inducing exocrine gland secretion and stimulating smooth muscle in the bronchi, urinary tract, biliary tract, and intestinal tract. When applied topically to the eye, this agent stimulates the sphincter pupillae to contract, resulting in miosis; stimulates the ciliary muscle to contract, resulting in spasm of accomodation; and may cause a transitory rise in intraocular pressure followed by a more persistent fall due to opening of the trabecular meshwork and an increase in the outflow of aqueous humor.",NCI,T109,Organic Chemical
1074,C0770491,pirbuterol HCl,MTH,,,T109,Organic Chemical
1075,C0770565,Dexamethasone phosphate,SNOMEDCT_US,,,T109,Organic Chemical
1076,C0770893,Metformin hydrochloride,SNOMEDCT_US,"The hydrochloride salt of the biguanide metformin with antihyperglycemic and potential antineoplastic activities. Metformin inhibits complex I (NADPH:ubiquinone oxidoreductase) of the mitochondrial respiratory chain, thereby increasing the cellular AMP to ATP ratio and leading to activation of AMP-activated protein kinase (AMPK) and regulating AMPK-mediated transcription of target genes. This eventually prevents hepatic gluconeogenesis, enhances insulin sensitivity and fatty acid oxidation and ultimately leads to a decrease in glucose levels. Metformin may exert antineoplastic effects through AMPK-mediated or AMPK-independent inhibition of mammalian target of rapamycin (mTOR), which is up-regulated in many cancer tissues. Furthermore, this agent also inhibits tumor cell migration and invasion by inhibiting matrix metalloproteinase-9 (MMP-9) expression which is mediated through the suppression of transcription activator protein-1 (AP-1) activation.",NCI,T109,Organic Chemical
1077,C0770901,Morphine hydrochloride,SNOMEDCT_US,,,T109,Organic Chemical
1078,C0770909,Bepridil hydrochloride,SNOMEDCT_US,"The hydrochloride salt form of bepridil, a calcium antagonist and class IV anti-arrhythmic agent. Bepridil hydrochloride blocks calcium entry through membranous calcium channels of coronary and peripheral vascular smooth muscle, thereby dilating coronary arteries and peripheral arterioles. This increases oxygen delivery and reduces oxygen requirements. This drug is used to treat chronic stable and variant angina pectoris.",NCI,T109,Organic Chemical
1079,C0770917,Benazepril hydrochloride,SNOMEDCT_US,"The hydrochloride salt of benazepril, a carboxyl-containing angiotensin-converting enzyme (ACE) inhibitor with antihypertensive activity. As a prodrug, benazepril is metabolized to its active form benazeprilat. Benazeprilat competitively binds to and inhibits ACE, thereby blocking the conversion of angiotensin I to angiotensin II. This prevents the potent vasoconstrictive actions of angiotensin II, resulting in vasodilation. Benazeprilat also decreases angiotensin II-induced aldosterone secretion by the adrenal cortex, which leads to an increase in sodium excretion and subsequently increases water outflow.",NCI,T109,Organic Chemical
1080,C0770920,Quinapril hydrochloride,SNOMEDCT_US,"The hydrochloride salt form of quinapril, a prodrug and non-sulfhydryl angiotensin converting enzyme (ACE) inhibitor with antihypertensive activity. Quinapril is hydrolized into its active form quinaprilat, which binds to and inhibits ACE, thereby blocking the conversion of angiotensin I to angiotensin II. This abolishes the potent vasoconstrictive actions of angiotensin II and leads to vasodilatation. Quinapril also causes a decrease in angiotensin II-induced aldosterone secretion by the adrenal cortex, thereby promoting diuresis and natriuresis, and increases bradykinin levels.",NCI,T109,Organic Chemical
1081,C0770945,Morphine tartrate,SNOMEDCT_US,,,T109,Organic Chemical
1082,C0771061,Bambuterol hydrochloride,SNOMEDCT_US,,,T109,Organic Chemical
1083,C0771167,Dihydralazine sulfate,SNOMEDCT_US,,,T109,Organic Chemical
1084,C0771294,Moexipril hydrochloride,SNOMEDCT_US,"The hydrochloride salt form of moexipril, a prodrug and non-sulfhydryl angiotensin converting enzyme (ACE) inhibitor with antihypertensive activity. Moexipril hydrochloride is hydrolized into its active form moexiprilat, which competitively inhibits ACE, thereby blocking the conversion of angiotensin I to angiotensin II. This prevents the actions of the potent vasoconstrictor angiotensin II and leads to vasodilatation. It also prevents angiotensin II-induced aldosterone secretion by the adrenal cortex, thereby promoting diuresis and natriuresis. Moexipril hydrochloride also directly suppresses renin release.",NCI,T109,Organic Chemical
1085,C0771305,cyclosporine modified,MEDCIN,,,T109,Organic Chemical
1086,C0771376,codeine anhyd,MTH,,,T109,Organic Chemical
1087,C0771428,Nadoxolol Hydrochloride,NCI,,,T109,Organic Chemical
1088,C0771469,Formoterol fumarate,SNOMEDCT_US,"The fumarate salt form of formoterol, a long-acting and selective sympathomimetic beta-receptor agonist with bronchodilator activity. Formoterol fumarate binds beta 2 adrenergic receptors in bronchial smooth muscle and stimulates intracellular adenyl cyclase, thereby increasing the production of cyclic adenosine monophosphate (cAMP). Increased cAMP levels cause relaxation of bronchial smooth muscle, improve mucociliary clearance and reduce mediator substance release in inflammatory cells, especially from mast cells. (NCI05)",NCI,T109,Organic Chemical
1089,C0771490,codeine camsyl,MTH,,,T109,Organic Chemical
1090,C0771641,Tertatolol hydrochloride,SNOMEDCT_US,,,T109,Organic Chemical
1091,C0771983,Dihydroergotamine Tartrate,NCI,,,T109,Organic Chemical
1092,C0771993,Naratriptan hydrochloride,SNOMEDCT_US,"The hydrochloride salt form of naratriptan, a sulfonamide with selective serotonin (5-HT) 1 receptor agonistic activity and anti-migraine property. Naratriptan hydrochloride binds selectively and with high affinity to the 5-HT1D and 5-HT1B receptor subtypes. Activation of these 5-HT1D/B receptors located on intracranial blood vessels leads to vasoconstriction and provides relief of migraine headaches. Naratriptan hydrochloride may also exerts its effect by stimulation of 5-HT1D/1B receptors on sensory nerve endings in the trigeminal system thereby decreasing the release of pro-inflammatory neuropeptides.",NCI,T109,Organic Chemical
1093,C0772122,Bupranolol Hydrochloride,NCI,,,T109,Organic Chemical
1094,C0772203,Eprosartan mesylate,SNOMEDCT_US,"The mesylate salt form of eprosartan, a non-biphenyl, non-tetrazole, nonpeptide angiotensin II antagonist with antihypertensive activity. Eprosartan mesylate antagonizes angiotensin II type I receptors in tissues such as vascular smooth muscle and the adrenal gland. This prevents angiotensin II-induced vasoconstriction and prevents angiotensin II-mediated stimulation of aldosterone secretion by the adrenal cortex, which decreases the excretion of sodium and water and increases the excretion of potassium.",NCI,T109,Organic Chemical
1095,C0772229,bopindolol hydrogen malonate,MTH,,,T109,Organic Chemical
1096,C0772230,Mepindolol Sulfate,NCI,,,T109,Organic Chemical
1097,C0772260,Hydrocodone Hydrochloride,NCI,,,T109,Organic Chemical
1098,C0772277,dl- phenylalanine,CHV,"A racemic mixture of phenylalanine, an aromatic amino acid with antidepressant, analgesic and appetite suppressant properties. The antidepressant effect of DL-phenylalanine may be accounted for by its precursor role in the synthesis of the neurotransmitters norepinephrine and dopamine. Elevated brain norepinephrine and dopamine levels are thought to be associated with antidepressant effects. This agent also plays a role in alleviating mood swings of premenstrual syndrome (PMS), increasing energy and mental alertness and heighten the ability to focus in individuals with attention deficit hyperactivity disorder (ADHD).",NCI,T116,"Amino Acid, Peptide, or Protein"
1099,C0772420,Rizatriptan benzoate,SNOMEDCT_US,"The benzoate salt form of rizatriptan, a member of the triptan class agents with anti-migraine property. Rizatriptan benzoate selectively binds to and activates serotonin (5-HT) 1B receptors expressed in intracranial arteries, and to 5-HT 1D receptors located on peripheral trigeminal sensory nerve terminals in the meninges and central terminals in brain stem sensory nuclei. Receptor binding results in constriction of cranial vessels and inhibition of nociceptive transmission, thereby providing relief of migraine headaches. Rizatriptan benzoate may also relief migraine headaches by inhibition of pro-inflammatory neuropeptide release.",NCI,T109,Organic Chemical
1100,C0795584,Beclomethasone dipropionate monohydrate,SNOMEDCT_US,,,T109,Organic Chemical
1101,C0795614,Glucagon hydrochloride,SNOMEDCT_US,,,T109,Organic Chemical
1102,C0795633,Human isophane insulin,SNOMEDCT_US,Human isophane insulin that is used to manage BLOOD GLUCOSE levels in patients with DIABETES.,MSH,T116,"Amino Acid, Peptide, or Protein"
1103,C0795635,Human regular insulin,SNOMEDCT_US,"A recombinant form of the naturally occurring human pancreatic hormone insulin. Upon administration, regular insulin mimics the action of endogenous human insulin and binds to insulin receptors located on muscle and fat cells. This both facilitates the cellular uptake of glucose and lowers blood glucose levels. In addition, insulin inhibits the liver's conversion of stored glycogen into glucose, which also decreases blood glucose levels. Insulin also inhibits lipolysis in adipose tissue, inhibits proteolysis, and enhances protein synthesis.",NCI,T116,"Amino Acid, Peptide, or Protein"
1104,C0795660,Rosiglitazone maleate,SNOMEDCT_US,"The maleate salt of rosiglitazone, an orally-active thiazolidinedione with antidiabetic properties and potential antineoplastic activity. Rosiglitazone activates peroxisome proliferator-activated receptor gamma (PPAR-gamma), a ligand-activated transcription factor, thereby inducing cell differentiation and inhibiting cell growth and angiogenesis. This agent also modulates the transcription of insulin-responsive genes, inhibits macrophage and monocyte activation, and stimulates adipocyte differentiation.",NCI,T109,Organic Chemical
1105,C0795668,Tirofiban hydrochloride,SNOMEDCT_US,"The hydrochloride salt form of tirofiban, a non-peptide tyrosine derivative with anticoagulant property. Tirofiban antagonizes fibrinogen binding to the platelet cell surface receptor, glycoprotein (GP) IIb/IIIA complex, one of the two purinergic receptors activated by ADP. The antagonism prevents adenylyl cyclase activation, which mediated via GP IIb/IIIa receptor complex, and results in decreased levels of cAMP and thereby interferes with platelet membrane function and subsequent platelet-platelet interaction, release of platelet granule constituents and prolongation of bleeding time.",NCI,T109,Organic Chemical
1106,C0795706,Femoral mononeuropathy due to diabetes mellitus,SNOMEDCT_US,,,T047,Disease or Syndrome
1107,C0796081,Myhre syndrome,SNOMEDCT_US,"Myhre syndrome is a rare condition that affects connective tissue. Connective tissue provides strength and flexibility to structures throughout the body. Myhre syndrome has a variety of signs and symptoms that affect many parts of the body, though not everyone has all the possible features. The features of the condition can range in severity, and some features become more apparent with age.~Common signs and symptoms of Myhre syndrome include short stature, skeletal abnormalities, limited joint mobility, characteristic facial features, intellectual and behavioral problems, hearing loss, a tendency for the buildup of scar tissue (fibrosis) in the skin and internal organs, and heart and lung abnormalities.~Growth is reduced in most people with Myhre syndrome, beginning before birth and continuing through adolescence. Affected individuals usually have a low birth weight and are generally shorter than about 97 percent of their peers throughout life. They have shortened long bones of the arms and legs, unusually short fingers and toes (brachydactyly), and curved pinky fingers (fifth finger clinodactyly). Other skeletal abnormalities associated with this disorder include thickening of the skull bones, flattened bones of the spine (platyspondyly), broad ribs, and underdevelopment of the wing-shaped structures of the pelvis (hypoplastic iliac wings). Affected individuals often have joint problems (arthropathy), including stiffness and limited mobility.~Typical facial features in people with Myhre syndrome include narrow openings of the eyelids (short palpebral fissures), deeply set eyes, a shortened distance between the nose and upper lip (a short philtrum), a narrow mouth with a thin upper lip, an underdeveloped upper jaw, and a protruding lower jaw (prognathism). Some affected individuals are born with an opening in the roof of the mouth (a cleft palate), a split in the lip (a cleft lip), or both. Vision problems are common in this disorder and can include eyes that do not point in the same direction (strabismus), nearsightedness (myopia), farsightedness (hyperopia), an irregular curvature of the front of the eye (astigmatism), clouding of the lenses (cataracts), or rarely, an abnormality of the back of the eye called pseudopapilledema.~Children with Myhre syndrome have delayed development, which is noticeable by age 5. Speech and language delay are the most significant. Motor skills such as crawling and walking may be delayed, although children with Myhre syndrome eventually learn to walk. Most affected individuals have intellectual disability that ranges from mild to moderate, yet some are able to have jobs or pursue higher education.~People with Myhre syndrome typically have features like those in autism spectrum disorder, which affects communication and social interaction. These problems vary in severity, and they usually improve over time.~Hearing loss occurs in most people with Myhre syndrome, usually beginning in childhood and gradually worsening. If not detected promptly, hearing problems can contribute to learning and behavioral problems.~Fibrosis in Myhre syndrome can occur in the absence of injury (spontaneously) or develop following surgery or trauma. Affected individuals typically have stiff, thickened skin, usually beginning in childhood. Typically, the skin changes first appear on the palms of the hands, the soles of the feet, the back of the elbows, and the front of the knees. Eventually the skin thickens on other parts of the body. As a result of the thicker skin, affected individuals typically have fewer facial creases (wrinkles) than others of their age. Scars may be more noticeable or become unusually thickened after healing (keloids or hypertrophic scars).~Individuals with Myhre syndrome often have problems with the structure of the heart that are present at birth (congenital heart defects). Fibrosis in the heart and blood vessels (cardiovascular system) can lead to the development of additional problems such as high blood pressure (hypertension) and narrowing (stenosis) of the heart valves or blood vessels. Other cardiovascular problems can include swelling and tightening of the pericardium, which is the membrane that surrounds the heart (pericarditis), and rarely, restrictive cardiomyopathy, in which the heart muscle is stiff and cannot fully relax after each contraction. These cardiovascular problems can be life-threatening.~Abnormalities of the lungs and airways (respiratory tract) in people with Myhre syndrome include narrowing of the windpipe (laryngotracheal stenosis) and the passages leading from the windpipe to the lungs (bronchi); difficulty filling the lungs with air when inhaling (restrictive pulmonary disease); or widespread lung damage (interstitial lung disease). These respiratory tract problems can be life-threatening.~Additional features of Myhre syndrome include problems in the gastrointestinal tract, such as narrowing of the lower part of the stomach (pyloric stenosis) or of the upper part of the small intestine (duodenal strictures) and severe constipation. People with Myhre syndrome also may have an increased risk of developing cancerous or noncancerous tumors, including cancer of the lining of the uterus (endometrial cancer).",MEDLINEPLUS,T047,Disease or Syndrome
1108,C0801658,Diagnosis.primary:Imp:Pt:^Patient:Nom,MTH,,,T201,Clinical Attribute
1109,C0804687,Primary tumor.pathology:Prid:Pt:Cancer.XXX:Nom,LNC,,,T201,Clinical Attribute
1110,C0804693,Primary tumor.clinical:Class:Pt:Cancer.XXX:Nom,LNC,,,T201,Clinical Attribute
1111,C0810002,Hypertension with complications and secondary hypertension,CCS,,,T047,Disease or Syndrome
1112,C0810292,Other and unspecified asthma,CCS,,,T047,Disease or Syndrome
1113,C0812358,Delayed surgical recovery,SNOMEDCT_US,"Extension of the number of postoperative days required to initiate and perform activities that maintain life, health, and well-being.",NANDA-I,T033,Finding
1114,C0837011,"Type 1 diabetes mellitus with circulatory complication, unspecified",ICD10AM,,,T047,Disease or Syndrome
1115,C0837047,"Type 2 diabetes mellitus with circulatory complication, unspecified",ICD10AM,,,T047,Disease or Syndrome
1116,C0837121,"Unspecified diabetes mellitus with circulatory complication, unspecified",ICD10AM,,,T047,Disease or Syndrome
1117,C0840897,"Diabetes mellitus arising in pregnancy, non-insulin-requiring",ICD10AM,,,T047,Disease or Syndrome
1118,C0840898,"Diabetes mellitus arising in pregnancy, insulin-requiring",ICD10AM,,,T047,Disease or Syndrome
1119,C0848548,Hypertensive Nephropathy,OMIM,Kidney damage that results from chronically elevated blood pressure; complications include glomerular damage resulting in proteinuria and hematuria.,NCI,T047,Disease or Syndrome
1120,C0851219,Type 2 diabetes mellitus with hyperosmolarity,MEDCIN,,,T047,Disease or Syndrome
1121,C0851220,Unspecified diabetes mellitus with hyperosmolarity,ICD10AM,,,T047,Disease or Syndrome
1122,C0851302,Hypoglycemic shock,SNOMEDCT_US,,,T047,Disease or Syndrome
1123,C0851627,Vascular hypertensive disorders NEC,MDR,,,T047,Disease or Syndrome
1124,C0851739,Bronchospasm and obstruction,MDR,,,T047,Disease or Syndrome
1125,C0851754,Allergic conditions NEC,MDR,,,T047,Disease or Syndrome
1126,C0851826,Hypoglycaemic conditions NEC,MDR,,,T047,Disease or Syndrome
1127,C0851834,Hyperglycaemic conditions NEC,MDR,,,T047,Disease or Syndrome
1128,C0852034,Accelerated and malignant hypertension,MDR,,,T033,Finding
1129,C0852035,hypertension complications,CHV,,,T033,Finding
1130,C0852036,Pregnancy associated hypertension,MTH,"A blood pressure elevation after 20 weeks of gestation in the absence of either proteinuria or systemic findings like thrombocytopenia, impaired liver function, progressive renal insufficiency, pulmonary edema or the new-onset of cerebral or visual disturbances.",NCI,T047,Disease or Syndrome
1131,C0853897,Diabetic cardiomyopathy,SNOMEDCT_US,"Diabetes complications in which VENTRICULAR REMODELING in the absence of CORONARY ATHEROSCLEROSIS and hypertension results in cardiac dysfunctions, typically LEFT VENTRICULAR DYSFUNCTION. The changes also result in myocardial hypertrophy, myocardial necrosis and fibrosis, and collagen deposition due to impaired glucose tolerance.",MSH,T047,Disease or Syndrome
1132,C0854110,Insulin-resistant diabetes mellitus,HPO,"A type of diabetes mellitus related not to lack of insulin but rather to lack of response to insulin on the part of the target tissues of insulin such as muscle, fat, and liver cells. This type of diabetes is typically associated with increases both in blood glucose concentrations as well as in fasting and postprandial serum insulin levels. [https://orcid.org/0000-0002-0736-9199, PMID:7706500]",HPO,T047,Disease or Syndrome
1133,C0856716,Asthma aspirin-sensitive,MDR,,,T047,Disease or Syndrome
1134,C0856874,Subclinical diabetes,MDR,,,T047,Disease or Syndrome
1135,C0857121,Hypertensive (finding),MTH,,,T033,Finding
1136,C0858626,Asthmatic attack induced,MDR,,,T047,Disease or Syndrome
1137,C0858734,hypoglycemia; insulin,ICPC2ICD10ENG,,,T047,Disease or Syndrome
1138,C0860163,Diabetic gastropathy,MDR,,,T047,Disease or Syndrome
1139,C0865162,Diabetes mellitus without mention of complication or manifestation,MTHICD9,,,T047,Disease or Syndrome
1140,C0865166,diabetic hypoglycemia,MEDCIN,,,T047,Disease or Syndrome
1141,C0872913,Tenecteplase,SNOMEDCT_US,"A 527 amino acid glycoprotein and the modified form of the naturally occurring human plasminogen activator (tPA) with tissue plasminogen activating activity. Tenecteplase (TNKase) is a serine protease created by introducing substitutions of threonine 103 with asparagine, asparagine 117 with glutamine within the kringle 1 domain, and a tetra-alanine substitution at amino acids 296-299 in the protease domain. TNKase converts fibrin-bound plasminogen to plasmin by cleaving the Arg/Val bond in plasminogen. Plasmin in turn degrades the fibrin matrix of the thrombus mass, thereby helps eliminate blood clots or arterial blockages that cause myocardial infarction.",NCI,T116,"Amino Acid, Peptide, or Protein"
1142,C0872972,Pioglitazone hydrochloride,SNOMEDCT_US,"The hydrochloride salt of an orally-active thiazolidinedione with antidiabetic properties and potential antineoplastic activity. Pioglitazone activates peroxisome proliferator-activated receptor gamma (PPAR-gamma), a ligand-activated transcription factor, thereby inducing cell differentiation and inhibiting cell growth and angiogenesis. This agent also modulates the transcription of insulin-responsive genes, inhibits macrophage and monocyte activation, and stimulates adipocyte differentiation. (NCI05)",NCI,T109,Organic Chemical
1143,C0872994,Imidapril hydrochloride,SNOMEDCT_US,"The hydrochloride salt of imidapril, an angiotensin-converting enzyme (ACE) inhibitor with antihypertensive activity. As a prodrug, imidapril is converted by hydrolysis in the liver into its active form imidaprilat. Imidaprilat competitively binds to and inhibits ACE, thereby blocking the conversion of angiotensin I to angiotensin II. This prevents the potent vasoconstrictive actions of angiotensin II and results in vasodilation. Imidaprilat also decreases angiotensin II-induced aldosterone secretion by the adrenal cortex, which leads to an increase in sodium excretion and subsequently increases water outflow.",NCI,T109,Organic Chemical
1144,C0873040,dihydralazine sul hemipenthy,MTH,,,T109,Organic Chemical
1145,C0873156,Manidipine hydrochloride,SNOMEDCT_US,,,T109,Organic Chemical
1146,C0873162,Zofenopril calcium,SNOMEDCT_US,"The calcium salt of zofenopril, a sulfhydryl angiotensin-converting enzyme (ACE) inhibitor with antihypertensive activity. As a prodrug, zofenopril is hydrolyzed in vivo into its active form zofenoprilat. Zofenoprilat competitively binds to and inhibits ACE, thereby blocking the conversion of angiotensin I to angiotensin II. This prevents the potent vasoconstrictive actions of angiotensin II and results in vasodilation. Zofenoprilat also decreases angiotensin II-induced aldosterone secretion by the adrenal cortex, which leads to an increase in sodium excretion and subsequently increases water outflow.",NCI,T109,Organic Chemical
1147,C0874063,Cevimeline hydrochloride,SNOMEDCT_US,"A cholinergic analogue with glandular secretion stimulatory activity. Cevimeline binds to and activates muscarinic receptors, thereby increasing the secretions in exocrine salivary and sweat glands. This cholinergic agonist also increases the tone of smooth muscle in the gastrointestinal and urinary tracts. Cevimeline is being studied as a treatment for dry mouth caused by radiation therapy to the head and neck.",NCI,T109,Organic Chemical
1148,C0876232,glucagon (rDNA),MTH,"The recombinant form of the endogenous polypeptide hormone Glucagon consisting of 29 amino acids responsible for the release of stored glucose, causing increased blood glucose levels. Clinical Use: Diagnostic Aid for Imaging Studies and Hypoglycemia.",NCI,T116,"Amino Acid, Peptide, or Protein"
1149,C0877024,Schimke Immunoosseous Dysplasia,NCI,"Schimke immuno-osseous dysplasia is a condition characterized by short stature, kidney disease, and a weakened immune system. People with this condition have flattened spinal bones (vertebrae) that shorten their neck and trunk. The adult height for people with this condition is typically between 3 and 5 feet. Additional skeletal problems in people with Schimke immuno-osseous dysplasia include abnormalities of the hip joints and the end of the leg bones where they meet the hip joint. These skeletal problems can cause the hip joints to break down (degenerate) over time, leading to joint pain and a limited range of movement. This combination of skeletal problems and spinal abnormalities is called spondyloepiphyseal dysplasia as it affects the bones of the spine (spondylo-) and the ends of long bones (epiphyses) in the legs. It affects most people with Schimke immuno-osseous dysplasia.People with Schimke immuno-osseous dysplasia often have kidney (renal) disease that may lead to life-threatening renal failure and end-stage renal disease (ESRD).~Individuals with Schimke immuno-osseous dysplasia also have a shortage of immune system cells called T cells. T cells identify foreign substances and defend the body against infection. This shortage of T cells causes people with Schimke immuno-osseous dysplasia to have recurrent infections.~Other features frequently seen in people with Schimke immuno-osseous dysplasia include an exaggerated curvature of the lower back (lordosis); darkened patches of skin (hyperpigmentation), typically on the chest and back; abnormalities of the teeth; and a broad nasal bridge with a rounded tip of the nose.~Less common signs and symptoms of Schimke immuno-osseous dysplasia include an accumulation of fatty deposits in the lining of the arteries (atherosclerosis), reduced blood flow to the brain (ischemic stroke), migraine-like headaches, an underactive thyroid gland (hypothyroidism), a decrease in the number of blood cells (anemia), a lack of sperm (azoospermia), and irregular menstruation.~In severe cases, individuals with Schimke immuno-osseous dysplasia do not survive past childhood. In mild cases, people with Schimke immuno-osseous dysplasia can survive into adulthood.",MEDLINEPLUS,T047,Disease or Syndrome
1150,C0877056,Acute symptomatic epileptic seizure due to hypoglycemia,SNOMEDCT_US,Una crisis epiléptica que ocurre durante una hipoglucemia y debida a ella.,SCTSPA,T047,Disease or Syndrome
1151,C0878682,Deficiency of ferroxidase (disorder),MTH,"Aceruloplasminemia is a disorder in which iron gradually accumulates in the brain and other organs. Iron accumulation in the brain results in neurological problems that generally appear in adulthood and worsen over time.~People with aceruloplasminemia develop a variety of movement problems. They may experience involuntary muscle contractions (dystonia) of the head and neck, resulting in repetitive movements and contortions. Other involuntary movements may also occur, such as rhythmic shaking (tremors), jerking movements (chorea), eyelid twitching (blepharospasm), and grimacing. Affected individuals may also have difficulty with coordination (ataxia). Some develop psychiatric problems and a decline of intellectual function (dementia) in their forties or fifties.~In addition to neurological problems, affected individuals may have diabetes mellitus caused by iron damage to cells in the pancreas that make insulin, a hormone that helps control levels of blood sugar, also called blood glucose. Iron accumulation in the pancreas reduces the cells' ability to make insulin, which impairs blood glucose regulation and leads to the signs and symptoms of diabetes.~Iron accumulation in the tissues and organs results in a corresponding shortage (deficiency) of iron in the blood, leading to a shortage of red blood cells (anemia). Anemia and diabetes usually occur by the time an affected person is in his or her twenties.~Affected individuals also have changes in the light-sensitive tissue at the back of the eye (retina) caused by excess iron. The changes result in small opaque spots and areas of tissue degeneration (atrophy) around the edges of the retina. These abnormalities usually do not affect vision but can be observed during an eye examination.~The specific features of aceruloplasminemia and their severity may vary, even within the same family.",MEDLINEPLUS,T047,Disease or Syndrome
1152,C0878684,short syndrome,CHV,"Short stature, hyperextensibility, hernia, ocular depression, Rieger anomaly, and teething delay, commonly known by the acronym SHORT syndrome, is a rare disorder that affects many parts of the body.~Most people with SHORT syndrome are small at birth and gain weight slowly in childhood. Affected adults tend to have short stature compared with others in their family. Many have a lack of fatty tissue under the skin (lipoatrophy), primarily in the face, arms, and chest. This lack of fat, together with thin, wrinkled skin and veins visible beneath the skin, makes affected individuals look older than their biological age. This appearance of premature aging is sometimes described as progeroid.~Most people with SHORT syndrome have distinctive facial features. These include a triangular face shape with a prominent forehead and deep-set eyes (ocular depression), thin nostrils, a downturned mouth, and a small chin. Eye abnormalities are common in affected individuals, particularly Rieger anomaly, which affects structures at the front of the eye. Rieger anomaly can be associated with increased pressure in the eye (glaucoma) and vision loss. Some people with SHORT syndrome also have dental abnormalities such as delayed appearance (eruption) of teeth in early childhood, small teeth, fewer teeth than normal (hypodontia), and a lack of protective covering (enamel) on the surface of the teeth.~Other signs and symptoms that have been reported in people with SHORT syndrome include immune system abnormalities, a kidney disorder known as nephrocalcinosis, hearing loss, loose (hyperextensible) joints, and a soft out-pouching in the lower abdomen called an inguinal hernia. A few affected individuals have developed problems with blood sugar (glucose) regulation including insulin resistance and diabetes. Most people with SHORT syndrome have normal intelligence, although a few have been reported with mild cognitive impairment or delayed development of speech in childhood.",MEDLINEPLUS,T047,Disease or Syndrome
1153,C0886658,Nedocromil sodium,SNOMEDCT_US,"The sodium salt form of nedocromil, a pyranoquinolone derivative with anti-inflammatory properties. Nedocromil sodium inhibits the activation and release of inflammatory mediators (leukotrienes, histamine and prostaglandins) from a variety of cells involved in hypersensitivity reactions, including mast cells, eosinophils, neutrophils, macrophages, monocytes and platelets. As a result, nedocromil sodium inhibits both immediate and late bronchoconstriction, decreases bronchial hyperresponsiveness and inhibits recruitment of other inflammatory cells into the airway epithelium.",NCI,T109,Organic Chemical
1154,C0887187,"ibuprofen, sodium salt",MTH,"The sodium salt form of ibuprofen, a propionic acid derivate and nonsteroidal anti-inflammatory drug (NSAID) with anti-inflammatory, analgesic, and antipyretic activities. Upon administration, ibuprofen inhibits the activity of cyclo-oxygenase I and II, resulting in a decreased formation of precursors of prostaglandins and thromboxanes. This leads to decreased prostaglandin synthesis, by prostaglandin synthase, the main physiologic effect of ibuprofen. Ibuprofen also causes a decrease in the formation of thromboxane A2 synthesis, by thromboxane synthase, thereby inhibiting platelet aggregation.",NCI,T109,Organic Chemical
1155,C0889299,Prednisolone Sodium Metasulfobenzoate,NCI,"A poorly adsorbed analog of prednisolone, a synthetic glucocorticoid with anti-inflammatory and immunomodulating properties. After cell surface receptor attachment and cell entry, prednisolone enters the nucleus where it binds to and activates specific nuclear receptors, resulting in an altered gene expression and inhibition of proinflammatory cytokine production. This agent also decreases the number of circulating lymphocytes, induces cell differentiation, and stimulates apoptosis in sensitive tumor cells populations. (NCI)",NCI,T109,Organic Chemical
1156,C0903898,Nateglinide,SNOMEDCT_US,"A phenylalanine derivative of the meglitinide class of agents with hypoglycemic activity. Nateglinide, compared to repaglitinide, binds with a higher affinity to the SUR1 subunit and with a faster onset of action and a shorter duration of action. This agent is metabolized by the cytochrome P450 isoenzyme CYP2C9, and, to a lesser extent, by CYP3A4. The parent drug and metabolites are mainly excreted in the urine and its half-life is about 1.5 hours.",NCI,T116,"Amino Acid, Peptide, or Protein"
1157,C0907402,Insulin glargine,SNOMEDCT_US,"A recombinant human insulin analog with long-acting, blood glucose-lowering activity. Insulin glargine, like regular types of human insulin, regulates glucose metabolism by binding to insulin receptors on muscle and fat cells, thereby facilitating the cellular uptake of glucose. This lowers blood glucose levels. At the same time, insulin glargine inhibits the liver's conversion of stored glycogen into glucose, which also contributes to lower blood glucose levels. Insulin glargine also inhibits lipolysis in adipose tissue, inhibits proteolysis, and enhances protein synthesis. (NCI05)",NCI,T116,"Amino Acid, Peptide, or Protein"
1158,C0914729,Almotriptan,SNOMEDCT_US,"A sulfonamide triptan with extracerebral, intracranial vasoconstrictor activity. Almotriptan selectively binds to and activates serotonin 5-HT 1B and 1D receptors in the central nervous system (CNS), thereby causing extracerebral, intracranial blood vessel constriction. This may lead to pain relief from vascular headaches. Almotriptan may also relieve vascular headaches by preventing the release of vasoactive neuropeptides from perivascular trigeminal axons in the dura mater during a migraine, by reducing extravasation of plasma proteins, and by decreasing the release of other mediators of inflammation from the trigeminal nerve.",NCI,T109,Organic Chemical
1159,C0919726,Postoperative hypertension,SNOMEDCT_US,A transient increase in blood pressure following a surgical procedure.,NCI,T033,Finding
1160,C0920358,diabetic ophthalmopathy,CSP,pathologic changes of the eye due to a severe complication of diabetes mellitus.,CSP,T047,Disease or Syndrome
1161,C0935495,Physical & Psychosomatic Disorders (PsycINFO Subcluster Term),PSY,,,T185,Classification
1162,C0935497,Symptomatology (PsycINFO Subcluster Term),PSY,,,T185,Classification
1163,C0935929,antidiabetic,CHV,"Any substance used to reduce hyperglycemia or treat disorders associated with diabetes. Based on their mechanism of action, this class of agents can be classified to the following groups: directly acting insulomimetics, which activates insulin receptors; indirectly acting insulinomimetics, which increase insulin release such as sulfonylureas or which potentiate the effect of insulin such as metformin; those act directly on the metabolism of glucose such as inhibitors of glucosidases and inhibitors of aldose reductase.",NCI,T121,Pharmacologic Substance
1164,C0937621,ephedrine hydrate,MTH,,,T109,Organic Chemical
1165,C0937898,Almotriptan malate,SNOMEDCT_US,"The malate salt of almotriptan, a sulfonamide triptan with vasoconstrictor activity. Almotriptan selectively binds to and activates serotonin 5-HT 1B and 1D receptors in the central nervous system (CNS), thereby causing cerebral blood vessel constriction. This may lead to pain relief from vascular headaches. Almotriptan may also relieve vascular headaches by preventing the release of vasoactive neuropeptides from perivascular trigeminal axons in the dura mater during a migraine, by reducing extravasation of plasma proteins, and by decreasing the release of other mediators of inflammation from the trigeminal nerve.",NCI,T109,Organic Chemical
1166,C0937930,Barnidipine Hydrochloride,NCI,,,T109,Organic Chemical
1167,C0937950,Darbepoetin alfa,SNOMEDCT_US,"A recombinant analog of the endogenous cytokine erythropoietin, an erythropoiesis-stimulating protein. Due to the addition of two carbohydrate chains, darbepoetin alfa exhibits a three-fold greater half-life than does erythropoietin. Similar to erythropoietin, darbopoietin alfa binds to and activates epoetin receptors, thereby inducing the differentiation and maturation of erythrocyte progenitors, stimulating endothelial cell proliferation, and stimulating B-cell proliferation and immunoglobulin production. (NCI04)",NCI,T116,"Amino Acid, Peptide, or Protein"
1168,C0947608,soybean preparations,MEDCIN,,,T109,Organic Chemical
1169,C0947963,Endocrine and metabolic secondary hypertension,MDR,,,T047,Disease or Syndrome
1170,C0947965,Pregnancy complicated by maternal disorders,MDR,,,T046,Pathologic Function
1171,C0948275,Somogyi phenomenon,SNOMEDCT_US,,,T047,Disease or Syndrome
1172,C0948683,Asthmatic attack atopic,MDR,,,T047,Disease or Syndrome
1173,C0949217,Amiloride hydrochloride anhydrous,SNOMEDCT_US,,,T109,Organic Chemical
1174,C0950121,Denys-Drash syndrome,MDR,"Denys-Drash syndrome is a condition that affects the kidneys and genitalia.~Denys-Drash syndrome is characterized by kidney disease that begins within the first few months of life. Affected individuals have a condition called diffuse glomerulosclerosis, in which scar tissue forms throughout glomeruli, which are the tiny blood vessels in the kidneys that filter waste from blood. In people with Denys-Drash syndrome, this condition often leads to kidney failure in childhood. People with Denys-Drash syndrome have an estimated 90 percent chance of developing a rare form of kidney cancer known as Wilms tumor. Affected individuals may develop multiple tumors in one or both kidneys.~Although males with Denys-Drash syndrome have the typical male chromosome pattern (46,XY), they have gonadal dysgenesis, in which external genitalia do not look clearly male or clearly female or the genitalia appear female-typical. The testes of affected males are undescended, which means they are abnormally located in the pelvis, abdomen, or groin. As a result, males with Denys-Drash are typically unable to have biological children (infertile).~Affected females usually have normal genitalia and have only the kidney features of the condition. Because they do not have all the features of the condition, females are usually given the diagnosis of isolated nephrotic syndrome.",MEDLINEPLUS,T047,Disease or Syndrome
1175,C0951315,Ethylnorepinephrine hydrochloride,SNOMEDCT_US,,,T109,Organic Chemical
1176,C0960052,Phendimetrazine Hydrochloride,NCI,,,T109,Organic Chemical
1177,C0961485,Eplerenone,SNOMEDCT_US,"A selective aldosterone receptor antagonist. Eplerenone binds to the mineralocorticoid receptor and blocks the binding of aldosterone, thereby decreasing sodium resorption and subsequently increasing water outflow. This leads to a decrease in blood pressure. Eplerenone is used in the treatment of hypertension and congestive heart failure.",NCI,T109,Organic Chemical
1178,C0966225,Omalizumab,SNOMEDCT_US,"A humanized monoclonal antibody directed against the C-epsilon 3 domain of immunoglobulin E. Olizumab binds to this IgE domain, thereby preventing IgE from binding to its high-affinity mast-cell receptor. (NCI04)",NCI,T116,"Amino Acid, Peptide, or Protein"
1179,C0969324,Mepolizumab,SNOMEDCT_US,"A humanized immunoglobulin G1 (IgG1) monoclonal antibody directed against interleukin-5 (IL-5) with anti-asthmatic and potential immunosuppressive activity. Upon subcutaneous administration, mepolizumab selectively binds to IL-5, preventing it from associating with interleukin-5 receptor subunit alpha (IL5RA) on the surface of eosinophils and their progenitors. IL-5 plays a role in the regulation of eosinophil development from hematopoietic progenitors as well as eosinophil maturation, differentiation, mobilization, activation, and survival. IL-5 also play a role in the pathogenesis of some phenotypes of hypereosinophilic syndrome (HES).",NCI,T116,"Amino Acid, Peptide, or Protein"
1180,C0969589,Arformoterol,SNOMEDCT_US,"A long-acting beta-2 adrenergic agonist and isomer of formoterol with bronchodilator activity. Arformoterol selectively binds to and activates beta-2 adrenergic receptors in bronchiolar smooth muscle, thereby causing stimulation of adenyl cyclase, the enzyme that catalyzes the conversion of adenosine triphosphate (ATP) to cyclic-3',5'-adenosine monophosphate (cAMP). Increased intracellular cAMP levels cause relaxation of bronchial smooth muscle and lead to a reduced release of inflammatory mediators from mast cells. This may eventually lead to an improvement of airway function.",NCI,T109,Organic Chemical
1181,C0973372,"Home visit for prenatal monitoring and assessment to include fetal heart rate, non-stress test, uterine monitoring, and gestational diabetes monitoring",CPT,,,T061,Therapeutic or Preventive Procedure
1182,C0981808,sodium acetylsalicylate,MEDCIN,"The sodium salt form of aspirin, a non-steroidal anti-inflammatory drug (NSAID), with analgesic, antipyretic, anti-inflammatory and anticoagulant activities. Upon administration, aspirin binds to and acetylates serine residues in cyclooxygenases (COXs), resulting in decreased synthesis of prostaglandin, platelet aggregation, and inflammation.",NCI,T109,Organic Chemical
1183,C0981839,Aspergillus niger allergenic extract,MTH,,,T121,Pharmacologic Substance
1184,C0981840,Aspergillus terreus allergenic extract,MTH,,,T121,Pharmacologic Substance
1185,C0981863,common sagebrush pollen extract,MTH,,,T109,Organic Chemical
1186,C0981864,corn allergenic extract,MTH,,,T121,Pharmacologic Substance
1187,C0981880,false ragweed pollen extract,MTH,,,T116,"Amino Acid, Peptide, or Protein"
1188,C0981881,"allergenic extract, false ragweed pollen",MTH,,,T116,"Amino Acid, Peptide, or Protein"
1189,C0981883,whole wheat allergenic extract,MTH,,,T121,Pharmacologic Substance
1190,C0981919,June grass pollen extract,MTH,,,T121,Pharmacologic Substance
1191,C0981931,Mucor plumbeus allergenic extract,MTH,,,T121,Pharmacologic Substance
1192,C0981937,pecan pollen extract,MTH,,,T121,Pharmacologic Substance
1193,C0981943,spiny pigweed pollen extract,MTH,,,T121,Pharmacologic Substance
1194,C0981944,"allergenic extract, pigweed, spiny, pollen",MTH,,,T116,"Amino Acid, Peptide, or Protein"
1195,C0981976,sugar beet allergenic extract,MTH,,,T121,Pharmacologic Substance
1196,C0982005,corn smut allergenic extract,MTH,,,T121,Pharmacologic Substance
1197,C0982038,belladonna leaf extract,MTH,,,T109,Organic Chemical
1198,C0982121,Diltiazem maleate,SNOMEDCT_US,,,T109,Organic Chemical
1199,C0982200,hydrocodone resin complex,MEDCIN,,,T109,Organic Chemical
1200,C0982217,"lente insulin, beef-pork",MTH,,,T116,"Amino Acid, Peptide, or Protein"
1201,C0982219,Lente human insulin,MEDCIN,,,T116,"Amino Acid, Peptide, or Protein"
1202,C0982221,"insulin lispro protamine, human",MTH,,,T116,"Amino Acid, Peptide, or Protein"
1203,C0982224,"insulin, protamine zinc, beef-pork",MTH,,,T116,"Amino Acid, Peptide, or Protein"
1204,C0982226,"insulin, regular, beef",MTH,,,T116,"Amino Acid, Peptide, or Protein"
1205,C0982282,Metipranolol hydrochloride,SNOMEDCT_US,,,T109,Organic Chemical
1206,C0982304,orris allergenic extract,MTH,,,T121,Pharmacologic Substance
1207,C0991776,Curvularia inequalis allergenic extract,MTH,,,T121,Pharmacologic Substance
1208,C0991832,"insulin isophane, beef",MTH,,,T116,"Amino Acid, Peptide, or Protein"
1209,C0993223,"insulin isophane, beef-pork",MTH,,,T116,"Amino Acid, Peptide, or Protein"
1210,C0994494,parsley extract,MTH,,,T109,Organic Chemical
1211,C0995001,flaxseed extract,CHV,"Seed isolated from one of several species of the plant genus Linum. Flaxseed-derived foods, lignans, and essential fatty acids such as alpha-linolenic acid, possess anti-inflammatory, lipid-lowering, antioxidant, and antineoplastic properties.",NCI,T109,Organic Chemical
1212,C1095801,spearmint extract,MTH,,,T109,Organic Chemical
1213,C1098320,Olmesartan,SNOMEDCT_US,"A synthetic imidazole derivative and angiotensin II receptor antagonist with antihypertensive activity. Olmesartan selectively binds to the angiotensin type 1 (AT1) receptor subtype in vascular smooth muscle and adrenal gland, thereby competing with angiotensin II for binding to the AT1 receptor. This prevents angiotensin II-induced vasoconstriction and interferes with angiotensin II-mediated aldosterone secretion, thereby decreasing aldosterone production and preventing aldosterone-stimulated sodium retention and potassium excretion.",NCI,T109,Organic Chemical
1214,C1099777,Frovatriptan succinate,SNOMEDCT_US,"The succinate salt form of frovatriptan, a synthetic triptan with serotonin (5-HT) receptor agonist activity. Frovatriptan succinate binds selectively and with high affinity to 5-HT 1B and presynaptic 5-HT 1D receptors in the extracerebral and intracranial arteries. This leads to an inhibition of serotonin activity and results in vasoconstriction of the painfully dilated blood vessels during migraine attack. Frovatriptan succinate is indicated for the acute treatment of migraine. (NCI05)",NCI,T109,Organic Chemical
1215,C1110619,papaya extract,MTH,,,T109,Organic Chemical
1216,C1120110,Aliskiren,SNOMEDCT_US,"An orally active nonpeptide renin inhibitor with antihypertensive activity. Aliskiren selectively binds to the S3 sub-pocket of renin, an enzyme in the renin-angiotensin-aldosterone system (RAAS) that is responsible for converting angiotensinogen to angiotensin I (AT I). By inhibiting the activity of renin, the conversion to AT I is prevented, which in turn prevents the conversion of AT I to AT II. This prevents arterial vasoconstriction by AT II and inhibits the production of aldosterone by AT II. As aldosterone causes re-uptake of sodium and water and eventually an increase in extracellular volume, aliskiren is able to prevent the effects that contribute to an increase in blood pressure.",NCI,T109,Organic Chemical
1217,C1120952,Norelgestromin,SNOMEDCT_US,,,T109,Organic Chemical
1218,C1122975,Angelica sinensis preparation,MTH,,,T109,Organic Chemical
1219,C1138626,Cocoa Extract,NCI,"A dietary supplement containing cocoa extract derived from the cacao bean, with potential vasodilating, anti-inflammatory, cardiovascular protective, neuroprotective, cognition enhancing and chemopreventive activities. Cocoa extract contains flavonoids, including high levels of epicatechin, catechin, procyanidins and xanthines, such as theobromine. Upon oral administration, the bioactive ingredients in the cocoa extract inhibit angiotensin-converting enzyme (ACE) and increase the production of nitric oxide (NO) through the activation of endothelial nitric oxide synthase (eNOS). This causes vasodilation, improves blood flow, and decreases blood pressure. The cocoa extract also improves insulin sensitivity, enhances cognition, and decreases the production of pro-inflammatory molecules. In addition, this extract exerts antioxidant effects and is able to scavenge reactive oxygen species (ROS). As a result, healthy cells are protected from oxidative stress and DNA damage.",NCI,T109,Organic Chemical
1220,C1144168,"leptin receptor, human",MTH,"Leptin receptor (1165 aa, ~132 kDa) is encoded by the human LEPR gene. This protein plays a role in hormone binding, lipid metabolism, and lymphopoiesis.",NCI,T116,"Amino Acid, Peptide, or Protein"
1221,C1145628,Disorder of autonomic nervous system,SNOMEDCT_US,"Your autonomic nervous system is the part of your nervous system that controls involuntary actions, such as the beating of your heart and the widening or narrowing of your blood vessels. When something goes wrong in this system, it can cause serious problems, including:  Blood pressure problems  Heart problems  Trouble with breathing and swallowing  Erectile dysfunction in men  Autonomic nervous system disorders can occur alone or as the result of another disease, such as Parkinson's disease, alcoholism and diabetes. Problems can affect either part of the system, as in complex regional pain syndromes, or all of the system. Some types are temporary, but many worsen over time. When they affect your breathing or heart function, these disorders can be life-threatening. Some autonomic nervous system disorders get better when an underlying disease is treated. Often, however, there is no cure. In that case, the goal of treatment is to improve symptoms.  NIH: National Institute of Neurological Disorders and Stroke",MEDLINEPLUS,T047,Disease or Syndrome
1222,C1165353,Anhydrous Dextrose,NCI,"The anhydrous form of D-glucose, a natural monosaccharide and carbohydrate. Dextrose serves to replenish lost nutrients and electrolytes. The agent provides metabolic energy and is the primary ingredient in oral rehydration salts (ORS) and is used in intravenous (IV) fluids to provide nutrients to patients under intensive care who are unable to receive them by the oral route. Solutions containing dextrose restore blood glucose levels and provide calories and may aid in minimizing liver glycogen depletion and exerts a protein-sparing action. Dextrose anhydrous also plays a role in the production of proteins and in lipid metabolism.",NCI,T109,Organic Chemical
1223,C1170011,"insulin aspart protamine, human",MTH,,,T116,"Amino Acid, Peptide, or Protein"
1224,C1170742,dexchlorpheniramine tannate,RXNORM,,,T109,Organic Chemical
1225,C1171326,bradykinin hypertension,CSP,,,T047,Disease or Syndrome
1226,C1171328,catecholamine hypertension,CSP,,,T047,Disease or Syndrome
1227,C1171349,Kallikrein hypertension,MSH,,,T047,Disease or Syndrome
1228,C1171351,kinin hypertension,CSP,,,T047,Disease or Syndrome
1229,C1174779,Pramlintide acetate,SNOMEDCT_US,"The acetate salt form of pramlintide, a peptide analogue of human amylin with 3 proline substitutions at position 25, 28 and 29, with antihyperglycemic activity. By mimicking amylin, pramlintide slows gastric emptying, inhibits digestive secretions (gastric acid, pancreatic enzymes, and bile), reduces glucagon secretion, and increases satiety; all of these actions are mediated mostly by glucose-sensitive areas in the brain stem. The overall result is a decrease in blood glucose levels. The use of pramlintide may cause an increased risk of insulin-induced hypoglycemia.",NCI,T116,"Amino Acid, Peptide, or Protein"
1230,C1176342,"Asthma, unspecified type, with (acute) exacerbation",ICD9CM,,,T047,Disease or Syndrome
1231,C1178489,Eletriptan hydrobromide,SNOMEDCT_US,"A triptan with specific affinity for the 5-hydroxytriptamine1B/1D receptor. Eletriptan hydrobromide binds to and acts at serotonin 5-HT1B receptors located on intracranial blood vessels which leads to vasoconstriction. This drug may also exerts its effects by binding to and activating 5-HT 1D receptors on sensory nerve endings in the trigeminal system, which results in the inhibition of pro-inflammatory neuropeptide release. Eletriptan hydrobromide is used to relieve pain or symptoms associated with migraine headaches.",NCI,T109,Organic Chemical
1232,C1257958,Disorder of glucose metabolism,SNOMEDCT_US,A metabolic disorder characterized by abnormal blood glucose levels.,NCI,T047,Disease or Syndrome
1233,C1260416,Other forms of asthma,ICD9CM,,,T047,Disease or Syndrome
1234,C1260881,Allergic bronchitis,SNOMEDCT_US,,,T047,Disease or Syndrome
1235,C1260922,Abnormal breathing,SNOMEDCT_US,"When you're short of breath, it's hard or uncomfortable for you to take in the oxygen your body needs. You may feel as if you're not getting enough air. Sometimes you can have mild breathing problems because of a stuffy nose or intense exercise. But shortness of breath can also be a sign of a serious disease. Many conditions can make you feel short of breath:  Lung conditions such as asthma, emphysema, or pneumonia Problems with your trachea or bronchi, which are part of your airway system Heart disease can make you feel breathless if your heart cannot pump enough blood to supply oxygen to your body Anxiety and panic attacks Allergies  If you often have trouble breathing, it is important to find out the cause.",MEDLINEPLUS,T033,Finding
1236,C1261128,Progeria short stature pigmented nevi,MTH,"A rare genetic multiple congenital anomalies/dysmorphic syndrome characterized by intrauterine growth retardation and short stature, microcephaly, premature aging, bird-like facies with lack of facial subcutaneous fat, multiple pigmented nevi, sensorineural hearing loss, and variable intellectual disability. Immunodeficiency and development of tumors have also been described.",ORPHANET,T047,Disease or Syndrome
1237,C1261327,Family history of asthma,SNOMEDCT_US,,,T033,Finding
1238,C1263875,Impaired glucose tolerance with hyperinsulism,SNOMEDCT_US,,,T047,Disease or Syndrome
1239,C1263957,Sensory neuropathy due to diabetes mellitus,SNOMEDCT_US,,,T047,Disease or Syndrome
1240,C1263959,Diabetic ketoacidosis without coma,SNOMEDCT_US,,,T047,Disease or Syndrome
1241,C1263960,Diabetes with coma (disorder),MTH,A state of unconsciousness as a complication of diabetes mellitus. It occurs in cases of extreme HYPERGLYCEMIA or extreme HYPOGLYCEMIA as a complication of INSULIN therapy.,MSH,T047,Disease or Syndrome
1242,C1263961,Disorder of pancreatic internal secretion,SNOMEDCT_US,,,T047,Disease or Syndrome
1243,C1263962,Houssay's syndrome,SNOMEDCT_US,,,T047,Disease or Syndrome
1244,C1271086,Asthma suspected,SNOMEDCT_US,,,T033,Finding
1245,C1271104,Blood pressure finding,SNOMEDCT_US,A test result that reports the diastolic and systolic pressure of the blood.,NCI,T033,Finding
1246,C1271551,Aminophylline hydrate,SNOMEDCT_US,,,T109,Organic Chemical
1247,C1272079,Absent from work or school due to asthma,SNOMEDCT_US,,,T033,Finding
1248,C1272460,Not applicable,SNOMEDCT_US,A term used to indicate that information on a specific question or subject can not be provided because there is no relevance.,NCI,T080,Qualitative Concept
1249,C1272641,Systemic arterial pressure,SNOMEDCT_US,The blood pressure in the ARTERIES. It is commonly measured with a SPHYGMOMANOMETER on the upper arm which represents the arterial pressure in the BRACHIAL ARTERY.,MSH,T033,Finding
1250,C1273344,Hyperosmolar non-ketotic state due to type 2 diabetes mellitus,SNOMEDCT_US,,,T047,Disease or Syndrome
1251,C1273420,Urine screening test for diabetes,SNOMEDCT_US,,,T059,Laboratory Procedure
1252,C1273489,Asthma night-time symptoms,SNOMEDCT_US,,,T033,Finding
1253,C1273961,Diabetic pre-pregnancy education,SNOMEDCT_US,,,T065,Educational Activity
1254,C1274299,Wet gangrene of foot due to diabetes mellitus,SNOMEDCT_US,,,T047,Disease or Syndrome
1255,C1275412,High risk proliferative retinopathy without macular edema due to diabetes mellitus,SNOMEDCT_US,,,T047,Disease or Syndrome
1256,C1275413,Very severe nonproliferative retinopathy without macular edema due to diabetes mellitus,SNOMEDCT_US,,,T047,Disease or Syndrome
1257,C1275414,Non-high-risk proliferative retinopathy with no macular edema due to diabetes mellitus,SNOMEDCT_US,,,T047,Disease or Syndrome
1258,C1275415,Severe nonproliferative retinopathy without macular edema due to diabetes mellitus,SNOMEDCT_US,,,T047,Disease or Syndrome
1259,C1275499,Diabetic optic papillopathy,SNOMEDCT_US,,,T047,Disease or Syndrome
1260,C1275951,High risk proliferative retinopathy not amenable to photocoagulation due to diabetes mellitus,SNOMEDCT_US,,,T047,Disease or Syndrome
1261,C1275952,Severe nonproliferative retinopathy with clinically significant macular edema due to diabetes mellitus,SNOMEDCT_US,,,T047,Disease or Syndrome
1262,C1275953,High risk proliferative retinopathy with clinically significant macula edema due to diabetes mellitus,SNOMEDCT_US,,,T047,Disease or Syndrome
1263,C1275954,Non-high-risk proliferative retinopathy with clinically significant macular edema due to diabetes mellitus,SNOMEDCT_US,,,T047,Disease or Syndrome
1264,C1275955,Very severe nonproliferative retinopathy due to diabetes mellitus,SNOMEDCT_US,,,T047,Disease or Syndrome
1265,C1275956,Very severe nonproliferative retinopathy with clinically significant macular edema due to diabetes mellitus,SNOMEDCT_US,,,T047,Disease or Syndrome
1266,C1277275,Asthma never causes daytime symptoms,SNOMEDCT_US,,,T033,Finding
1267,C1277607,Diabetes mellitus excluded,SNOMEDCT_US,,,T033,Finding
1268,C1279304,Hypoglycemic coma due to type 1 diabetes mellitus,SNOMEDCT_US,,,T047,Disease or Syndrome
1269,C1279306,Type 1 diabetes mellitus with arthropathy,SNOMEDCT_US,,,T047,Disease or Syndrome
1270,C1279307,Neuropathic arthropathy due to type 1 diabetes mellitus,SNOMEDCT_US,,,T047,Disease or Syndrome
1271,C1279312,Hypoglycemic coma due to type 2 diabetes mellitus,SNOMEDCT_US,,,T047,Disease or Syndrome
1272,C1279313,Type 2 diabetes mellitus with peripheral angiopathy,SNOMEDCT_US,,,T047,Disease or Syndrome
1273,C1279314,Arthropathy due to type 2 diabetes mellitus,SNOMEDCT_US,,,T047,Disease or Syndrome
1274,C1279645,Xanthoma diabeticorum (disorder),MTH,,,T047,Disease or Syndrome
1275,C1281922,Diffuse exudative maculopathy due to diabetes mellitus,SNOMEDCT_US,,,T047,Disease or Syndrome
1276,C1281923,Focal exudative maculopathy due to diabetes mellitus,SNOMEDCT_US,,,T047,Disease or Syndrome
1277,C1281924,Ischemic maculopathy due to diabetes mellitus,SNOMEDCT_US,,,T047,Disease or Syndrome
1278,C1281925,Mixed maculopathy due to diabetes mellitus,SNOMEDCT_US,,,T047,Disease or Syndrome
1279,C1282941,Diabetic neuropathy with neurologic complication,SNOMEDCT_US,,,T047,Disease or Syndrome
1280,C1282951,Type 2 diabetes mellitus in nonobese,SNOMEDCT_US,,,T047,Disease or Syndrome
1281,C1286097,Endocrine observable,SNOMEDCT_US,,,T042,Organ or Tissue Function
1282,C1288255,Asthma causes night symptoms 1 to 2 times per month (finding),MTH,,,T033,Finding
1283,C1288256,Asthma causes daytime symptoms 1 to 2 times per month,SNOMEDCT_US,,,T033,Finding
1284,C1288258,Asthma causes daytime symptoms most days (finding),MTH,,,T033,Finding
1285,C1288259,Asthma limits walking on the flat,SNOMEDCT_US,,,T033,Finding
1286,C1290211,Mixed sensorimotor polyneuropathy due to diabetes mellitus,SNOMEDCT_US,,,T047,Disease or Syndrome
1287,C1290212,Motor polyneuropathy due to diabetes mellitus,SNOMEDCT_US,,,T047,Disease or Syndrome
1288,C1291230,Deficiency of 3-hydroxyacyl-CoA dehydrogenase,SNOMEDCT_US,"3-hydroxyacyl-CoA dehydrogenase deficiency is an inherited condition that prevents the body from converting certain fats to energy, particularly during prolonged periods without food (fasting).~Initial signs and symptoms of this disorder typically occur during infancy or early childhood and can include poor appetite, vomiting, diarrhea, and lack of energy (lethargy). Affected individuals can also have muscle weakness (hypotonia), liver problems, low blood glucose (hypoglycemia), and abnormally high levels of insulin (hyperinsulinism). Insulin controls the amount of glucose that moves from the blood into cells for conversion to energy. Individuals with 3-hydroxyacyl-CoA dehydrogenase deficiency are also at risk for complications such as seizures, life-threatening heart and breathing problems, coma, and sudden death. This condition may explain some cases of sudden infant death syndrome (SIDS), which is defined as unexplained death in babies younger than 1 year.~Problems related to 3-hydroxyacyl-CoA dehydrogenase deficiency can be triggered by periods of fasting or by illnesses such as viral infections. This disorder is sometimes mistaken for Reye syndrome, a severe disorder that may develop in children while they appear to be recovering from viral infections such as chicken pox or flu. Most cases of Reye syndrome are associated with the use of aspirin during these viral infections.",MEDLINEPLUS,T047,Disease or Syndrome
1289,C1291329,Deficiency of transaldolase,SNOMEDCT_US,"Transaldolase deficiency is an inborn error of the pentose phosphate pathway that presents in the neonatal or antenatal period with hydrops fetalis, hepatosplenomegaly, hepatic dysfunction, thrombocytopenia, anemia, and renal and cardiac abnormalities.",ORPHANET,T047,Disease or Syndrome
1290,C1298908,No,SNOMEDCT_US,The non-affirmative response to a question.,NCI,T033,Finding
1291,C1299613,Insulin-dependent diabetes mellitus with unspecified complications,ICD10,Evidence of type 1 diabetes mellitus with unspecified complication.,NCI,T047,Disease or Syndrome
1292,C1299614,Non-insulin-dependent diabetes mellitus with unspecified complications,ICD10,Evidence of type 2 diabetes mellitus with unspecified complications.,NCI,T047,Disease or Syndrome
1293,C1299632,Skin ulcer due to diabetes mellitus,SNOMEDCT_US,,,T047,Disease or Syndrome
1294,C1299996,Extension Namespace 1000000,SNOMEDCT_US,,,T170,Intellectual Product
1295,C1301626,Hypertension with albuminuria,SNOMEDCT_US,,,T047,Disease or Syndrome
1296,C1302691,Macular edema not clinically significant due to diabetes mellitus,SNOMEDCT_US,,,T047,Disease or Syndrome
1297,C1302692,Very severe proliferative retinopathy due to diabetes mellitus,SNOMEDCT_US,,,T047,Disease or Syndrome
1298,C1303092,Hypoglycemic attack requiring 3rd party assistance,SNOMEDCT_US,,,T033,Finding
1299,C1303167,Asthma confirmed,SNOMEDCT_US,,,T033,Finding
1300,C1306674,Diabetic intraretinal microvascular anomaly,SNOMEDCT_US,,,T047,Disease or Syndrome
1301,C1313386,human insulin glulisine,MEDCIN,,,T116,"Amino Acid, Peptide, or Protein"
1302,C1313937,Family history of diabetes mellitus,SNOMEDCT_US,,,T033,Finding
1303,C1319018,Asthmatic bronchitis,SNOMEDCT_US,,,T047,Disease or Syndrome
1304,C1319140,Diabetes self-management behavior,SNOMEDCT_US,"Personal actions to manage diabetes, its treatment, and to prevent complications",NOC,T055,Individual Behavior
1305,C1319221,Infection status: newborn,SNOMEDCT_US,Severity of signs and symptoms of infection during the first 28 days of life,NOC,T033,Finding
1306,C1319543,Disorder of right macula due to diabetes mellitus,SNOMEDCT_US,,,T047,Disease or Syndrome
1307,C1319544,Disorder of left macula due to diabetes mellitus,SNOMEDCT_US,,,T047,Disease or Syndrome
1308,C1319853,Aspirin-induced asthma,HPO,"Asthmatic adverse reaction (e.g., BRONCHOCONSTRICTION) to conventional NSAIDS including aspirin use.",MSH,T047,Disease or Syndrome
1309,C1320655,Newly diagnosed diabetes,SNOMEDCT_US,,,T047,Disease or Syndrome
1310,C1321272,Cheese-makers' asthma,SNOMEDCT_US,,,T047,Disease or Syndrome
1311,C1321982,Codeine hydrochloride,SNOMEDCT_US,,,T109,Organic Chemical
1312,C1323099,sympathomimetic disorder,MTH,,,T047,Disease or Syndrome
1313,C1328071,Methoxy polyethylene glycol-epoetin beta,SNOMEDCT_US,"A pegylated form of recombinant human erythropoietin, a glycosylated protein naturally produced in the kidney that stimulates erythrocyte production in the bone marrow. Methoxypolyethylene glycol epoetin beta may reverse anemias induced by cancer therapy. (NCI04)",NCI,T116,"Amino Acid, Peptide, or Protein"
1314,C1328778,Ineffective peripheral tissue perfusion,NANDA-I,"Decrease in blood circulation to the periphery, which may compromise health.",NANDA-I,T033,Finding
1315,C1330620,Brompheniramine Tannate,NCI,,,T109,Organic Chemical
1316,C1331034,Amphetamine aspartate monohydrate,SNOMEDCT_US,,,T109,Organic Chemical
1317,C1331203,carbinoxamine tannate,MEDCIN,,,T109,Organic Chemical
1318,C1331399,Diseases Component,ICPC2EENG,,,T047,Disease or Syndrome
1319,C1335457,Postpartum Hypertension,NCI,Maternal hypertension noted following delivery.,NCI,T033,Finding
1320,C1337137,pseudoephedrine polistirex,MEDCIN,,,T109,Organic Chemical
1321,C1369726,Evaluation and management of hypertension note:Find:Pt:{Setting}:Doc:{Role},MTH,,,T201,Clinical Attribute
1322,C1387125,"tree; allergy, asthma",ICPC2ICD10ENG,,,T047,Disease or Syndrome
1323,C1387135,"allergy; grass, asthma",ICPC2ICD10ENG,,,T047,Disease or Syndrome
1324,C1387142,"allergy; plants, asthma",ICPC2ICD10ENG,,,T047,Disease or Syndrome
1325,C1387143,"allergy; pollen, asthma",ICPC2ICD10ENG,,,T047,Disease or Syndrome
1326,C1387150,"allergy; dust, with asthma",ICPC2ICD10ENG,,,T047,Disease or Syndrome
1327,C1387164,"rhinitis; allergic, with asthma",ICPC2ICD10ENG,,,T047,Disease or Syndrome
1328,C1388869,idiosyncratic; asthma,ICPC2ICD10ENG,,,T047,Disease or Syndrome
1329,C1388870,effort; asthma,ICPC2ICD10ENG,,,T047,Disease or Syndrome
1330,C1388871,croup; asthma,ICPC2ICD10ENG,,,T047,Disease or Syndrome
1331,C1388872,nervous; asthma,ICPC2ICD10ENG,,,T047,Disease or Syndrome
1332,C1388875,rhinitis; asthma,ICPC2ICD10ENG,,,T047,Disease or Syndrome
1333,C1388876,status; asthma,ICPC2ICD10ENG,,,T047,Disease or Syndrome
1334,C1388880,dyspnea; asthmatic,ICPC2ICD10ENG,,,T047,Disease or Syndrome
1335,C1388882,"dyspnea; asthmatic, with bronchitis",ICPC2ICD10ENG,,,T047,Disease or Syndrome
1336,C1391024,"diabetes; complicating delivery, arising in pregnancy",ICPC2ICD10ENG,,,T047,Disease or Syndrome
1337,C1391330,"c.puerperium; diabetes, arising in pregnancy",ICPC2ICD10ENG,,,T047,Disease or Syndrome
1338,C1391475,"diabetes; complicating pregnancy, arising in pregnancy",ICPC2ICD10ENG,,,T047,Disease or Syndrome
1339,C1392133,"hay fever; catarrh, with asthma",ICPC2ICD10ENG,,,T047,Disease or Syndrome
1340,C1392868,hyperinsulinism; with coma,ICPC2ICD10ENG,,,T047,Disease or Syndrome
1341,C1392869,Drug-induced insulin coma in nondiabetic,SNOMEDCT_US,,,T047,Disease or Syndrome
1342,C1393628,diabetes; congenital,ICPC2ICD10ENG,,,T019,Congenital Abnormality
1343,C1395324,"diabetes; complicating puerperium, arising in pregnancy",ICPC2ICD10ENG,,,T047,Disease or Syndrome
1344,C1395330,diabetes; Lancereaux,ICPC2ICD10ENG,,,T047,Disease or Syndrome
1345,C1395341,"steroids; diabetes, correct substance properly administered",ICPC2ICD10ENG,,,T047,Disease or Syndrome
1346,C1396000,Ebstein; disease (manifestation),ICPC2ICD10ENG,,,T047,Disease or Syndrome
1347,C1396476,"hypoglycemic; coma, encephalopathy",ICPC2ICD10ENG,,,T047,Disease or Syndrome
1348,C1397887,hypoglycemia; functional,ICPC2ICD10ENG,,,T047,Disease or Syndrome
1349,C1398401,"hypoglycemia; drug, with coma (nondiabetic)",ICPC2ICD10ENG,,,T047,Disease or Syndrome
1350,C1398592,"steroids; effects, diabetes, correct substance properly administered",ICPC2ICD10ENG,,,T047,Disease or Syndrome
1351,C1398811,intracapillary; glomerulosclerosis (manifestation),ICPC2ICD10ENG,,,T047,Disease or Syndrome
1352,C1398848,Glycopenia,SNOMEDCT_US,,,T047,Disease or Syndrome
1353,C1400017,"pancreatic islet cells; hyperplasia, alpha cells, with excess glucagon",ICPC2ICD10ENG,,,T047,Disease or Syndrome
1354,C1400040,"hypersecretion; pancreas, endocrine",ICPC2ICD10ENG,,,T047,Disease or Syndrome
1355,C1400213,Iatrogenic hypoglycemia,SNOMEDCT_US,,,T046,Pathologic Function
1356,C1400214,"iatrogenic; hypoglycemia, with coma (nondiabetic)",ICPC2ICD10ENG,,,T047,Disease or Syndrome
1357,C1400215,"insulin; hypoglycemia, with coma (nondiabetic)",ICPC2ICD10ENG,,,T047,Disease or Syndrome
1358,C1403030,"lipoidica; necrobiosis, with diabetes (manifestation)",ICPC2ICD10ENG,,,T047,Disease or Syndrome
1359,C1403212,"airway; obstruction, with asthma",ICPC2ICD10ENG,,,T047,Disease or Syndrome
1360,C1404426,"myasthenia; syndrome, in diabetes mellitus (manifestation)",ICPC2ICD10ENG,,,T047,Disease or Syndrome
1361,C1405997,"reaction; hypoglycemic, due to insulin, with coma, nondiabetic",ICPC2ICD10ENG,,,T047,Disease or Syndrome
1362,C1406692,"syndrome; myasthenic, in diabetes mellitus (manifestation)",ICPC2ICD10ENG,,,T047,Disease or Syndrome
1363,C1408201,peripheral; neurophthisis (manifestation),ICPC2ICD10ENG,,,T047,Disease or Syndrome
1364,C1409084,"pancreas; C, endocrine",ICPC2ICD10ENG,,,T047,Disease or Syndrome
1365,C1411508,pregnancy; diabetes (arising in),ICPC2ICD10ENG,,,T047,Disease or Syndrome
1366,C1438411,"ADIPOQ protein, human",MTH,"Adiponectin (244 aa, ~26 kDa) is encoded by the human ADIPOQ gene. This protein is involved in the modulation of both glucose metabolism and lipid homeostasis.",NCI,T116,"Amino Acid, Peptide, or Protein"
1367,C1442959,Nutrition (function),MTH,"The processes by which an organism consumes complex materials (food, water and other nourishment) that are necessary to sustain its life processes.",NCI,T040,Organism Function
1368,C1443005,Non-proteinuric hypertension of pregnancy,SNOMEDCT_US,,,T047,Disease or Syndrome
1369,C1445421,aspergillus fumigatus allergenic extract,MEDCIN,,,T121,Pharmacologic Substance
1370,C1445424,Botrytis cinerea allergenic extract,MTH,,,T121,Pharmacologic Substance
1371,C1445426,Chaetomium globosum allergenic extract,MTH,,,T121,Pharmacologic Substance
1372,C1446288,Pan retinal photocoagulation for diabetes,SNOMEDCT_US,,,T061,Therapeutic or Preventive Procedure
1373,C1448132,"INSR protein, human",MTH,"Insulin receptor (1382 aa, ~156 kDa) is encoded by the human INSR gene. This protein plays a role in both signal transduction and glucose homeostasis.",NCI,T116,"Amino Acid, Peptide, or Protein"
1374,C1452695,"CBLB protein, human",MTH,"E3 ubiquitin-protein ligase CBL-B (982 aa, ~109 kDa) is encoded by the human CBLB gene. This protein plays a role in the ubiquitination of proteins.",NCI,T116,"Amino Acid, Peptide, or Protein"
1375,C1455664,Syndrome of infant of mother with gestational diabetes,SNOMEDCT_US,,,T047,Disease or Syndrome
1376,C1456352,hypoglycemia of infancy,CHV,,,T046,Pathologic Function
1377,C1456590,MedlinePlus Health Topics,MTH,,,T170,Intellectual Product
1378,C1456599,Lungs and Breathing,MEDLINEPLUS,,,T022,Body System
1379,C1456602,Pregnancy and Reproduction,MEDLINEPLUS,,,T040,Organism Function
1380,C1456657,Diabetic Nerve Problems,MEDLINEPLUS,"If you have diabetes, your blood glucose, or blood sugar, levels are too high. Over time, this can damage the covering on your nerves or the blood vessels that bring oxygen to your nerves. Damaged nerves may stop sending messages, or may send messages slowly or at the wrong times.  This damage is called diabetic neuropathy. Over half of people with diabetes get it. Symptoms may include: Numbness in your hands, legs, or feet Shooting pains, burning, or tingling Nausea, vomiting, constipation, or diarrhea Problems with sexual function Urinary problems Dizziness when you change positions quickly  Your doctor will diagnose diabetic neuropathy with a physical exam and nerve tests. Controlling your blood sugar can help prevent nerve problems, or keep them from getting worse. Treatment may include pain relief and other medicines. NIH: National Institute of Diabetes and Digestive and Kidney Diseases",MEDLINEPLUS,T046,Pathologic Function
1381,C1456868,Diabetic foot ulcer,SNOMEDCT_US,,,T047,Disease or Syndrome
1382,C1457887,Symptom,NCI,Subjective evidence of disease perceived by the patient.,NCI,T184,Sign or Symptom
1383,C1504532,post-transplant diabetes mellitus,MEDCIN,,,T047,Disease or Syndrome
1384,C1505031,"SLC2A4 protein, human",MTH,"Solute carrier family 2, facilitated glucose transporter member 4 (509 aa, ~55 kDa) is encoded by the human SLC2A4 gene. This protein plays a role in insulin-regulated facilitative glucose transport.",NCI,T116,"Amino Acid, Peptide, or Protein"
1385,C1508746,egg extract,MTH,,,T109,Organic Chemical
1386,C1522529,Islet Cell,NCI,A pancreatic cell that produces and secretes hormones such as insulin and glucagon.,NCI,T025,Cell
1387,C1532440,diabetic retinopathy with clinically significant macular edema in left eye,MEDCIN,,,T047,Disease or Syndrome
1388,C1532602,diabetic retinopathy with clinically significant macular edema in right eye,MEDCIN,,,T047,Disease or Syndrome
1389,C1533587,Hydroxymethylglutaric aciduria,SNOMEDCT_US,"3-hydroxy-3-methylglutaryl-CoA lyase deficiency (also known as HMG-CoA lyase deficiency) is an uncommon inherited disorder in which the body cannot process a particular protein building block (amino acid) called leucine. Additionally, the disorder prevents the body from making ketones, which are compounds that are used for energy during periods without food (fasting).~The signs and symptoms of HMG-CoA lyase deficiency usually appear within the first year of life. The condition causes episodes of vomiting, diarrhea, dehydration, extreme tiredness (lethargy), and weak muscle tone (hypotonia). During an episode, blood sugar (glucose) levels can become dangerously low (hypoglycemia), and a buildup of harmful compounds can cause the blood to become too acidic (metabolic acidosis). If untreated, the disorder can lead to breathing problems, convulsions, coma, and death. Episodes are often triggered by an infection, fasting, strenuous exercise, or other types of stress.~HMG-CoA lyase deficiency is sometimes mistaken for Reye syndrome, a severe disorder that develops in children while they appear to be recovering from viral infections such as chicken pox or flu. Most cases of Reye syndrome are associated with the use of aspirin during these viral infections.",MEDLINEPLUS,T047,Disease or Syndrome
1390,C1562166,Family history of diabetes mellitus in first degree relative,SNOMEDCT_US,,,T033,Finding
1391,C1563268,Hypertension suspected,SNOMEDCT_US,,,T033,Finding
1392,C1565750,Sitagliptin,SNOMEDCT_US,"An orally available, competitive, beta-amino acid-derived inhibitor of dipeptidyl peptidase 4 (DDP-4) with hypoglycemic activity. Sitagliptin may cause an increased risk in the development of pancreatitis.",NCI,T109,Organic Chemical
1393,C1577018,cyclosporine microemulsion,RXNORM,,,T116,"Amino Acid, Peptide, or Protein"
1394,C1579393,Formoterol fumarate dihydrate,SNOMEDCT_US,,,T109,Organic Chemical
1395,C1601983,amphetamine saccharate,MTH,,,T109,Organic Chemical
1396,C1611934,Saxagliptin,SNOMEDCT_US,"A potent, selective and competitive, cyanopyrrolidine-based, orally bioavailable inhibitor of dipeptidyl peptidase 4 (DPP-4), with hypoglycemic activity. Saxagliptin is metabolized into an, although less potent, active mono-hydroxy metabolite.",NCI,T109,Organic Chemical
1397,C1614540,Amosulalol Hydrochloride,NCI,,,T109,Organic Chemical
1398,C1632372,Event description.adverse event:Find:Pt:^Patient:Nom:Observed.MERSTH,LNC,,,T201,Clinical Attribute
1399,C1642836,Infection of foot due to diabetes mellitus,SNOMEDCT_US,,,T046,Pathologic Function
1400,C1646276,flunisolide anhydrous,MSH,,,T109,Organic Chemical
1401,C1654782,hydrocodone tannate,RXNORM,,,T109,Organic Chemical
1402,C1657537,dextrose hydrous,MTH,,,T109,Organic Chemical
1403,C1658209,Dexamethasone Acetate Anhydrous,NCI,,,T109,Organic Chemical
1404,C1659987,How to Prevent Diabetes,MEDLINEPLUS,"What is diabetes? Diabetes, also called diabetes mellitus, is a disease that causes your blood glucose, or blood sugar, levels to be too high. There are three types of diabetes: type 1 diabetes, gestational diabetes, and type 2 diabetes. Type 2 diabetes is the most common type and may be prevented, delayed, or managed by making lifestyle changes. What is type 2 diabetes? If you have type 2 diabetes, your body doesn't make enough insulin or doesn't use it well. This is called insulin resistance. Insulin is a hormone that helps glucose get into your cells. Glucose is your cells' main source of energy and comes from the foods you eat. If your body is resistant to insulin, then insulin can't get enough glucose into your cells. This then leads to glucose staying in your blood, leading to high blood glucose levels. Over time, having too much glucose in your blood can cause health problems. If you are at risk for type 2 diabetes, you might be able to prevent or delay developing it. Who is at risk for type 2 diabetes? Many people are at risk for type 2 diabetes. Your chances of getting it depend on a combination of risk factors such as your genes and lifestyle. The risk factors include:  Having prediabetes, which means you have blood glucose levels that are high for you, but not high enough to be called diabetes Being overweight or having obesity Being age 35 or older A family history of diabetes Being African American, Alaska Native, American Indian, Asian American, Hispanic/Latino, Native Hawaiian, or Pacific Islander Having high blood pressure Having a low level of HDL (good) cholesterol or a high level of triglycerides A history of diabetes in pregnancy Having given birth to a baby weighing 9 pounds or more An inactive lifestyle A history of heart disease or stroke Having depression Having polycystic ovary syndrome (PCOS) Having acanthosis nigricans, a skin condition in which your skin becomes dark and thick, especially around your neck or armpits Smoking  How can I prevent or delay getting type 2 diabetes? Most of the things that you need to do to prevent or delay getting type 2 diabetes involve having a healthier lifestyle. Lifestyle changes include:  Lose weight. Weight control is an important part of diabetes prevention. You may be able to prevent or delay diabetes by losing 5 to 7% of your current weight. For example, if you weigh 200 pounds, your goal would be to lose between 10 to 14 pounds. And once you lose the weight, it is important that you don't gain it back. Follow a healthy eating plan. It is important to reduce the amount of calories you eat and drink each day, so you can lose weight and keep it off. To do that, your diet should include smaller portions and less fat and sugar. You should also eat a variety of foods from each food group, including plenty of whole grains, fruits, and vegetables. It's also a good idea to limit red meat and avoid processed meats. Get regular exercise. Being physically active has many health benefits, including helping you to lose weight and lower your blood glucose levels. These both lower your risk of type 2 diabetes. Try to get at least 30 minutes of physical activity on most days of the week. The amount of exercise you need depends on your age and health. Even small amounts of exercise can be helpful. If you have not been active, talk with your health care provider to figure out which types of exercise are best for you. You can start slowly and work up to your goal. Don't smoke. Smoking can contribute to insulin resistance, which can lead to type 2 diabetes. If you already smoke, try to quit. Talk to your provider to see whether there is anything else you can do to delay or to prevent type 2 diabetes. If you are at high risk, your provider may suggest that you take one of a few types of diabetes medicines.  If you make these changes, you will get other health benefits as well. You may lower your risk of other diseases, and you will probably feel better and have more energy. NIH: National Institute of Diabetes and Digestive and Kidney Diseases",MEDLINEPLUS,T061,Therapeutic or Preventive Procedure
1405,C1667080,Sitagliptin phosphate,SNOMEDCT_US,"The phosphate salt form of sitagliptin, an orally available, competitive, beta-amino acid-derived inhibitor of dipeptidyl peptidase 4 (DDP-4) with hypoglycemic activity. Sitagliptin may cause an increased risk in the development of pancreatitis.",NCI,T109,Organic Chemical
1406,C1679754,Asthma education,SNOMEDCT_US,,,T058,Health Care Activity
1407,C1684791,Hypoglycemia education,SNOMEDCT_US,,,T058,Health Care Activity
1408,C1702088,"IL5 protein, human",MTH,"Interleukin-5 (134 aa, ~15 kDa) is encoded by the human IL5 gene. This protein plays a role in the growth and differentiation of both B-cells and eosinophils.",NCI,T116,"Amino Acid, Peptide, or Protein"
1409,C1705108,Yes (indicator),MTH,The affirmative response to a question.,NCI,T033,Finding
1410,C1706009,Hypertensive optic neuropathy,SNOMEDCT_US,,,T047,Disease or Syndrome
1411,C1706010,Hypertensive choroidopathy,SNOMEDCT_US,,,T047,Disease or Syndrome
1412,C1716496,Asthma:Find:Pt:^Patient:Ord:MDS,LNC,,,T201,Clinical Attribute
1413,C1716742,Diabetes mellitus:Find:Pt:^Patient:Ord:MDS,LNC,,,T201,Clinical Attribute
1414,C1717373,Insulin dependent diabetes mellitus:PrThr:Pt:^Patient:Ord,LNC,,,T201,Clinical Attribute
1415,C1717437,Hypertension:Find:Pt:^Patient:Ord:MDS,LNC,,,T201,Clinical Attribute
1416,C1719469,Hypertensive heart and chronic kidney disease,SNOMEDCT_US,,,T047,Disease or Syndrome
1417,C1719759,Renal disorder due to type 1 diabetes mellitus,SNOMEDCT_US,,,T047,Disease or Syndrome
1418,C1719760,Peripheral vascular disorder due to diabetes mellitus,SNOMEDCT_US,,,T047,Disease or Syndrome
1419,C1719769,Exudative maculopathy due to type 1 diabetes mellitus,SNOMEDCT_US,,,T047,Disease or Syndrome
1420,C1719771,pregnancy complicated by diabetes mellitus White's classification H,MEDCIN,,,T047,Disease or Syndrome
1421,C1719783,Persistent proteinuria due to type 1 diabetes mellitus,SNOMEDCT_US,,,T047,Disease or Syndrome
1422,C1719807,Cataract due to diabetes mellitus type 1,SNOMEDCT_US,,,T047,Disease or Syndrome
1423,C1719853,pregnancy complicated by diabetes mellitus White's classification F,MEDCIN,,,T047,Disease or Syndrome
1424,C1719878,Non-ketotic non-hyperosmolar coma due to diabetes mellitus,SNOMEDCT_US,,,T047,Disease or Syndrome
1425,C1719887,Persistent proteinuria due to type 2 diabetes mellitus,SNOMEDCT_US,,,T047,Disease or Syndrome
1426,C1719929,Persistent microalbuminuria due to type 1 diabetes mellitus,SNOMEDCT_US,,,T047,Disease or Syndrome
1427,C1719939,Disorder due to type 2 diabetes mellitus,SNOMEDCT_US,,,T047,Disease or Syndrome
1428,C1719950,Retinopathy due to type 2 diabetes mellitus,SNOMEDCT_US,,,T047,Disease or Syndrome
1429,C1719988,Disorder of nervous system due to type 2 diabetes mellitus,SNOMEDCT_US,,,T047,Disease or Syndrome
1430,C1720056,Peripheral circulatory disorder due to type 1 diabetes mellitus,SNOMEDCT_US,,,T047,Disease or Syndrome
1431,C1720070,pregnancy complicated by diabetes mellitus - White's classification C,MEDCIN,,,T047,Disease or Syndrome
1432,C1720078,Disorder of nervous system due to diabetes mellitus,SNOMEDCT_US,,,T047,Disease or Syndrome
1433,C1720102,Persistent microalbuminuria due to type 2 diabetes mellitus,SNOMEDCT_US,,,T047,Disease or Syndrome
1434,C1720116,pregnancy complicated by diabetes mellitus White's classification T,MEDCIN,,,T047,Disease or Syndrome
1435,C1720143,Hyperosmolar coma due to diabetes mellitus,SNOMEDCT_US,,,T047,Disease or Syndrome
1436,C1720161,pregnancy complicated by diabetes mellitus - White's classification B,MEDCIN,,,T047,Disease or Syndrome
1437,C1720165,Peripheral circulatory disorder due to type 2 diabetes mellitus,SNOMEDCT_US,,,T047,Disease or Syndrome
1438,C1720171,Cataract due to diabetes mellitus type 2,SNOMEDCT_US,,,T047,Disease or Syndrome
1439,C1720184,pregnancy complicated by diabetes mellitus - White's classification D,MEDCIN,,,T047,Disease or Syndrome
1440,C1720194,Disorder of nervous system due to type 1 diabetes mellitus,SNOMEDCT_US,,,T047,Disease or Syndrome
1441,C1720223,Retinopathy due to type 1 diabetes mellitus,SNOMEDCT_US,,,T047,Disease or Syndrome
1442,C1720297,Disorder due to type 1 diabetes mellitus,SNOMEDCT_US,,,T047,Disease or Syndrome
1443,C1720409,Mononeuropathy due to type 1 diabetes mellitus,SNOMEDCT_US,,,T047,Disease or Syndrome
1444,C1720457,Renal disorder due to type 2 diabetes mellitus,SNOMEDCT_US,,,T047,Disease or Syndrome
1445,C1720487,pregnancy complicated by diabetes mellitus White's classification R,MEDCIN,,,T047,Disease or Syndrome
1446,C1720567,Hypoglycemic coma due to diabetes mellitus,SNOMEDCT_US,,,T047,Disease or Syndrome
1447,C1720598,Ketoacidotic coma due to type 1 diabetes mellitus,SNOMEDCT_US,,,T047,Disease or Syndrome
1448,C1720626,Exudative maculopathy due to type 2 diabetes mellitus,SNOMEDCT_US,,,T047,Disease or Syndrome
1449,C1720648,Mononeuropathy due to type 2 diabetes mellitus,SNOMEDCT_US,,,T047,Disease or Syndrome
1450,C1720734,Ketoacidotic coma due to type 2 diabetes mellitus,SNOMEDCT_US,,,T047,Disease or Syndrome
1451,C1720859,"Lipodystrophy, Familial Partial, Type 1",OMIM,"Familial partial lipodystrophy, KÃ¶bberling type, is a very rare form of familial partial lipodystrophy (FPLD) of unknown etiology characterized by lipoatrophy that is confined to the limbs and a normal or increased fat distribution of the face, neck, and trunk. Arterial hypertension and diabetes have also been associated. Inheritance is thought to be autosomal dominant.",ORPHANET,T047,Disease or Syndrome
1452,C1720860,Familial Partial Lipodystrophy Type 2,NCI,An autosomal dominant sub-type of familial partial lipodystrophy caused by mutation(s) in the LMNA gene encoding prelamin-A/C.,NCI,T047,Disease or Syndrome
1453,C1720861,"Lipodystrophy, Familial Partial, Type 3",OMIM,This type can be caused by mutation in the gene encoding PEROXISOME PROLIFERATOR-ACTIVATED RECEPTOR GAMMA.,MSH,T047,Disease or Syndrome
1454,C1721339,Bremelanotide,SNOMEDCT_US,,,T116,"Amino Acid, Peptide, or Protein"
1455,C1722260,Indacaterol,SNOMEDCT_US,,,T109,Organic Chemical
1456,C1725449,Perindopril arginine,SNOMEDCT_US,,,T109,Organic Chemical
1457,C1735337,Asthma prophylaxis,MDR,,,T061,Therapeutic or Preventive Procedure
1458,C1739108,Latent autoimmune diabetes in adults,MDR,Autoimmune diabetes in adults with slowly progressive PANCREATIC BETA CELL failure and the presence of circulating autoantibodies to PANCREATIC ISLETS cell antigens.,MSH,T047,Disease or Syndrome
1459,C1740754,Intermittent asthma,SNOMEDCT_US,,,T047,Disease or Syndrome
1460,C1744704,Unspecified diabetes mellitus with ophthalmic complications,ICD10,,,T047,Disease or Syndrome
1461,C1744706,Intolerance to substance,SNOMEDCT_US,An individual has an inability to process a substance without adverse effects.,NCI,T033,Finding
1462,C1801960,Vascular,NCI,Relating to or containing blood vessels.,NCI,T080,Qualitative Concept
1463,C1802373,Diabetes mellitus (incl subtypes),MDR,,,T047,Disease or Syndrome
1464,C1802750,Oil of garlic,SNOMEDCT_US,"The oil extracted from the cloves of Allium sativum. Garlic oil is used as a flavoring and is also reported to treat high blood pressure, high cholesterol, and diseases of the circulatory system.",NCI,T109,Organic Chemical
1465,C1809475,Herrmann syndrome,SNOMEDCT_US,,,T047,Disease or Syndrome
1466,C1814684,Arformoterol tartrate,SNOMEDCT_US,"The tartrate salt of arformoterol, the (R,R)-enantiomer of formoterol and a long-acting beta-2 adrenergic agonist with bronchodilator activity. Arformoterol selectively binds to and activates beta-2 adrenergic receptors in bronchiolar smooth muscle, thereby causing stimulation of adenyl cyclase, the enzyme that catalyzes the conversion of adenosine triphosphate (ATP) to cyclic-3',5'-adenosine monophosphate (cAMP). Increased intracellular cAMP levels cause relaxation of bronchial smooth muscle and lead to an inhibition of release of inflammatory mediators from mast cells. This may eventually lead to an improvement of airway function.",NCI,T109,Organic Chemical
1467,C1815010,Carvedilol phosphate,SNOMEDCT_US,"The phosphate salt form of carvedilol, a racemic mixture and adrenergic blocking agent with antihypertensive activity and devoid of intrinsic sympathomimetic activity. The S enantiomer of carvedilol nonselectively binds to and blocks beta-adrenergic receptors, thereby exerting negative inotropic and chronotropic effects, and leading to a reduction in cardiac output. In addition, both enantiomers of carvedilol bind to and block alpha 1-adrenergic receptors, thereby causing vasodilation and reducing peripheral vascular resistance.",NCI,T109,Organic Chemical
1468,C1828277,substance-induced asthma,MEDCIN,,,T047,Disease or Syndrome
1469,C1829703,Carnitine palmitoyl transferase 1A deficiency,ORPHANET,"Carnitine palmitoyltransferase I (CPT I) deficiency is a condition that prevents the body from using certain fats for energy.~The signs and symptoms of CPT I deficiency are often brought on by episodes of increased energy demands in the body such as illness or periods of fasting. During these times, affected individuals usually develop low levels of glucose in the blood and a low level of ketones, which are normally produced when fats are broken down to be used for energy. Together, these signs are called hypoketotic hypoglycemia. This may cause individuals to experience confusion, seizures, or a lack of energy (lethargy).~People with CPT I deficiency can also develop an enlarged liver (hepatomegaly) that is not able to remove toxins from the blood efficiently. These toxins build up and can affect brain function (hepatic encephalopathy). As long as no brain damage occurs during these episodes of hepatic encephalopathy, individuals with CPT I deficiency often have normal development.~Health can decline quickly in people with CPT I deficiency. Affected individuals are encouraged to avoid prolonged fasting to prevent serious health problems. Individuals with CPT I deficiency are at risk for nervous system damage, liver failure, coma, and sudden death. These problems can begin any time between infancy to adulthood, though some individuals experience no health problems at all.~CPT I deficiency is often detected shortly after birth by newborn screening, which identifies abnormal levels of certain compounds in the blood. People with CPT I deficiency have high levels of a compound called carnitine. Cells use carnitine, a natural substance that is acquired mostly through the diet, to process fats and produce energy.",MEDLINEPLUS,T047,Disease or Syndrome
1470,C1832386,"Diabetes mellitus, transient neonatal 1",SNOMEDCT_US,"6q24-related transient neonatal diabetes mellitus is a type of diabetes that occurs in infants. This form of diabetes is characterized by high blood sugar levels (hyperglycemia) resulting from a shortage of the hormone insulin. Insulin controls how much glucose (a type of sugar) is passed from the blood into cells for conversion to energy.~People with 6q24-related transient neonatal diabetes mellitus experience very slow growth before birth (severe intrauterine growth retardation). Affected infants have hyperglycemia and an excessive loss of fluids (dehydration), usually beginning in the first week of life. Signs and symptoms of this form of diabetes are transient, which means that they gradually lessen over time and generally disappear between the ages of 3 months and 18 months. Diabetes may recur, however, especially during childhood illnesses or pregnancy. Up to half of individuals with 6q24-related transient neonatal diabetes mellitus develop permanent diabetes mellitus later in life.~Other features of 6q24-related transient neonatal diabetes mellitus that occur in some affected individuals include an unusually large tongue (macroglossia); a soft out-pouching around the belly-button (an umbilical hernia); malformations of the brain, heart, or kidneys; weak muscle tone (hypotonia); deafness; and developmental delay.",MEDLINEPLUS,T047,Disease or Syndrome
1471,C1832387,"Diabetes Mellitus, Noninsulin-Dependent, 2",MTH,,,T047,Disease or Syndrome
1472,C1832392,"Diabetes Mellitus, Insulin-Dependent, 12",MTH,,,T047,Disease or Syndrome
1473,C1832443,Martinez-Frias Syndrome,OMIM,,,T047,Disease or Syndrome
1474,C1832474,"Diabetes Mellitus, Insulin-Dependent, 13",MTH,,,T047,Disease or Syndrome
1475,C1832544,"Diabetes Mellitus, Noninsulin-Dependent, 1",MTH,,,T047,Disease or Syndrome
1476,C1832605,"Diabetes Mellitus, Insulin-Dependent, 11",MTH,,,T047,Disease or Syndrome
1477,C1832916,Timothy syndrome,SNOMEDCT_US,"Timothy syndrome is a rare disorder that primarily affects the heart but can affect many other areas of the body. The severity of this condition varies among affected individuals, although it is often life-threatening.~Timothy syndrome is characterized by a heart condition called long QT syndrome, which causes the heart (cardiac) muscle to take longer than usual to recharge between beats. This abnormality in the heart's electrical system can cause severe abnormalities of the heart rhythm (arrhythmias), which can lead to sudden death. Some people with Timothy syndrome are also born with structural heart defects (cardiomyopathy) that affect the heart's ability to pump blood effectively.~As a result of these serious heart problems, some people with Timothy syndrome live only into childhood. In about 80 percent of cases of Timothy syndrome, the cause of death is a severe form of arrhythmia called ventricular tachycardia, in which the lower chambers of the heart (the ventricles) beat abnormally fast, often leading to cardiac arrest (the heart suddenly stops beating) and sudden death.~Timothy syndrome is also characterized by webbing or fusion of the skin between some fingers or toes (cutaneous syndactyly). About half of affected people have distinctive facial features such as a flattened nasal bridge, low-set ears, a small upper jaw, and a thin upper lip. Children with this condition have small, misplaced teeth and frequent cavities (dental caries). Additional signs and symptoms of Timothy syndrome can include baldness at birth, low muscle tone (hypotonia), frequent infections, episodes of low blood glucose (hypoglycemia), and an abnormally low body temperature (hypothermia). The respiratory system and gastrointestinal tract can also be affected.~Neuropsychiatric features are also common in individuals with Timothy syndrome. Researchers have found that many children with Timothy syndrome have the characteristic features of autism spectrum disorders. Affected children tend to have impaired communication and socialization skills, as well as delayed development of speech and language. Poor coordination is also frequent in affected individuals. Other nervous system disorders that can occur in Timothy syndrome include attention-deficit/hyperactivity disorder, intellectual disability and recurrent seizures (epilepsy); some affected individuals have photosensitive epilepsy, in which seizures are triggered by flashing lights.",MEDLINEPLUS,T047,Disease or Syndrome
1478,C1833102,"Diabetes Mellitus, Permanent Neonatal, With Neurologic Features",MTH,,,T047,Disease or Syndrome
1479,C1833104,Permanent neonatal diabetes mellitus,SNOMEDCT_US,"Permanent neonatal diabetes mellitus is a type of diabetes that first appears within the first 6 months of life and persists throughout the lifespan. This form of diabetes is characterized by high blood sugar levels (hyperglycemia) resulting from a shortage of the hormone insulin. Insulin controls how much glucose (a type of sugar) is passed from the blood into cells for conversion to energy.~Individuals with permanent neonatal diabetes mellitus experience slow growth before birth (intrauterine growth retardation). Affected infants have hyperglycemia and an excessive loss of fluids (dehydration) and are unable to gain weight and grow at the expected rate (failure to thrive).~In some cases, people with permanent neonatal diabetes mellitus also have certain neurological problems, including developmental delay and recurrent seizures (epilepsy). This combination of developmental delay, epilepsy, and neonatal diabetes is called DEND syndrome. Intermediate DEND syndrome is a similar combination but with milder developmental delay and without epilepsy.~A small number of individuals with permanent neonatal diabetes mellitus have an underdeveloped pancreas. Because the pancreas produces digestive enzymes as well as secreting insulin and other hormones, affected individuals experience digestive problems such as fatty stools and an inability to absorb fat-soluble vitamins.",MEDLINEPLUS,T047,Disease or Syndrome
1480,C1833218,"Diabetes Mellitus, Insulin-Dependent, 8",MTH,,,T047,Disease or Syndrome
1481,C1833382,"Maturity-onset diabetes of the young, type 4",SNOMEDCT_US,"Monogenic diabetes caused by inactivating mutation(s) in the PDX1 gene, encoding pancreas/duodenum homeobox protein 1. Homozygous PDX1 mutations result in permanent neonatal diabetes.",NCI,T047,Disease or Syndrome
1482,C1833511,"Carnitine Palmitoyltransferase Ii Deficiency, Infantile",OMIM,"The severe infantile form of carnitine palmitoyltransferase II (CPT II) deficiency, an inherited disorder that affects mitochondrial oxidation of long chain fatty acids (LCFA), is the early-onset form of the disease.",ORPHANET,T047,Disease or Syndrome
1483,C1833688,"Osteochondrodysplasia, Rhizomelic, With Callosal Agenesis, Thrombocytopenia, Hydrocephalus, And Hypertension",OMIM,,,T047,Disease or Syndrome
1484,C1834155,Hypertension resistant to conventional therapy,HPO,"Resistant hypertension is defined as above-goal elevated blood pressure in a patient despite the concurrent use of 3 antihypertensive drug classes, commonly including a long-acting calcium channel blocker, a blocker of the renin-angiotensin system (angiotensin-converting enzyme inhibitor or angiotensin receptor blocker), and a diuretic. [PMID:30354828]",HPO,T047,Disease or Syndrome
1485,C1835887,"Diabetes mellitus, transient neonatal 2",SNOMEDCT_US,,,T047,Disease or Syndrome
1486,C1835888,"Diarrhea 4, Malabsorptive, Congenital",MSH,"Near absence of small intestinal and colonic endocrine cells. This feature can be ascertained histopathologically and may also be manifested as a lack of staining for enteroendocrive markers such as synaptophysin. [PMID:16855267, PMID:39346060]",HPO,T047,Disease or Syndrome
1487,C1836439,"Progressive External Ophthalmoplegia With Mitochondrial Dna Deletions, Autosomal Dominant 3",OMIM,,,T047,Disease or Syndrome
1488,C1836621,Glucocorticoid Deficiency 3,OMIM,A variant of familial glucocorticoid deficiency caused by a defect in the steroidogenic acute regulatory protein; it may mimic lipoid congenital adrenal hyperplasia.,NCI,T047,Disease or Syndrome
1489,C1836780,Pancreatic And Cerebellar Agenesis,OMIM,"A rare neurologic disease characterized by neonatal diabetes mellitus associated with cerebellar and/or pancreatic agenesis. Absence or hypoplasia of the cerebellum and severe intra-uterine growth retardation can be detected prenatally. Patients also present with facial dysmorphism (a triangular face, small chin, low set ears), flexion contractures of the arms and legs, very little subcutaneous fat, and optic nerve hypoplasia. The disease is lethal in the neonatal period.",ORPHANET,T047,Disease or Syndrome
1490,C1837739,"Hypertension, Diastolic, Resistance To",OMIM,,,T047,Disease or Syndrome
1491,C1837756,Mandibuloacral dysplasia with type B lipodystrophy,SNOMEDCT_US,,,T047,Disease or Syndrome
1492,C1838100,"Maturity-Onset Diabetes Of The Young, Type 3 (Disorder)",MTH,"Monogenic diabetes caused by inactivating mutation(s) in the gene HNF1A, encoding hepatocyte nuclear factor 1-alpha.",NCI,T047,Disease or Syndrome
1493,C1838259,"Diabetes Mellitus, Insulin-Dependent, 7",MTH,,,T047,Disease or Syndrome
1494,C1838260,"Diabetes Mellitus, Insulin-Dependent, 5",MTH,,,T047,Disease or Syndrome
1495,C1838261,"Diabetes Mellitus, Insulin-Dependent, 4",MTH,,,T047,Disease or Syndrome
1496,C1838262,"Diabetes Mellitus, Insulin-Dependent, 3",MTH,,,T047,Disease or Syndrome
1497,C1838655,Pancreatic Beta Cell Agenesis With Neonatal Diabetes Mellitus,OMIM,,,T047,Disease or Syndrome
1498,C1838782,"Wolfram Syndrome, Mitochondrial Form",OMIM,,,T047,Disease or Syndrome
1499,C1839021,"Hypomagnesemia, Hypertension, And Hypercholesterolemia, Mitochondrial",OMIM,,,T047,Disease or Syndrome
1500,C1839028,Mitochondrial Myopathy With Diabetes,OMIM,,,T047,Disease or Syndrome
1501,C1840390,"Pseudohypoaldosteronism, Type Iib",OMIM,,,T047,Disease or Syndrome
1502,C1840391,"Pseudohypoaldosteronism, Type Iic",OMIM,,,T047,Disease or Syndrome
1503,C1841972,Glucocorticoid Receptor Deficiency,MTH,"An autosomal dominant condition due to mutation(s) in the NR3C1 gene, encoding the glucocorticoid receptor, resulting in decreased receptor affinity to glucocorticoids. Compensatory activation of the hypothalamic- pituitary-adrenal (HPA) axis results in increased mineralocorticoid and androgen production; clinical manifestations of glucocorticoid deficiency are rare.",NCI,T047,Disease or Syndrome
1504,C1842404,Insulin-dependent but ketosis-resistant diabetes,HPO,Ketosis-resistant diabetes is a synonym for type II diabetes. This term thus refers to a form of type II diabetes in which patients are dependent on insulin. [https://orcid.org/0000-0002-0736-9199],HPO,T033,Finding
1505,C1842642,"Diabetes Mellitus, Noninsulin-Dependent, Type 4",MSH,,,T047,Disease or Syndrome
1506,C1846278,MEHMO syndrome,SNOMEDCT_US,"Síndrome caracterizado por déficit intelectual severo, epilepsia, microcefalia, hipogenitalismo y obesidad. También se observan retraso del crecimiento y diabetes. Hasta la fecha se ha descrito en siete varones, todos fallecidos en los dos primeros años de vida. El gen causal se localizó en la región 21.1-22.13p del cromosoma X y el síndrome sería el resultado de una disfunción mitocrondrial.",SCTSPA,T047,Disease or Syndrome
1507,C1846288,Recurrent hypoglycemia,SNOMEDCT_US,Recurrent episodes of decreased concentration of glucose in the blood. [HPO_CONTRIBUTOR:gcarletti],HPO,T047,Disease or Syndrome
1508,C1846545,Autoimmune Lymphoproliferative Syndrome Type 2B,MTH,Autoimmune lymphoproliferative syndrome due to mutations in CASPASE 8 gene.,MSH,T047,Disease or Syndrome
1509,C1847555,"Hyperinsulinemic Hypoglycemia, Familial, 6",OMIM,"Hyperinsulinism due to activating mutation(s) in the GLUD1 gene, encoding glutamate dehydrogenase 1. This condition is characterized by protein induced hypoglycemia and hyperammonemia, which is presumed to be due to increased ammonia production in the kidney.",NCI,T047,Disease or Syndrome
1510,C1847866,Homozygous 11P15-P14 Deletion Syndrome,OMIM,,,T047,Disease or Syndrome
1511,C1849157,"Insulin-Like Growth Factor I, Resistance To",OMIM,Tissue unresponsiveness to insulin-like growth factor-I.,NCI,T047,Disease or Syndrome
1512,C1849438,Renal Dysplasia-Limb Defects Syndrome,OMIM,"Ulbright-Hodes syndrome is characterised by renal dysplasia, growth retardation, phocomelia or mesomelia, radiohumeral fusion, rib abnormalities, anomalies of the external genitalia and a Potter-like facies. The syndrome has been described in three infants (one pair of siblings and an unrelated case), all of whom died shortly after birth from respiratory distress resulting from pulmonary hypoplasia and oligohydramnios caused by renal dysplasia. The mode of transmission appears to be autosomal recessive.",SNOMEDCT_US,T047,Disease or Syndrome
1513,C1850406,Navajo neurohepatopathy,SNOMEDCT_US,"MPV17-related hepatocerebral mitochondrial DNA depletion syndrome is an inherited disorder that can cause liver disease and neurological problems. The signs and symptoms of this condition begin in infancy and typically include vomiting, diarrhea, and an inability to grow or gain weight at the expected rate (failure to thrive). Many affected infants have a buildup of a chemical called lactic acid in the body (lactic acidosis) and low blood glucose (hypoglycemia). Within the first weeks of life, infants develop liver disease that quickly progresses to liver failure. The liver is frequently enlarged (hepatomegaly) and liver cells often have a reduced ability to release a digestive fluid called bile (cholestasis). Rarely, affected children develop liver cancer. After the onset of liver disease, many affected infants develop neurological problems, which can include developmental delay, weak muscle tone (hypotonia), and reduced sensation in the limbs (peripheral neuropathy). Individuals with MPV17-related hepatocerebral mitochondrial DNA depletion syndrome typically survive only into infancy or early childhood.~MPV17-related hepatocerebral mitochondrial DNA depletion syndrome is most frequently seen in the Navajo population of the southwestern United States. In this population, the condition is known as Navajo neurohepatopathy. People with Navajo neurohepatopathy tend to have a longer life expectancy than those with MPV17-related hepatocerebral mitochondrial DNA depletion syndrome. In addition to the signs and symptoms described above, people with Navajo neurohepatopathy may have problems with sensing pain that can lead to painless bone fractures and self-mutilation of the fingers or toes. Individuals with Navajo neurohepatopathy may lack feeling in the clear front covering of the eye (corneal anesthesia), which can lead to open sores and scarring on the cornea, resulting in impaired vision. The cause of these additional features is unknown.",MEDLINEPLUS,T047,Disease or Syndrome
1514,C1852092,"Diabetes Mellitus, Insulin-Dependent, 2",MTH,,,T047,Disease or Syndrome
1515,C1852093,"Maturity onset diabetes of the young, type 1",SNOMEDCT_US,"Monogenic diabetes caused by inactivating mutation(s) in the gene HNF4A, encoding hepatocyte nuclear factor 4-alpha.",NCI,T047,Disease or Syndrome
1516,C1852529,Corticosteroid-binding globulin deficiency,SNOMEDCT_US,"Corticosteroid-binding globulin deficiency is a condition with subtle signs and symptoms, the most frequent being extreme tiredness (fatigue), especially after physical exertion. Many people with this condition have unusually low blood pressure (hypotension). Some affected individuals have a fatty liver or experience chronic pain, particularly in their muscles. These features vary among affected individuals, even those within the same family.~Many people with corticosteroid-binding globulin deficiency have only one or two of these features; others have no signs and symptoms of the disorder and are only diagnosed after a relative is found to be affected.~Some people with corticosteroid-binding globulin deficiency also have a condition called myalgic encephalomyelitis/chronic fatigue syndrome (ME/CFS). The features of ME/CFS are prolonged fatigue that interferes with daily activities, as well as general symptoms, such as sore throat or headaches.",MEDLINEPLUS,T047,Disease or Syndrome
1517,C1853129,Laboratory Abnormalities,OMIM,,,T034,Laboratory or Test Result
1518,C1853136,Neutral lipid storage disease with myopathy,SNOMEDCT_US,"Neutral lipid storage disease with myopathy is a condition in which fats (lipids) are stored abnormally in organs and tissues throughout the body. People with this condition have muscle weakness (myopathy) due to the accumulation of fats in muscle tissue. Other features of this condition may include a fatty liver, a weakened and enlarged heart (cardiomyopathy), inflammation of the pancreas (pancreatitis), reduced thyroid activity (hypothyroidism), and type 2 diabetes (the most common form of diabetes). Signs and symptoms of neutral lipid storage disease with myopathy vary greatly among affected individuals.",MEDLINEPLUS,T047,Disease or Syndrome
1519,C1853297,"Maturity-Onset Diabetes Of The Young, Type 8, With Exocrine Dysfunction",OMIM,,,T047,Disease or Syndrome
1520,C1853371,"Maturity-Onset Diabetes Of The Young, Type 6 (Disorder)",MTH,"Monogenic diabetes caused by inactivating mutation(s) in the gene NEUROD1, encoding neurogenic differentiation 1. In addition to diabetes, this condition may be associated with neurogenic anomalies. Homozygous NEUROD1 mutations result in permanent neonatal diabetes.",NCI,T047,Disease or Syndrome
1521,C1853392,"Interleukin 2 Receptor, Alpha, Deficiency of",MTH,,,T047,Disease or Syndrome
1522,C1853564,"Developmental Delay, Epilepsy, and Neonatal Diabetes",MSH,,,T047,Disease or Syndrome
1523,C1853733,Hemochromatosis type 4,SNOMEDCT_US,"Un trastorno poco frecuente del metabolismo y transporte del hierro que se caracteriza por acumulación de hierro en los macrófagos (particularmente del hígado y del bazo), con un cuadro clínico de anemia leve y niveles elevados de ferritina sérica. La enfermedad por ferroportina se diferencia de la hemocromatosis en que no se asocia con una saturación elevada de transferrina o concentraciones bajas de hepcidina.",SCTSPA,T047,Disease or Syndrome
1524,C1853964,"Dermatitis, Atopic, 3",OMIM,,,T047,Disease or Syndrome
1525,C1854107,Familial hyperaldosteronism type II,ORPHANET,Familial hyperaldosteronism unresponsive to glucocorticoid therapy. The molecular basis for this condition has not been fully elucidated.,NCI,T047,Disease or Syndrome
1526,C1854125,"Diabetes Mellitus, Insulin-Dependent, 18",MTH,,,T047,Disease or Syndrome
1527,C1854170,Abdominal Obesity-Metabolic Syndrome Quantitative Trait Locus 2,OMIM,,,T033,Finding
1528,C1854631,"Hypertension, Early-Onset, Autosomal Dominant, With Severe Exacerbation In Pregnancy",OMIM,,,T047,Disease or Syndrome
1529,C1855303,Mental retardation syndrome Belgian type,SNOMEDCT_US,"A rare, genetic, syndromic intellectual disability disorder characterised by mild to moderate intellectual disability, facial dysmorphism (including a long face, deep-set eyes, narrow-based, broad nose with nostril colobomata, mandibular prognathism), hypergonadotrophic hypogonadism, eunuchoid habitus, diabetes mellitus type 1, and epilepsy. There have been no further descriptions in the literature since 1990.",SNOMEDCT_US,T047,Disease or Syndrome
1530,C1855369,"Maple Syrup Urine Disease, Type Ia",OMIM,,,T047,Disease or Syndrome
1531,C1855607,Keutel syndrome,SNOMEDCT_US,"Síndrome caracterizado por calcificación difusa del tejido cartilaginoso, braquitelefalangismo, estenosis de arteria pulmonar periférica y dismorfismo facial. La calcificación anormal afecta principalmente a los cartílagos auriculares, de la nariz, laringe y el árbol traqueobronquial. También se informaron punteado epifisario de huesos largos y calcificaciones vertebrales. El dismorfismo se caracteriza por cara elongada con hipoplasia maxilar y mediofacial. Otras características asociadas pueden incluir hipoacusia y otitis y/o sinusitis recurrentes, déficit intelectual leve, infecciones respiratorias frecuentes, habla nasal y más raramente, convulsiones y baja estatura. El síndrome se produce por mutaciones en el gen que codifica la proteína de la matriz Gla (MGP, ubicado en 12p13.1-p12.3). El síndrome se transmite en forma autosómica recesiva.",SCTSPA,T047,Disease or Syndrome
1532,C1856438,Hypoketotic hypoglycemia,HPO,A decreased concentration of glucose in the blood associated with a reduced concentration of ketone bodies. [https://orcid.org/0000-0002-0736-9199],HPO,T033,Finding
1533,C1857175,Episodic hypertension,HPO,,,T033,Finding
1534,C1857355,"Leigh syndrome , French Canadian type",MTH,"Una enfermedad mitocondrial, una forma francocanadiense del síndrome de Leigh, caracterizado por acidosis metabólica crónica, hipotonía, dismorfismo facial y retraso del desarrollo. Se describió por primera vez en Saguenay-Lac-Saint-Jean (Quebec, Canadá). En esta región, la prevalencia de la mutación genética responsable del trastorno se calcula en 1/23 habitantes y podría deberse a un defecto fundador. Hay 3 formas de la enfermedad, correspondientes a grados de severidad variables: una forma neonatal, una forma clásica y una forma denominada ""de los sobrevivientes"". Esta última describe a los pacientes que han sobrevivido a varios episodios, atraviesan un umbral crítico y presentan síntomas menos severos. Se produce por dos tipos de mutaciones en el gen LRPPRC (2p21). El modo de herencia es autosómico recesivo monogénico.",SCTSPA,T047,Disease or Syndrome
1535,C1857451,Acth-Independent Macronodular Adrenal Hyperplasia,MTH,,,T047,Disease or Syndrome
1536,C1857702,Endocrine Features,OMIM,,,T201,Clinical Attribute
1537,C1857761,Alagille Syndrome 2,OMIM,,,T047,Disease or Syndrome
1538,C1857775,"Diabetes Mellitus, Neonatal, With Congenital Hypothyroidism",OMIM,,,T047,Disease or Syndrome
1539,C1857808,"Diabetes Mellitus, Insulin-Dependent, 19",MTH,,,T047,Disease or Syndrome
1540,C1857958,"Diabetes Mellitus, Congenital Autoimmune",OMIM,,,T047,Disease or Syndrome
1541,C1858028,Wolfram Syndrome 2,OMIM,,,T047,Disease or Syndrome
1542,C1858054,Bardet-Biedl Syndrome 6,OMIM,,,T047,Disease or Syndrome
1543,C1858067,Asthma And Nasal Polyps,MTH,,,T047,Disease or Syndrome
1544,C1858460,Maternal,SNOMEDCT_US,A designation that has some relationship to motherhood.,NCI,T033,Finding
1545,C1858915,Focal Segmental Glomerulosclerosis 2,NCI,"An autosomal dominant type of focal segmental glomerulosclerosis caused by mutation(s) in the TRPC6 gene, encoding short transient receptor potential channel 6.",NCI,T047,Disease or Syndrome
1546,C1859310,"Celiac Disease, Susceptibility To, 1",OMIM,,,T033,Finding
1547,C1859596,"Atherosclerosis, Premature, With Deafness, Nephropathy, Diabetes Mellitus, Photomyoclonus, And Degenerative Neurologic Disease",OMIM,,,T047,Disease or Syndrome
1548,C1859647,"Asthma, Short Stature, And Elevated Iga",OMIM,,,T047,Disease or Syndrome
1549,C1859726,Arterial tortuosity syndrome,SNOMEDCT_US,"Arterial tortuosity syndrome is a disorder that affects connective tissue. Connective tissue provides strength and flexibility to structures throughout the body, including blood vessels, skin, joints, and the gastrointestinal tract.~As its name suggests, arterial tortuosity syndrome is characterized by blood vessel abnormalities, particularly abnormal twists and turns (tortuosity) of the blood vessels that carry blood from the heart to the rest of the body (the arteries). Tortuosity arises from abnormal elongation of the arteries; since the end points of the arteries are fixed, the extra length twists and curves. Other blood vessel abnormalities that may occur in this disorder include constriction (stenosis) and abnormal bulging (aneurysm) of vessels, as well as small clusters of enlarged blood vessels just under the skin (telangiectasia).~Complications resulting from the abnormal arteries can be life-threatening. Rupture of an aneurysm or sudden tearing (dissection) of the layers in an arterial wall can result in massive loss of blood from the circulatory system. Blockage of blood flow to vital organs such as the heart, lungs, or brain can lead to heart attacks, respiratory problems, and strokes. Stenosis of the arteries forces the heart to work harder to pump blood and may lead to heart failure. As a result of these complications, arterial tortuosity syndrome is often fatal in childhood, although some individuals with mild cases of the disorder live into adulthood.~Features of arterial tortuosity syndrome outside the circulatory system are caused by abnormal connective tissue in other parts of the body. These features include joints that are either loose and very flexible (hypermobile) or that have deformities limiting movement (contractures), and unusually soft and stretchable skin. Some affected individuals have long, slender fingers and toes (arachnodactyly); curvature of the spine (scoliosis); or a chest that is either sunken (pectus excavatum) or protruding (pectus carinatum). They may have protrusion of organs through gaps in muscles (hernias), elongation of the intestines, or pouches called diverticula in the intestinal walls.~People with arterial tortuosity syndrome often look older than their age and have distinctive facial features including a long, narrow face with droopy cheeks; eye openings that are narrowed (blepharophimosis) with outside corners that point downward (downslanting palpebral fissures); a beaked nose with soft cartilage; a high, arched roof of the mouth (palate); a small lower jaw (micrognathia); and large ears. The cornea, which is the clear front covering of the eye, may be cone-shaped and abnormally thin (keratoconus).",MEDLINEPLUS,T047,Disease or Syndrome
1550,C1859783,"Angiomatosis, Diffuse Corticomeningeal, Of Divry And Van Bogaert",OMIM,,,T047,Disease or Syndrome
1551,C1859965,"Alaninuria With Microcephaly, Dwarfism, Enamel Hypoplasia, And Diabetes Mellitus",OMIM,"Stimmler syndrome is characterised by the association of microcephaly, low birth weight and severe intellectual deficit with dwarfism, small teeth and diabetes mellitus. Two cases have been described. Biochemical tests reveal the presence of high levels of alanine in the urine and elevated alanine, pyruvate and lactate levels in the blood.",SNOMEDCT_US,T019,Congenital Abnormality
1552,C1862170,Brachydactyly with hypertension,MTH,"Un síndrome genético raro con braquidactilia caracterizado por la asociación de braquidactilia tipo E e hipertensión (debida a anomalías vasculares o neurovasulares), así como las características adicionales de baja estatura y bajo peso de nacimiento (en comparación con familiares no afectados), hábito robusto y cara redonda. La hipertensión a menudo se inicia en la infancia y si no se trata, la mayoría de los pacientes habrá experimentado un accidente cerebrovascular alrededor de los 50 años.",SCTSPA,T047,Disease or Syndrome
1553,C1862510,"Arteritis, Familial Granulomatous, With Juvenile Polyarthritis",OMIM,,,T047,Disease or Syndrome
1554,C1863594,"Diabetes Mellitus, Noninsulin-Dependent, 3",MSH,,,T047,Disease or Syndrome
1555,C1864068,"Diabetes Mellitus, Insulin-Dependent, 17",MTH,,,T047,Disease or Syndrome
1556,C1864445,Histiocytosis with joint contractures and sensorineural deafness,MTH,"Histiocytosis-lymphadenopathy plus syndrome (also known as SLC29A3 spectrum disorder) is a group of conditions with overlapping signs and symptoms that affect many parts of the body. This group of disorders includes H syndrome, pigmented hypertrichosis with insulin-dependent diabetes mellitus (PHID), Faisalabad histiocytosis, and familial Rosai-Dorfman disease (RDD). These conditions were once thought to be distinct disorders; however, because of the overlapping features and shared genetic cause, they are now considered to be part of the same disease spectrum. While some affected individuals have signs and symptoms characteristic of one of the conditions, others have a range of features from two or more of the conditions. The pattern of signs and symptoms can vary even within the same family.~A feature common to the disorders in this spectrum is histiocytosis, which is the overgrowth of immune system cells called histiocytes. The cells abnormally accumulate in one or more tissues in the body, which can lead to organ or tissue damage. The buildup often occurs in the lymph nodes, leading to swelling of the lymph nodes (lymphadenopathy). Other areas of cell accumulation can include the skin, kidneys, brain and spinal cord (central nervous system), or digestive tract.~This spectrum is known as histiocytosis-lymphadenopathy plus syndrome because the disorders that make up the spectrum can have additional signs and symptoms. A characteristic feature of H syndrome is abnormal patches of skin (lesions), typically on the lower body. These lesions are unusually dark (hyperpigmented) and have excessive hair growth (hypertrichosis). In addition, histiocytes accumulate at the site of the skin lesions. Other features of H syndrome include enlargement of the liver (hepatomegaly), heart abnormalities, hearing loss, reduced amounts of hormones that direct sexual development (hypogonadism), and short stature.~Like H syndrome, PHID causes patches of hyperpigmented skin with hypertrichosis. PHID is also characterized by the development of type 1 diabetes (also known as insulin-dependent diabetes mellitus), which usually begins in childhood. Type 1 diabetes occurs when the body does not produce enough of the hormone insulin, leading to dysregulation of levels of blood glucose, also called blood sugar.~Faisalabad histiocytosis typically causes lymphadenopathy and swelling of the eyelids due to accumulation of histiocytes. Affected individuals can also have joint deformities called contractures in their fingers or toes and hearing loss.~The most common feature of familial RDD is lymphadenopathy, usually affecting lymph nodes in the neck. Histiocytes can also accumulate in other parts of the body. (Familial RDD is one of several forms of RDD; the other forms are not considered part of histiocytosis-lymphadenopathy plus syndrome.)",MEDLINEPLUS,T047,Disease or Syndrome
1557,C1864620,Metabolic Features,OMIM,,,T201,Clinical Attribute
1558,C1864623,"Diabetes mellitus, transient neonatal 3",SNOMEDCT_US,,,T047,Disease or Syndrome
1559,C1864668,"Progressive External Ophthalmoplegia With Mitochondrial Dna Deletions, Autosomal Dominant 4",OMIM,,,T047,Disease or Syndrome
1560,C1864723,Pyridoxamine 5-Prime-Phosphate Oxidase Deficiency,OMIM,"Pyridoxal phosphate-responsive seizures (sometimes called pyridoxamine 5'-phosphate oxidase deficiency or PNPO deficiency) is a condition in which repeated seizures (epilepsy) typically begin within the first two weeks of life. In approximately 10 percent of individuals with PNPO deficiency, the seizures have a later onset, beginning after the first month of life. The seizures typically involve irregular involuntary muscle contractions (myoclonus), abnormal eye movements, or convulsions. In some cases, the seizures may last for several minutes or the seizures may occur too close together to allow for recovery between episodes (status epilepticus). Some babies with PNPO deficiency will experience seizures before birth, and some will experience a slow heart rate and a lack of oxygen before delivery (fetal distress).~Anticonvulsant medications, which are usually given to control seizures, are not effective in people with PNPO deficiency. Instead, individuals with PNPO deficiency require lifelong treatment with one of the following forms of vitamin B6: pyridoxal 5'-phosphate (PLP) or pyridoxine. If untreated, people with this condition can develop severe brain dysfunction (encephalopathy), which can lead to death. Even though seizures can be controlled with PLP or pyridoxine, people with PNPO deficiency may still experience neurological problems such as developmental delays, learning disorders, and uncontrolled movements (dystonia).~Other conditions present with signs and symptoms that are very similar to those seen in people with PNPO deficiency. These include pyridoxine-dependent epilepsy caused by changes in the ALDH7A1 gene and PLPBP deficiency caused by changes in the PLPBP gene. Individuals with these conditions are also typically treated with a form of vitamin B6.",MEDLINEPLUS,T047,Disease or Syndrome
1561,C1864839,"Maturity-Onset Diabetes Of The Young, Type 7 (Disorder)",MTH,,,T047,Disease or Syndrome
1562,C1864846,"Pigmented Nodular Adrenocortical Disease, Primary, 1",OMIM,,,T047,Disease or Syndrome
1563,C1864851,"Pigmented Nodular Adrenocortical Disease, Primary, 2",OMIM,,,T047,Disease or Syndrome
1564,C1864902,"Hyperinsulinemic Hypoglycemia, Familial, 7",OMIM,"Hyperinsulinism due to mutation(s) in the regulatory region of the SLC16A1 gene, encoding monocarboxylate transporter 1 (MCT1). The mutation(s) result in aberrant expression of MCT1 in the beta cell, leading to inappropriate insulin secretion and hypoglycemia triggered by anaerobic exercise.",NCI,T047,Disease or Syndrome
1565,C1864912,Deficiency of 2-methylbutyryl-CoA dehydrogenase,SNOMEDCT_US,"Short/branched chain acyl-CoA dehydrogenase (SBCAD) deficiency (also known as 2-methylbutyryl-CoA dehydrogenase deficiency) is a rare disorder in which the body is unable to process proteins properly. Normally, the body breaks down proteins from food into smaller parts called amino acids. Amino acids can be further processed to provide energy for the body. People with SBCAD deficiency cannot process a particular amino acid called isoleucine.~Most cases of SBCAD deficiency are detected shortly after birth by newborn screening, which identifies abnormal levels of certain compounds in the blood. In individuals with this condition, a compound called 2-methylbutyryl carnitine is elevated in the blood and another called 2-methylbutyrylglycine is elevated in the urine (2-methylbutyrylglycinuria).~Most people with SBCAD deficiency have no health problems related to the disorder. A small percentage of affected individuals develop signs and symptoms of the condition, which can begin soon after birth or later in childhood. The initial symptoms often include poor feeding, lack of energy (lethargy), vomiting, and irritability. These symptoms sometimes progress to serious health problems such as difficulty breathing, seizures, and coma. Additional problems can include poor growth, vision impairment, learning disabilities, muscle weakness, and delays in motor skills such as standing and walking.~It is unclear why some people with SBCAD deficiency develop health problems and others do not. Doctors suggest that in some cases, signs and symptoms may be triggered by infections, prolonged periods without food (fasting), or an increased amount of protein-rich foods in the diet.",MEDLINEPLUS,T047,Disease or Syndrome
1566,C1864948,"Hyperinsulinemic Hypoglycemia, Familial, 4",OMIM,,,T047,Disease or Syndrome
1567,C1864952,"Hyperinsulinemic Hypoglycemia, Familial, 5",OMIM,,,T047,Disease or Syndrome
1568,C1865267,"Arterial Occlusive Disease, Progressive, with Hypertension, Heart Defects, Bone Fragility, and Brachysyndactyly",MTH,"Grange syndrome is a rare condition that primarily affects the blood vessels. It is characterized by narrowing (stenosis) or blockage (occlusion) of arteries that supply blood to various organs and tissues, including the kidneys, brain, and heart. Stenosis or occlusion of the arteries that supply blood to the kidneys (renal arteries) can result in chronic high blood pressure (hypertension). Blockage of the arteries that carry blood to the brain (cerebral arteries) can cause a stroke.~Additional features of Grange syndrome can include short fingers and toes (brachydactyly), fusion of some of the fingers or toes (syndactyly), fragile bones that are prone to breakage, and learning disabilities. Most people with this disorder also have heart defects that are present from birth.",MEDLINEPLUS,T047,Disease or Syndrome
1569,C1865285,Megalencephaly cutis marmorata telangiectatica congenita,MTH,"Megalencephaly-capillary malformation syndrome (MCAP) is a disorder characterized by overgrowth of several tissues in the body. Its primary features are a large brain (megalencephaly) and abnormalities of small blood vessels in the skin called capillaries (capillary malformations).~In individuals with MCAP, megalencephaly leads to an unusually large head size (macrocephaly), which is typically evident at birth. After birth, the brain and head continue to grow at a fast rate for the first few years of life; then, the growth slows to a normal rate, although the head remains larger than average. Additional brain abnormalities are common in people with MCAP; these can include excess fluid within the brain (hydrocephalus) and abnormalities in the brain's structure, such as those known as Chiari malformation and polymicrogyria. Abnormal brain development leads to intellectual disability in most affected individuals and can also cause seizures or weak muscle tone (hypotonia). In particular, polymicrogyria is associated with speech delays and difficulty chewing and swallowing.~The capillary malformations characteristic of MCAP are composed of enlarged capillaries that increase blood flow near the surface of the skin. These malformations usually look like pink or red spots on the skin. In most affected individuals, capillary malformations occur on the face, particularly the nose, the upper lip, and the area between the nose and upper lip (the philtrum). In other people with MCAP, the malformations appear as patches spread over the body or as a reddish net-like pattern on the skin (cutis marmorata).~In some people with MCAP, excessive growth affects not only the brain but other individual parts of the body, which is known as segmental overgrowth. This can lead to one arm or leg that is bigger or longer than the other or a few oversized fingers or toes. Some affected individuals have fusion of the skin between two or more fingers or toes (cutaneous syndactyly).~Additional features of MCAP can include flexible joints and skin that stretches easily. Some affected individuals are said to have doughy skin because the tissue under the skin is unusually thick and soft.~The gene involved in MCAP is also associated with several types of cancer. Only a small number of individuals with MCAP have developed tumors (in particular, a childhood form of kidney cancer known as Wilms tumor and noncancerous tumors in the nervous system known as meningiomas).",MEDLINEPLUS,T047,Disease or Syndrome
1570,C1865290,"Hyperinsulinemic Hypoglycemia, Familial, 3",OMIM,,,T047,Disease or Syndrome
1571,C1865292,Nonketotic hypoglycemia,HPO,,,T033,Finding
1572,C1865872,Nephronophthisis 2,OMIM,"A rare clinical variant of hereditary nephronophthisis characterized by reduced renal concentrating ability, chronic tubulointerstitial nephritis, cystic renal disease, and progression to end-stage renal disease (ESRD) before 3 years of age.",ORPHANET,T047,Disease or Syndrome
1573,C1866040,"Diabetes Mellitus, Insulin-Dependent, 10",MTH,,,T047,Disease or Syndrome
1574,C1866041,"Diabetes Mellitus, Insulin-Dependent, 6",MTH,,,T047,Disease or Syndrome
1575,C1866427,Arthrogryposis And Ectodermal Dysplasia,OMIM,,,T047,Disease or Syndrome
1576,C1866519,"Diabetes Mellitus, Insulin-Dependent, 15",MTH,,,T047,Disease or Syndrome
1577,C1867020,"Scalp, ear, nipple syndrome",SNOMEDCT_US,"Scalp-ear-nipple syndrome, as its name suggests, is a condition characterized by abnormalities of the scalp, ears, and nipples. Less frequently, affected individuals have problems affecting other parts of the body. The features of this disorder can vary even within the same family.~Babies with scalp-ear-nipple syndrome are born with a condition called aplasia cutis congenita, which involves patchy abnormal areas (lesions) on the scalp. These lesions are firm, raised, hairless nodules that resemble open wounds or ulcers at birth, but that heal during childhood.~The external ears of people with scalp-ear-nipple syndrome may be small, cup-shaped, folded over, or otherwise mildly misshapen. Hearing is generally normal. Affected individuals also have nipples that are underdeveloped (hypothelia) or absent (athelia). In some cases the underlying breast tissue is absent as well (amastia).~Other features that can occur in this disorder include malformed and brittle fingernails and toenails (nail dystrophy), dental abnormalities including widely-spaced or missing teeth, fusion of the skin between some of the fingers and toes (cutaneous syndactyly), and kidney defects such as underdevelopment (hypoplasia) of one or both kidneys. Unusual facial features, including narrowed openings of the eyes (narrowed palpebral fissures), an increased distance between the inner corners of the eyes (telecanthus), a flat bridge of the nose, and nostrils that open to the front rather than downward (anteverted nares), can also occur in this disorder.",MEDLINEPLUS,T047,Disease or Syndrome
1578,C1868139,Medullary cystic kidney disease 1,MTH,"Medullary cystic kidney disease type 1 (MCKD1) is an inherited condition that affects the kidneys. It leads to scarring (fibrosis) and impaired function of the kidneys, usually beginning in adulthood. The kidneys filter fluid and waste products from the body. They also reabsorb needed nutrients and release them back into the blood. As MCKD1 progresses, the kidneys are less able to function, resulting in kidney failure.~Declining kidney function in people with MCKD1 leads to the signs and symptoms of the condition. The features are variable, even among members of the same family. Many individuals with MCKD1 develop high blood pressure (hypertension), especially as kidney function worsens. Some develop high levels of a waste product called uric acid in the blood (hyperuricemia) because the damaged kidneys are unable to remove uric acid effectively. In a small number of affected individuals, the buildup of this waste product can cause gout, which is a form of arthritis resulting from uric acid crystals in the joints.~Although the condition is named medullary cystic kidney disease, only about 40 percent of affected individuals have medullary cysts, which are fluid filled pockets found in a particular region of the kidney. When present, the cysts are usually found in the inner part of the kidney (the medullary region) or the border between the inner and outer parts (corticomedullary region). These cysts are visible by tests such as ultrasound or CT scan.",MEDLINEPLUS,T047,Disease or Syndrome
1579,C1868546,Patterson Pseudoleprechaunism Syndrome,OMIM,"Pseudoleprechaunism syndrome, Patterson type is a rare, genetic, adrenal disorder characterised by congenital bronzed hyperpigmentation, cutis laxa of the hands and feet, body disproportion (comprising large hands, feet, nose and ears), hirsutism and severe intellectual disability. Patients additionally present hyperadrenocorticism, cushingoid features, premature adrenarche and diabetes mellitus, as well as skeletal deformities (not present at birth and which progress with age). There have been no further descriptions in the literature since 1981.",SNOMEDCT_US,T047,Disease or Syndrome
1580,C1868690,"Hypoadrenocorticism, Familial",OMIM,"Genetic or familial occurrence of ADDISONS DISEASE characterized by insufficient production of cortisol, aldosterone, and/or other hormones made in the adrenal cortex.",MSH,T047,Disease or Syndrome
1581,C1868885,Uncontrolled hypertension,MDR,,,T047,Disease or Syndrome
1582,C1869028,Asthma/bronchospasm (SMQ),MDR,"Asthma ist eine chronisch entzündliche Erkrankung der Atemwege, bei der Mastzellen, Eosinophile und T-Lymphozyten eine Rolle spielen. Die Entzündung verursacht eine erhöhte Reaktion der Atemwege auf eine Vielzahl von Stimuli, die zu Bronchospasmus bzw. Bronchokonstriktion führen. Klinisch ist Asthma durch wiederkehrende Episoden von Keuchen, Atemnot, Engegefühl in der Brust und Husten gekennzeichnet. Charakteristisch für diese Episoden ist eine variable Atemwegsobstruktion; diese kann sich entweder spontan oder nach Behandlung auflösen oder teilweise rückgängig gemacht werden. 1, 2.3 Bronchospasmus bzw. Bronchokonstriktion wird definiert als Atemwegsobstruktion aufgrund der Kontraktion der glatten Muskulatur der Bronchien; eine Verbesserung des Luftstroms als Reaktion auf Bronchodilatatoren ist für die Diagnose von entscheidender Bedeutung. Der Bronchospasmus ist neben der Entzündung der Atemwege ein Faktor, der zur Obstruktion der Atemwege bei Asthmatikern beiträgt. ""Verschlimmerter Bronchospasmus/Bronchokonstriktion"" und ""paradoxer Bronchospasmus"" sind Begriffe, die zur Beschreibung einer unerwarteten Bronchospasmusepisode im Zusammenhang mit einer Inhalationsaerosolbehandlung verwendet werden; ihre Ursachen können entweder der Inhalationsvorgang oder eine Reizung durch das Aerosol (aktive oder inaktive Bestandteile) sein.1",MDRGER,T185,Classification
1583,C1869038,Anaphylactic reaction (SMQ),MDR,"L'anaphylaxie est une réaction systémique aiguë caractérisée par l'apparition de prurit, bouffées vasomotrices généralisées, urticaire, détresse respiratoire et collapsus vasculaire. Elle se manifeste chez une personne précédemment sensibilisée lors d'une nouvelle exposition à l'antigène sensibilisant. D'autres signes et symptômes incluent agitation, palpitation, paresthésies, respiration sifflante, angioedème, toux, éternuements et difficultés respiratoires dues à un spasme laryngé ou à un bronchospasme. Des présentations cliniques plus rares peuvent inclure crises d'épilepsie, vomissements, crampes abdominales et incontinence.1",MDRFRE,T185,Classification
1584,C1869043,Hyperglycaemia/new onset diabetes mellitus (SMQ),MDR,"La diagnosi si basa in genere su reperti di laboratorio di elevato livello di glucosio plasmatico a digiuno o da identificazione casuale di un incremento del glucosio plasmatico insieme a sintomi classici. L'iperglicemia diabetica è il risultato di una ridotta secrezione di insulina, di una ridotta utilizzazione del glucosio o di un incremento della produzione glucidica. Diabete mellito (DM) tipo I: comprende circa il 10% dei casi; deficienza insulinica da distruzione delle cellule beta autoimmunitaria (tipo IA) o idiopatica (tipo IB). DM tipo II: comprende circa il 90% dei casi; alterazione eterogenea del metabolismo glucidico caratterizzata da insulino-resistenza di diversa gravità, insufficienza della secrezione insulinica e incremento della produzione epatica del glucosio. Alcuni farmaci sono stati associati all'iperglicemia che può provocare una nuova insorgenza di DM: può manifestarsi come tipo I o II. Meccanismi: diminuzione della produzione insulinica, inibizione della secrezione insulinica e riduzione del volume delle cellule beta (es. ciclosporine); distruzione autoimmunitaria delle cellule beta e incremento degli anticorpi antiinsulina (es. interleuchina-2;); glucogenesi stimolata dagli ormoni e ridotta sensibilità all'insulina (es. glucocorticosteroidi); ridotta sensibilità insulinica (es. inibitori delle proteasi); spesso queste condizioni sono reversibili con l'interruzione della terapia o possono essere controllate da antidiabetici orali e/o con assunzione di insulina. Sintomatologia/esiti comuni: polidipsia, polifagia, poliuria, perdita di peso, ipercolesterolemia e ipertrigliceridemia. Complicazioni acute: chetoacidosi diabetica (DKA) particolarmente nel tipo I; stato iperosmolare non-chetotico (NKHS) specialmente nel tipo II; entrambi possono provocare sintomi neurologici incluso il coma. Complicazioni a lungo termine sono quelle di tipo microvascolare (es. retinopatia), macrovasculare (es. coronaropatia) e neuropatiche (es. parestesie).",MDRITA,T185,Classification
1585,C1869046,Neuroleptic malignant syndrome (SMQ),MDR,"Le syndrome malin des neuroleptiques (SMN) est une affection rare mais potentiellement fatale caractérisée par : hyperthermie, rigidité musculaire, altération de l'état de conscience et dysfonctionnement autonome. C'est une complication du traitement par neuroleptiques. Des symptômes similaires à ceux du SMN ont été signalés chez les patients non schizophrènes traités par réducteurs de la dopamine (comme la réserpine), après la privation d'agonistes indirects des récepteurs de la dopamine chez les patients atteints de la maladie de Parkinson, et en association à une intoxication aux agents anticholinergiques, amphétamines, carbonate de lithium, cocaïne et phencyclidine. Le diagnostic est généralement fondé sur le développement d'une rigidité musculaire grave et d'une température élevée chez les patients traités par neuroleptiques, qui s'accompagnent de différentes combinaisons de dysfonctionnement autonome (diaphorèse, incontinence, tachycardie, pression artérielle élevée ou labile), dysphagie, tremblement, myoclonie, changements de l'état de conscience allant de la confusion au coma, mutisme, leucocytose et constatation biologique de lésion musculaire, comme une élévation de la créatine phosphokinase (CPK) Il ne semble pas y avoir de différences majeures entre la présentation clinique observée sous neuroleptiques conventionnels et celle observée avec les agents antipsychotiques atypiques plus récents.",MDRFRE,T185,Classification
1586,C1869116,asthma susceptibility,MEDCIN,,,T033,Finding
1587,C1869620,Reslizumab,SNOMEDCT_US,,,T116,"Amino Acid, Peptide, or Protein"
1588,C1876722,Beta-D-Glucopyranose,NCI,"The beta isoform of D-glucopyranose, a synthetic simple monosaccharide as an energy source. D-glucopyranose is oxidized in various tissues either under aerobic or anaerobic conditions through glycolysis, and the oxidation reaction produces carbon dioxide, water and ATP.",NCI,T109,Organic Chemical
1589,C1879678,Aliskiren Hemifumarate,NCI,"An orally active nonpeptide renin inhibitor with antihypertensive activity. Aliskiren selectively binds to the S3 sub-pocket of renin, an enzyme in the renin-angiotensin-aldosterone system (RAAS) that is responsible for converting angiotensinogen to angiotensin I (AT I). By inhibiting the activity of renin, the conversion to AT I is prevented, which in turn prevents the conversion of AT I to AT II. This prevents arterial vasoconstriction by AT II and inhibits the production of aldosterone by AT II. As aldosterone causes re-uptake of sodium and water and eventually an increase in extracellular volume, aliskiren is able to prevent the effects that contribute to an increase in blood pressure.",NCI,T109,Organic Chemical
1590,C1882993,Segesterone,SNOMEDCT_US,,,T109,Organic Chemical
1591,C1948374,Fluticasone furoate,SNOMEDCT_US,"The furoate salt form of fluticasone, a synthetic trifluorinated glucocorticoid receptor agonist with anti-allergic, anti-inflammatory and anti-pruritic effects. Upon administration, fluticasone binds to and activates glucocorticoid receptor, resulting in the activation of lipocortin. Lipocortin, in turn, inhibits cytosolic phospholipase A2 and the cascade of reactions involved in the synthesis of inflammatory mediators, such as prostaglandins and leukotrienes. Secondly, mitogen-activated protein kinase (MAPK) phosphatase 1 is induced, which leads to dephosphorylation and inactivation of Jun N-terminal kinase and directly inhibits c-Jun mediated transcription. Finally, transcriptional activity of nuclear factor (NF)-kappa-B is blocked, thereby inhibiting the transcription of cyclooxygenase 2 (COX-2), which is essential for prostaglandin production.",NCI,T109,Organic Chemical
1592,C1950816,flunisolide hemihydrate,MEDCIN,,,T109,Organic Chemical
1593,C1956346,coronary artery disease,MEDCIN,"Coronary artery disease (CAD) is the most common type of heart disease. It is the leading cause of death in the United States in both men and women. CAD happens when the arteries that supply blood to heart muscle become hardened and narrowed. This is due to the buildup of cholesterol and other material, called plaque, on their inner walls. This buildup is called atherosclerosis. As it grows, less blood can flow through the arteries. As a result, the heart muscle can't get the blood or oxygen it needs. This can lead to chest pain (angina) or a heart attack. Most heart attacks happen when a blood clot suddenly cuts off the hearts' blood supply, causing permanent heart damage.  Over time, CAD can also weaken the heart muscle and contribute to heart failure and arrhythmias. Heart failure means the heart can't pump blood well to the rest of the body. Arrhythmias are changes in the normal beating rhythm of the heart.  NIH: National Heart, Lung, and Blood Institute",MEDLINEPLUS,T047,Disease or Syndrome
1594,C1958126,Alogliptin,SNOMEDCT_US,"A selective, orally bioavailable, pyrimidinedione-based inhibitor of dipeptidyl peptidase 4 (DPP-4), with hypoglycemic activity. In addition to its effect on glucose levels, alogliptin may inhibit inflammatory responses by preventing the toll-like receptor 4 (TLR-4)-mediated formation of proinflammatory cytokines.",NCI,T109,Organic Chemical
1595,C1958569,Azilsartan,SNOMEDCT_US,,,T109,Organic Chemical
1596,C1960041,Small vessel disease due to type 1 diabetes mellitus,SNOMEDCT_US,,,T047,Disease or Syndrome
1597,C1960042,Small vessel disease due to type 2 diabetes mellitus,SNOMEDCT_US,,,T047,Disease or Syndrome
1598,C1960045,Mild intermittent asthma,SNOMEDCT_US,,,T047,Disease or Syndrome
1599,C1960046,Mild persistent asthma,SNOMEDCT_US,,,T047,Disease or Syndrome
1600,C1960047,Moderate persistent asthma,SNOMEDCT_US,,,T047,Disease or Syndrome
1601,C1960048,Severe persistent asthma,SNOMEDCT_US,,,T047,Disease or Syndrome
1602,C1960049,Exacerbation of intermittent asthma,SNOMEDCT_US,,,T033,Finding
1603,C1960181,Diabetic glomerulonephritis,SNOMEDCT_US,,,T047,Disease or Syndrome
1604,C1960216,Lumbosacral radiculoplexus neuropathy due to type 1 diabetes mellitus,SNOMEDCT_US,,,T046,Pathologic Function
1605,C1960217,Lumbosacral radiculoplexus neuropathy due to type 2 diabetes mellitus,SNOMEDCT_US,,,T046,Pathologic Function
1606,C1960272,Latent autoimmune diabetes mellitus in adult,SNOMEDCT_US,,,T047,Disease or Syndrome
1607,C1960626,diabetes mellitus associated with cystic fibrosis,MEDCIN,,,T047,Disease or Syndrome
1608,C1960678,Autonomic neuropathy due to type 1 diabetes mellitus,SNOMEDCT_US,,,T047,Disease or Syndrome
1609,C1963138,"Hypertension, CTCAE",NCI,A disorder characterized by a pathological increase in blood pressure.,NCI,T033,Finding
1610,C1969640,"Asthma-Related Traits, Susceptibility To, 6",OMIM,,,T033,Finding
1611,C1970269,"Choreoathetosis, Hypothyroidism, and Neonatal Respiratory Distress",NCI,"Brain-lung-thyroid syndrome is a group of conditions that affect the brain, lungs, and thyroid gland (a butterfly-shaped gland in the lower neck). Brain-lung-thyroid syndrome historically included problems with all three organs, although the designation now encompasses a combination of brain, lung, and thyroid problems. About 50 percent of affected individuals have problems with all three organs, about 30 percent have brain and thyroid problems, and about 10 percent have brain and lung problems. The brain alone is affected in 10 to 20 percent of people with the condition. Such cases are sometimes called isolated benign hereditary chorea.~Nearly everyone with brain-lung-thyroid syndrome has brain-related movement abnormalities. Benign hereditary chorea is the most common feature of the syndrome. This feature is associated with involuntary jerking movements (chorea) of the face, torso, and limbs; writhing movements (athetosis) of the limbs; and other movement problems. Individuals with brain-lung-thyroid syndrome can have other abnormalities, such as difficulty coordinating movements (ataxia), muscle twitches (myoclonus), and involuntary muscle contractions that result in twisting and repetitive movements (dystonia). The movement problems typically begin around age 1, although they can begin in early infancy or later in life, and are often preceded by weak muscle tone (hypotonia). They can delay the development of walking. The movement problems usually remain stable and can improve over time. Some affected individuals also have learning difficulties or intellectual disability.~Thyroid problems are the next most common feature of brain-lung-thyroid syndrome. The thyroid gland makes hormones that help regulate a wide variety of critical body functions, including growth, brain development, and the rate of chemical reactions in the body (metabolism). Many affected individuals have reduced thyroid function from birth (congenital hypothyroidism), resulting in lower-than-normal levels of thyroid hormones. Others have a milder condition called compensated or subclinical hypothyroidism, in which thyroid hormone levels are within the normal range, even though the thyroid is not functioning properly. While most people with brain-lung-thyroid syndrome have a normal-sized thyroid, the gland is reduced in size (hypoplastic) or absent (aplastic) in some affected individuals. Although a shortage of thyroid hormones can cause intellectual disability and other neurological problems, it is unclear whether such issues in individuals with brain-lung-thyroid syndrome are due to hypothyroidism or to the brain abnormalities related to the condition.~Lung problems are common in brain-lung-thyroid syndrome. Some affected newborns have respiratory distress syndrome, which causes extreme difficulty breathing and can be life-threatening. Other affected individuals develop widespread lung damage (interstitial lung disease) or scarring in the lungs (pulmonary fibrosis), both of which can also lead to breathing problems. Recurrent lung infections, which can be life-threatening, also occur in people with brain-lung-thyroid syndrome. People with brain-lung-thyroid syndrome have a higher risk of developing lung cancer than do people in the general population.",MEDLINEPLUS,T047,Disease or Syndrome
1612,C1970416,Xfe Progeroid Syndrome,OMIM,"An autosomal recessive condition caused by mutation(s) in the ERCC4 gene, encoding DNA repair endonuclease XPF. it is characterized by characterized by cutaneous photosensitivity and progeroid features in multiple organ systems.",NCI,T047,Disease or Syndrome
1613,C1970440,"Coronary Artery Disease, Autosomal Dominant 2",OMIM,,,T047,Disease or Syndrome
1614,C1997092,Hypertensive left ventricular hypertrophy,SNOMEDCT_US,,,T047,Disease or Syndrome
1615,C1997115,Hyperosmolality due to uncontrolled type 1 diabetes mellitus,SNOMEDCT_US,,,T047,Disease or Syndrome
1616,C1997276,Exertional hypertension,SNOMEDCT_US,,,T047,Disease or Syndrome
1617,C1997435,Dietary education for type 2 diabetes mellitus,SNOMEDCT_US,,,T058,Health Care Activity
1618,C1997651,Erectile dysfunction due to type 2 diabetes mellitus,SNOMEDCT_US,,,T047,Disease or Syndrome
1619,C1998445,Dietary education for type 1 diabetes mellitus,SNOMEDCT_US,,,T058,Health Care Activity
1620,C1998980,Caregiver role strain,SNOMEDCT_US,"Difficulty in fulfilling care responsibilities, expectations and/or behaviors for family or significant others.",NANDA-I,T033,Finding
1621,C2001271,Tapentadol,SNOMEDCT_US,"An orally available, synthetic benzenoid that acts as an agonist for the mu-opioid receptor (MOR) and inhibits the reuptake of noradrenaline, with potential anti-nociceptive activity. Upon oral administration, tapentadol binds to the MOR which enhances MOR-mediated signaling, interferes with the sensation of pain and results in an analgesic effect. Tapentadol also inhibits the reuptake of noradrenaline, which increases the levels of noradrenaline (NA), activates the inhibitory alpha-2 receptors and results in an analgesic effect.",NCI,T109,Organic Chemical
1622,C2007586,cardiac catheterization hemodynamics assessment systemic hypertension,MEDCIN,,,T033,Finding
1623,C2011196,"gestational diabetes mellitus, antepartum condition or prior complicated delivery",MEDCIN,,,T047,Disease or Syndrome
1624,C2011197,gestational diabetes mellitus with baby delivered,MEDCIN,,,T047,Disease or Syndrome
1625,C2047555,hypertensive hemorrhage of left cerebellum,MEDCIN,,,T046,Pathologic Function
1626,C2047556,hypertensive hemorrhage of left frontal lobe,MEDCIN,,,T046,Pathologic Function
1627,C2047557,hypertensive hemorrhage of left parietal lobe,MEDCIN,,,T046,Pathologic Function
1628,C2047558,hypertensive hemorrhage of left temporal lobe,MEDCIN,,,T046,Pathologic Function
1629,C2047559,hypertensive hemorrhage of left thalamus,MEDCIN,,,T046,Pathologic Function
1630,C2047560,hypertensive hemorrhage of right cerebellum,MEDCIN,,,T046,Pathologic Function
1631,C2047561,hypertensive hemorrhage of right frontal lobe,MEDCIN,,,T046,Pathologic Function
1632,C2047562,hypertensive hemorrhage of right parietal lobe,MEDCIN,,,T046,Pathologic Function
1633,C2047563,hypertensive hemorrhage of right temporal lobe,MEDCIN,,,T046,Pathologic Function
1634,C2047564,hypertensive hemorrhage of right thalamus,MEDCIN,,,T046,Pathologic Function
1635,C2047565,hypertensive cerebellar hemorrhage,MEDCIN,,,T046,Pathologic Function
1636,C2047566,hypertensive hemorrhage of cerebral lobe,MEDCIN,,,T046,Pathologic Function
1637,C2047567,hypertensive intracerebral hemorrhage of left occipital lobe,MEDCIN,,,T046,Pathologic Function
1638,C2047568,hypertensive intracerebral hemorrhage of right occipital lobe,MEDCIN,,,T046,Pathologic Function
1639,C2047569,hypertensive pontine hemorrhage,MEDCIN,,,T046,Pathologic Function
1640,C2047570,hypertensive intracerebral hemorrhage of thalamus,MEDCIN,,,T046,Pathologic Function
1641,C2047571,hypertensive intracerebral hemorrhage of basal ganglia,MEDCIN,,,T046,Pathologic Function
1642,C2047572,hypertensive intracerebral hemorrhage of left basal ganglia,MEDCIN,,,T046,Pathologic Function
1643,C2047573,hypertensive intracerebral hemorrhage of right basal ganglia,MEDCIN,,,T046,Pathologic Function
1644,C2047711,non-islet cell associated hypoglycemia,MEDCIN,,,T047,Disease or Syndrome
1645,C2053829,hypertensive peripheral vascular disease,MEDCIN,,,T047,Disease or Syndrome
1646,C2054151,taking medication for high blood pressure (history),MTH,,,T033,Finding
1647,C2062378,diabetes mellitus under control,MEDCIN,,,T047,Disease or Syndrome
1648,C2103594,respiratory obstructive disorders,MEDCIN,,,T047,Disease or Syndrome
1649,C2104513,uncomplicated uncontrolled type 2 diabetes mellitus,MEDCIN,,,T047,Disease or Syndrome
1650,C2113857,pregnancy complicated by diabetes mellitus White's classification E,MEDCIN,,,T046,Pathologic Function
1651,C2113858,pregnancy complicated by diabetes mellitus White's classification G,MEDCIN,,,T046,Pathologic Function
1652,C2113859,pregnancy complicated by diabetes mellitus White's classification,MEDCIN,,,T046,Pathologic Function
1653,C2114782,Proliferative retinopathy of left eye due to diabetes mellitus,SNOMEDCT_US,,,T047,Disease or Syndrome
1654,C2114783,Proliferative retinopathy of right eye with diabetes mellitus,SNOMEDCT_US,,,T047,Disease or Syndrome
1655,C2119286,Type 1 diabetes mellitus with manifestations,MEDCIN,,,T047,Disease or Syndrome
1656,C2148517,dietary counseling pertaining to hypoglycemia,MEDCIN,,,T065,Educational Activity
1657,C2169401,reactive hypertension,MEDCIN,,,T047,Disease or Syndrome
1658,C2171205,Autonomic neuropathy due to type 2 diabetes mellitus,SNOMEDCT_US,,,T047,Disease or Syndrome
1659,C2183115,History of gestational diabetes mellitus,MTH,,,T033,Finding
1660,C2183126,diabetic retinopathy with macular edema of both eyes,MEDCIN,,,T047,Disease or Syndrome
1661,C2183127,diabetic retinopathy with macular edema of left eye,MEDCIN,,,T047,Disease or Syndrome
1662,C2183128,diabetic retinopathy with macular edema of right eye,MEDCIN,,,T047,Disease or Syndrome
1663,C2183129,diabetic retinal edema of both eyes,MEDCIN,,,T047,Disease or Syndrome
1664,C2183130,diabetic retinal edema of left eye,MEDCIN,,,T047,Disease or Syndrome
1665,C2183131,diabetic retinal edema of right eye,MEDCIN,,,T047,Disease or Syndrome
1666,C2183133,Microaneurysm of left retinal artery due to diabetes mellitus,SNOMEDCT_US,,,T047,Disease or Syndrome
1667,C2183134,Microaneurysm of right retinal artery due to diabetes mellitus,SNOMEDCT_US,,,T047,Disease or Syndrome
1668,C2186383,reported history of intermittent hypertension (history),MTH,,,T033,Finding
1669,C2188003,uncomplicated controlled type 2 diabetes mellitus,MEDCIN,,,T047,Disease or Syndrome
1670,C2188016,"type 1 diabetic hypoglycemia, uncontrolled",MEDCIN,,,T047,Disease or Syndrome
1671,C2216285,elevation of both systolic and diastolic blood pressures,MEDCIN,,,T033,Finding
1672,C2227902,American College of Physicians (ACP) staging of hypertension,MEDCIN,,,T033,Finding
1673,C2227903,American College of Physicians (ACP) staging prehypertension: 120-139/80-89,MEDCIN,,,T033,Finding
1674,C2227904,American College of Physicians (ACP) staging stage 1 hypertension: 140-159/90-99,MEDCIN,,,T033,Finding
1675,C2227905,American College of Physicians (ACP) staging stage 2 hypertension: greater than equal to 160/100,MEDCIN,,,T033,Finding
1676,C2231179,type I necrobiosis lipoidica diabeticorum,MEDCIN,,,T047,Disease or Syndrome
1677,C2231316,Mild nonproliferative retinopathy of right eye due to diabetes mellitus,SNOMEDCT_US,,,T047,Disease or Syndrome
1678,C2231317,Mild nonproliferative retinopathy of left eye due to diabetes mellitus,SNOMEDCT_US,,,T047,Disease or Syndrome
1679,C2231319,Moderate nonproliferative diabetic retinopathy of right eye,SNOMEDCT_US,,,T047,Disease or Syndrome
1680,C2231320,Moderate nonproliferative diabetic retinopathy of left eye,SNOMEDCT_US,,,T047,Disease or Syndrome
1681,C2231461,Severe nonproliferative retinopathy of right eye due to diabetes mellitus,SNOMEDCT_US,,,T047,Disease or Syndrome
1682,C2231462,Severe nonproliferative retinopathy of left eye due to diabetes mellitus,SNOMEDCT_US,,,T047,Disease or Syndrome
1683,C2241271,Terazosin hydrochloride anhydrous,SNOMEDCT_US,,,T109,Organic Chemical
1684,C2316286,Family history of diabetes mellitus type 1,SNOMEDCT_US,,,T033,Finding
1685,C2316287,Family history of diabetes mellitus type 2,SNOMEDCT_US,,,T033,Finding
1686,C2317125,Family history of impaired glucose tolerance,SNOMEDCT_US,,,T033,Finding
1687,C2347779,Clevidipine butyrate,SNOMEDCT_US,,,T109,Organic Chemical
1688,C2350360,"CTLA4 protein, human",MTH,"Cytotoxic T-lymphocyte protein 4 (223 aa, ~25 kDa) is encoded by the human CTLA4 gene. This protein is involved in the inhibition of T-cell mediated immune responses.",NCI,T116,"Amino Acid, Peptide, or Protein"
1689,C2353951,Dapagliflozin,SNOMEDCT_US,"A selective sodium-glucose co-transporter subtype 2 (SGLT2) inhibitor with antihyperglycemic activity. Dapagliflozin selectively and potently inhibits SGLT2 compared to SGLT1, which is the cotransporter of glucose in the gut.",NCI,T109,Organic Chemical
1690,C2362317,High Blood Pressure in Pregnancy,MEDLINEPLUS,"What is high blood pressure in pregnancy? Blood pressure is the force of your blood pushing against the walls of your arteries. Your arteries are blood vessels that carry blood from your heart to other parts of your body. High blood pressure, or hypertension, is blood pressure that is higher than normal. Having high blood pressure can put you at risk for other health problems, such as heart disease, heart attack, and stroke. During pregnancy, high blood pressure can cause problems for you and your baby. To keep you and your baby healthy, it's important to get treatment for high blood pressure before, during, and after pregnancy. What are the types of high blood pressure in pregnancy? There are different types of high blood pressure in pregnancy:  Gestational hypertension is high blood pressure that you develop while you are pregnant. It starts after you are 20 weeks pregnant. You usually don't have any other symptoms. In many cases, it does not harm you or your baby, and it goes away within 12 weeks after childbirth. But it does raise your risk of high blood pressure in the future. If it becomes severe, it can lead to a preterm birth or your baby having a low birth weight. Some women with gestational hypertension do go on to develop preeclampsia, a more serious type of high blood pressure in pregnancy. Chronic hypertension is high blood pressure that starts before the 20th week of pregnancy or before you became pregnant. Some people may have had it long before becoming pregnant but didn't know it until they got their blood pressure checked at their prenatal visit. Sometimes chronic hypertension can also lead to preeclampsia. Preeclampsia is a sudden increase in blood pressure after the 20th week of pregnancy. It usually happens in the last trimester. Preeclampsia also often includes signs of damage to some of your organs, such as your liver or kidneys. The signs may include protein in the urine (pee) and very high blood pressure. Preeclampsia can be serious or even life-threatening for both you and your baby.  If preeclampsia becomes severe enough to affect your brain function and causes seizures or a coma, it is called eclampsia. In rare cases, preeclampsia symptoms may not start until after delivery. This is called postpartum preeclampsia. If this type of preeclampsia becomes more severe and causes a seizure, it is known as postpartum eclampsia.  When a person with preeclampsia or eclampsia has damage to the liver and blood cells, it's called HELLP syndrome. It is rare, but very serious.    Who is more likely to develop high blood pressure in pregnancy? You are more likely to develop high blood pressure in pregnancy if you:  Had chronic high blood pressure or chronic kidney disease before pregnancy Had high blood pressure or preeclampsia in a previous pregnancy Have obesity Are under age 20 or over age 40 Are pregnant with more than one baby Are African American Have a family history of high blood pressure in pregnancy Have certain health conditions, such as diabetes or lupus  What are the symptoms of high blood pressure in pregnancy? High blood pressure usually has no symptoms. People usually find out they have high blood pressure when their health care provider measures their blood pressure. Preeclampsia can cause other symptoms, including:  Too much protein in your urine (called proteinuria). Swelling (edema) in your face and hands. Your feet may also swell, but many women have swollen feet during pregnancy. So swollen feet by themselves may not be a sign of a problem. A headache that does not go away. Vision problems, including blurred vision or seeing spots. Pain in your upper right abdomen (belly). Trouble breathing.  Eclampsia can also cause seizures, nausea and/or vomiting, and low urine output. If you go on to develop HELLP syndrome, you may also have bleeding or bruising easily, extreme fatigue, and liver failure. What problems can high blood pressure in pregnancy cause? High blood pressure in pregnancy can lead to complications such as:  Placental abruption, where the placenta (the organ that brings oxygen and nutrients to the baby) separates from the uterus (the place where a baby grows during pregnancy) Poor fetal growth, caused by a lack of nutrients and oxygen Preterm birth Your baby having a low birth weight Damage to your kidneys, liver, brain, and other organ and blood systems A higher risk of heart disease for you  How is high blood pressure in pregnancy diagnosed? Your provider will check your blood pressure and urine at each prenatal visit. If your blood pressure reading is high (140/90 or higher), especially after the 20th week of pregnancy, your provider will likely want to order some tests. These may include blood tests and other lab tests, such as a test to look for extra protein in your urine. What are the treatments for high blood pressure in pregnancy? If you have high blood pressure, you and your baby will be closely monitored to lower the chance of complications. You may need to:  Check your blood pressure at home. Keep track of how many times you feel the baby kicking each day. Adjust your physical activity. Talk to your provider about what level of physical activity is right for you. Take medicine to control your blood pressure. Talk to your provider about which medicines are safe for your baby.  Take aspirin in the second trimester, if you are at risk of preeclampsia and your provider recommends aspirin. Visit your provider more often to monitor your condition and your baby's growth rate and heart rate.  If you have eclampsia, HELLP syndrome, or a severe case of preeclampsia, you will most likely need to go to the hospital. Treatment often includes medicines. Your provider may also recommend delivering the baby early. They will make the decision based on:  How severe the condition is The possible risks to you and your baby How far along the pregnancy is  The goal is to lower the risks to you while giving your baby as much time as possible to mature before delivery.  The symptoms of preeclampsia can last after delivery, but they usually go away within 6 weeks.",MEDLINEPLUS,T046,Pathologic Function
1691,C2362499,"Blood, Heart and Circulation",MTH,,,T022,Body System
1692,C2362507,Metabolic Problems,MEDLINEPLUS,,,T046,Pathologic Function
1693,C2362516,Sugar Diabetes,MEDLINEPLUS,,,T047,Disease or Syndrome
1694,C2362567,Unspecified diabetes mellitus with neurological complications,ICD10,,,T047,Disease or Syndrome
1695,C2363982,Hypertension (SMQ),MDR,"Hipertensão é definida como pressão arterial elevada. As causas são desconhecidas (hipertensão essencial ou idiopática) ou estão associadas a outras doenças primárias (hipertensão secundária). Os diversos critérios para seu limiar variam de 140 mmHg sistólica e 90 mmHg diastólica a 200 mmHg sistólica e 110 mmHg diastólica. De acordo com as diretrizes de hipertensão de 2003 da Sociedade Europeia de Hipertensão/Sociedade Europeia de Cardiologia (European Society of Hypertension/European Society of Cardiology, ESH/ESC) e com o Instituto Nacional do Coração, Pulmão e Sangue (National Heart, Lung, and Blood Institute, NHLBI) dos EUA, a pressão arterial ideal é inferior a 120/80 mmHg. Pré-hipertensão é definida como pressão arterial de 120-139/80-89 mmHg. Definições mas recentes caracterizam a hipertensão como uma síndrome cardiovascular progressiva complexa. A maioria dos pacientes é assintomática; a hipertensão é identificada apenas ao se medir a pressão arterial. Os sinais e sintomas incluem cefaleia (apenas na hipertensão grave); e outras queixas possivelmente relacionadas: tontura, face ruborizada, fatigabilidade precoce, palpitação e nervosismo. As queixas referentes a efeitos vasculares incluem epistaxe, hematúria e turvação da visão. As apresentações comuns de emergências hipertensivas são dor torácica, dispneia e deficit neurológico. As apresentações neurológicas incluem cefaleia occipital, infarto ou hemorragia cerebral, perturbação visual ou encefalopatia hipertensiva. Não há alterações patológicas precoces na hipertensão primária. Por fim, há desenvolvimento de esclerose arteriolar generalizada, sobretudo nos rins. A hipertensão é um fator de risco importante para eventos cardiovasculares, tais como infarto do miocárdio e acidente vascular cerebral. O diagnóstico e tratamento precoces são essenciais.",MDRBPO,T185,Classification
1696,C2364040,Impaired Thermoregulation,ICNP,Fluctuation of temperature between hypothermia and hyperthermia,CCC,T033,Finding
1697,C2368045,uncontrolled secondary diabetic hypoglycemia,MEDCIN,,,T047,Disease or Syndrome
1698,C2584372,Korean Standard Classification of Disease Version 5,SRC,,,T170,Intellectual Product
1699,C2585282,Blood glucose concentration,SNOMEDCT_US,,,T033,Finding
1700,C2586163,Dietary education for gestational diabetes,SNOMEDCT_US,,,T058,Health Care Activity
1701,C2598517,History of diseases:Hx:Pt:^Patient:Nom:USSG-FHT,LNC,,,T201,Clinical Attribute
1702,C2599440,Cause of death:Find:Pt:^Family member:Nom:USSG-FHT,LNC,,,T201,Clinical Attribute
1703,C2599447,History of diseases:Hx:Pt:^Family member:Nom:USSG-FHT,LNC,,,T201,Clinical Attribute
1704,C2607479,Albiglutide,SNOMEDCT_US,"A long-acting glucagon-like peptide-1 (GLP-1) receptor agonist, with antihyperglycemic activity. Albiglutide is composed of a GLP-1 (7-36) dimer fused to recombinant human albumin. Upon subcutaneous administration, this agent has a half-life of 4-7 days and resists degradation by dipeptidyl peptidase-4 (DPP-4).",NCI,T116,"Amino Acid, Peptide, or Protein"
1705,C2609419,Eosinophilic pneumonia (SMQ),MDR,"Eozynofilowe zapalenia płuc charakteryzują się nagromadzeniem eozynofili w przestrzeniach pęcherzykowych, śródmiąższu lub w obu tych miejscach. Często obserwuje się eozynofilię obwodową. Przyczyny obejmują: zakażenia (zwłaszcza robacze); polekowe zapalenie płuc (np. wywołane przez antybiotyki, fenytoinę, l-tryptofan); toksyny wziewne (np. kokainę); choroby układowe (np. zespół Churga Straussa); alergiczną aspergilozę oskrzelowo-płucną. Rozpoznanie na podstawie zmętnień na zdjęciu rentgenowskim klatki piersiowej i eozynofilii we krwi obwodowej, płynie z płukania oskrzelowo-pęcherzykowego lub biopsji płuca. Przewlekłe eozynofilowe zapalenie płuc jest chorobą o nieznanej etiologii. Podejrzewa się, że ma charakter skazy alergicznej. Pełnoobjawowa choroba z kaszlem, gorączką, utratą masy ciała, z towarzyszącą lub poprzedzającą astmą występuje w 50% przypadków. Ostre eozynofilowe zapalenie płuc również jest chorobą o nieznanej etiologii, jednak może występować jako ostra reakcja nadwrażliwości na niezidentyfikowany antygen wziewny. Charakteryzuje się ostrą chorobą gorączkową z kaszlem, dusznością, złym samopoczuciem, bólem mięśni, nocnym poceniem się i opłucnowym bólem w klatce piersiowej. Zespół Löfflera może być wywołany przez zakażenia pasożytnicze, w szczególności przez Ascaris lumbricoides, jednak często nie stwierdza się obecności czynnika możliwego do identyfikacji. Charakteryzuje się brakiem objawów lub łagodnymi objawami ze strony układu oddechowego, przemijającymi, wędrującymi zmętnieniami płuc i eozynofilią w krwi obwodowej.",MDRPOL,T185,Classification
1706,C2674705,"Osteolysis, Hereditary, Of Carpal Bones With Or Without Nephropathy",MSH,"An autosomal dominant condition caused by mutation(s) in the MAFB gene, encoding transcription factor MafB. It is characterized by progressive destruction of the carpal and tarsal bones, usually with onset in early childhood.",NCI,T047,Disease or Syndrome
1707,C2675066,Lymphedema-Distichiasis Syndrome with Renal Disease and Diabetes Mellitus,MSH,,,T047,Disease or Syndrome
1708,C2675184,"Exocrine Pancreatic Insufficiency, Dyserythropoietic Anemia, And Calvarial Hyperostosis",OMIM,"Síndrome caracterizado por insuficiencia pancreática exocrina, anemia diseritropoyética e hiperostosis de la calota craneal. Se describió en cuatro niños, tres varones y una niña, de dos familias cosanguíneas. La enfermedad se debe a mutación del gen COX412, que codifica una subunidad de citocromo C oxidasa mitocondrial. La transmisión es autosómica recesiva.",SCTSPA,T047,Disease or Syndrome
1709,C2675472,"Diabetes Mellitus, Insulin-Dependent, 23",MSH,,,T047,Disease or Syndrome
1710,C2675517,"Adiponectin, Serum Level Of, Quantitative Trait Locus 1",MTH,,,T033,Finding
1711,C2675861,Congenital generalized lipodystrophy type 3,ORPHANET,,,T047,Disease or Syndrome
1712,C2675864,"Diabetes Mellitus, Insulin-Dependent, 22",MTH,,,T047,Disease or Syndrome
1713,C2675865,"Diabetes Mellitus, Insulin-Dependent, 21",MTH,,,T047,Disease or Syndrome
1714,C2675866,"Diabetes Mellitus, Insulin-Dependent, 20",MTH,,,T047,Disease or Syndrome
1715,C2677132,"Maturity-Onset Diabetes Of The Young, Type 9 (Disorder)",MTH,,,T047,Disease or Syndrome
1716,C2677745,Hunter-Macdonald Syndrome,OMIM,,,T047,Disease or Syndrome
1717,C2678408,"Pituitary Hormone Deficiency, Combined, 4",OMIM,,,T047,Disease or Syndrome
1718,C2684343,Bermuda grass pollen extract,MTH,,,T121,Pharmacologic Substance
1719,C2698057,Alogliptin benzoate,SNOMEDCT_US,"The benzoate salt form of alogliptin, a selective, orally bioavailable, pyrimidinedione-based inhibitor of dipeptidyl peptidase 4 (DPP-4), with hypoglycemic activity. In addition to its effect on glucose levels, alogliptin may inhibit inflammatory responses by preventing the toll-like receptor 4 (TLR-4)-mediated formation of proinflammatory cytokines.",NCI,T109,Organic Chemical
1720,C2698187,Astrocytic Phosphoprotein PEA-15,NCI,"Astrocytic phosphoprotein PEA-15 (130 aa, ~15 kDa) is encoded by the human PEA15 gene. This protein may play a role in the regulation of sugar transport, protein localization and signal transduction.",NCI,T123,Biologically Active Substance
1721,C2698290,Azilsartan Kamedoxomil,NCI,,,T109,Organic Chemical
1722,C2698291,Azilsartan medoxomil,SNOMEDCT_US,"A medoxomil prodrug of azilsartan, an angiotensin II receptor antagonist with antihypertensive activity. Upon hydrolysis, azilsartan selectively and competitively binds to the AT1 subtype angiotensin II receptor and blocks the binding of angiotensin II to the receptor, thus promoting vasodilatation and counteracting the effects of aldosterone. Converted from angiotensin I by angiotensin-converting enzyme (ACE), angiotensin II stimulates the adrenal cortex to synthesize and secrete aldosterone, decreasing sodium excretion and increasing potassium excretion, and acts as a vasoconstrictor in vascular smooth muscle.",NCI,T109,Organic Chemical
1723,C2699273,Saxagliptin Anhydrous,NCI,"The anhydrous form of saxagliptin, a potent, selective and competitive, cyanopyrrolidine-based, orally bioavailable inhibitor of dipeptidyl peptidase 4 (DPP-4), with hypoglycemic activity. Saxagliptin is metabolized into an, although less potent, active mono-hydroxy metabolite.",NCI,T116,"Amino Acid, Peptide, or Protein"
1724,C2701206,western ragweed pollen extract,MTH,,,T121,Pharmacologic Substance
1725,C2701231,corn pollen extract,MTH,,,T121,Pharmacologic Substance
1726,C2701243,mugwort sage pollen extract,MTH,,,T121,Pharmacologic Substance
1727,C2701282,dandelion pollen extract,MTH,,,T121,Pharmacologic Substance
1728,C2701339,Johnson grass pollen extract,MTH,,,T121,Pharmacologic Substance
1729,C2701415,smooth brome pollen extract,RXNORM,,,T121,Pharmacologic Substance
1730,C2701451,domestic cow skin extract,MTH,,,T121,Pharmacologic Substance
1731,C2701564,Cochliobolus sativus allergenic extract,MTH,,,T121,Pharmacologic Substance
1732,C2701576,beech pollen extract,MTH,,,T116,"Amino Acid, Peptide, or Protein"
1733,C2701586,cottonseed allergenic extract,MTH,,,T121,Pharmacologic Substance
1734,C2708651,Asthma tracking panel:-:Pt:^Patient:-,MTH,,,T201,Clinical Attribute
1735,C2708653,Asthma spells:NRat:1W:^Patient:Qn,LNC,,,T201,Clinical Attribute
1736,C2710874,Tapentadol hydrochloride,SNOMEDCT_US,"The hydrochloride salt of tapentadol, an orally available, synthetic benzenoid that acts as an agonist for the mu-opioid receptor (MOR) and inhibits the reuptake of noradrenaline, with potential anti-nociceptive activity. Upon oral administration, tapentadol binds to the MOR which enhances MOR-mediated signaling, interferes with the sensation of pain and results in an analgesic effect. Tapentadol also inhibits the reuptake of noradrenaline, which increases the levels of noradrenaline (NA), activates the inhibitory alpha-2 receptors and results in an analgesic effect.",NCI,T109,Organic Chemical
1737,C2711084,Hyperglycemic crisis due to diabetes mellitus,SNOMEDCT_US,,,T047,Disease or Syndrome
1738,C2717539,Levamlodipine,SNOMEDCT_US,,,T109,Organic Chemical
1739,C2719771,Saxagliptin hydrochloride,SNOMEDCT_US,"The hydrochloride salt form of saxagliptin, an orally bioavailable, potent, selective and competitive, cyanopyrrolidine-based inhibitor of dipeptidyl peptidase 4 (DPP-4), with hypoglycemic activity. Saxagliptin is metabolized into an, although less potent, active mono-hydroxy metabolite.",NCI,T116,"Amino Acid, Peptide, or Protein"
1740,C2721746,Lipodystrophy (SMQ),MDR,"Lipodystrophie associée au VIH : accumulation centrale de graisses anormale (lipohypertrophie) et perte localisée de tissu adipeux (lipoatrophie). Certains patients présentent uniquement une lipohypertrophie ou une lipoatrophie, d'autres un tableau clinique mixte. La lipohypertrophie et la lipoatrophie sont distinctes, avec des facteurs de risque et processus métaboliques sous-jacents différents. Lipohypertrophie : coussin adipeux dorso-cervical augmenté ; augmentation de la circonférence du cou ; accroissement mammaire (dont gynécomastie) ; accumulation de gras viscéral abdominal et autres accumulations de tissu adipeux circonscrites (par ex., lipomes) ou généralisées. Lipoatrophie : fonte de tissu adipeux périphérique ; perte de tissu sous-cutané au niveau du visage, des bras, des jambes et des fessiers ; atteinte du visage la plus courante. Autres caractéristiques : hyperlipidémie ; insulino-résistance ; hyperinsulinémie ; hyperglycémie ; niveaux bas des lipoprotéines de haute densité et risque accru de diabète sucré et d'athérosclérose. Les mécanismes de développement ne sont pas entièrement connus. Les médicaments inhibiteurs de la protéase du VIH-1 et les inhibiteurs nucléotidiques de la transcriptase inverse sont impliqués comme suit : diminution de la production d'acide rétinoïde et du recaptage des triglycérides ; inhibition de l'ADN polymérase gamme mitochondriale (ADNmt) ; inhibition du métabolisme lipidique et du développement des adipocytes. Les constatations suggèrent une diminution de la sensibilité à l'insuline, un dysfonctionnement de la cellule bêta et une expression affaiblie du récepteur de l'œstrogène dans les tissus adipeux. En l'absence de HAART, le VIH-1 peut lui-même provoquer une dyslipidémie et une lipodystrophie par différents mécanismes. Chez les patients VIH positifs traités par HAART, l'énergie consommée au repos et l'oxydation des lipides des patients lipodystrophiques sont plus élevées que chez les patients non lipodystrophiques.",MDRFRE,T185,Classification
1741,C2721779,guafacine hydrochloride,RXNORM,,,T109,Organic Chemical
1742,C2722030,dog skin extract,MTH,,,T121,Pharmacologic Substance
1743,C2723729,rabbit skin extract,MTH,,,T121,Pharmacologic Substance
1744,C2726165,Trichoderma viride allergenic extract,MTH,,,T121,Pharmacologic Substance
1745,C2727836,Eurotium herbariorum allergenic extract,MTH,,,T121,Pharmacologic Substance
1746,C2731839,short ragweed pollen extract,MTH,,,T109,Organic Chemical
1747,C2732342,History of diabetes mellitus in child of subject,SNOMEDCT_US,,,T033,Finding
1748,C2732401,Well controlled type 1 diabetes mellitus,SNOMEDCT_US,"Diabetes mellitus tipo I en la cual las fluctuaciones de la glucemia a lo largo del tiempo se mantienen dentro de un rango tal que los estudios que reflejan su variación a largo plazo, como la HbA1c, no exceden los límites de los niveles esperables con los tratamientos disponibles.",SCTSPA,T033,Finding
1749,C2732402,Uncontrolled type 1 diabetes mellitus,SNOMEDCT_US,"Diabetes mellitus tipo I en la cual se producen fluctuaciones de la glucemia a lo largo del tiempo, de manera tal que los estudios que reflejan su variación a largo plazo, como la HbA1c, exceden los límites de los niveles esperables con los tratamientos disponibles.",SCTSPA,T033,Finding
1750,C2733146,Uncontrolled type 2 diabetes mellitus,SNOMEDCT_US,"Diabetes mellitus tipo II en la cual se producen fluctuaciones de la glucemia a lo largo del tiempo, de manera tal que los estudios que reflejan su variación a largo plazo, como la HbA1c, exceden los límites de los niveles esperables con los tratamientos disponibles.",SCTSPA,T033,Finding
1751,C2733147,Well controlled type 2 diabetes mellitus,SNOMEDCT_US,"Diabetes mellitus tipo II en la cual las fluctuaciones de la glucemia a lo largo del tiempo se mantienen dentro de un rango tal que los estudios que reflejan su variación a largo plazo, como la HbA1c, no exceden los límites de los niveles esperables con los tratamientos disponibles.",SCTSPA,T033,Finding
1752,C2733233,Lifestyle education regarding hypertension,SNOMEDCT_US,,,T065,Educational Activity
1753,C2739353,Hypertension in last 7D:Find:7D:^Patient:Ord:MDSv3,LNC,,,T201,Clinical Attribute
1754,C2739366,Diabetes mellitus:Find:RptPeriod:^Patient:Ord:CMS Assessment,LNC,,,T201,Clinical Attribute
1755,C2739393,Asthma &or chronic obstructive lung disease or chronic lung disease in last 7D:Find:7D:^Patient:Ord:MDSv3,LNC,,,T201,Clinical Attribute
1756,C2743673,Teplizumab,USPMG,,,T116,"Amino Acid, Peptide, or Protein"
1757,C2746078,Linagliptin,SNOMEDCT_US,"A potent, orally bioavailable dihydropurinedione-based inhibitor of dipeptidyl peptidase 4 (DPP-4), with hypoglycemic activity. The inhibition of DPP-4 by linagliptin appears to be longer lasting than that by some other DPP-4 inhibitors tested.",NCI,T109,Organic Chemical
1758,C2748662,Mitchell-Riley Syndrome,OMIM,,,T047,Disease or Syndrome
1759,C2751306,"Polycystic kidney disease, type 2",MTH,Autosomal dominant polycystic kidney disease caused by a mutation in PKD2.,NCI,T047,Disease or Syndrome
1760,C2751532,3-Hydroxy-3-Methylglutaryl-Coa Synthase-2 Deficiency,OMIM,,,T047,Disease or Syndrome
1761,C2751697,"Diabetes Mellitus, Insulin-Dependent, 24",MSH,,,T047,Disease or Syndrome
1762,C2756198,Rhizopus stolonifer allergenic extract,MTH,,,T121,Pharmacologic Substance
1763,C2825339,"budesonide (11.beta.,16.alpha.(S))",MTH,,,T109,Organic Chemical
1764,C2827257,Lisinopril anhydrous,SNOMEDCT_US,"The anhydrous form of the long-acting angiotensin-converting enzyme (ACE) inhibitor lisinopril with antihypertensive activity. Lisinopril, a synthetic peptide derivative, competitively binds to and inhibits ACE, thereby blocking the conversion of angiotensin I to angiotensin II. This prevents the potent vasoconstrictive actions of angiotensin II and results in vasodilation. Lisinopril also decreases angiotensin II-induced aldosterone secretion by the adrenal cortex, which leads to an increase in sodium excretion and subsequently increases water outflow.",NCI,T116,"Amino Acid, Peptide, or Protein"
1765,C2827448,Childhood Diabetes Mellitus,NCI,Diabetes mellitus that develops during childhood.,NCI,T047,Disease or Syndrome
1766,C2830475,Impaired glucose tolerance (oral),ICD10CM,,,T033,Finding
1767,C2873880,Diabetes mellitus due to underlying condition,ICD10CM,,,T047,Disease or Syndrome
1768,C2873948,Drug or chemical induced diabetes mellitus,ICD10CM,,,T047,Disease or Syndrome
1769,C2874020,Type 1 diabetes mellitus with kidney complications,ICD10CM,,,T047,Disease or Syndrome
1770,C2874066,Type 1 Diabetes Mellitus with Periodontal Disease,NCI,Evidence of type 1 diabetes mellitus with periodontal disease.,NCI,T047,Disease or Syndrome
1771,C2874072,Type 2 diabetes mellitus with kidney complications,ICD10CM,,,T047,Disease or Syndrome
1772,C2874103,Type 2 diabetes mellitus with circulatory complications,ICD10CM,,,T047,Disease or Syndrome
1773,C2874119,Diabetes mellitus type 2 with periodontal disease,SNOMEDCT_US,Evidence of type 2 diabetes mellitus with periodontal disease.,NCI,T047,Disease or Syndrome
1774,C2874124,Diabetes mellitus due to genetic defect in insulin action,SNOMEDCT_US,,,T047,Disease or Syndrome
1775,C2874125,Diabetes mellitus due to genetic defect in beta cell function,SNOMEDCT_US,,,T047,Disease or Syndrome
1776,C2880887,Bilateral hypertension with disorder of retinas,SNOMEDCT_US,Evidence of hypertensive retinopathy that is bilateral.,NCI,T047,Disease or Syndrome
1777,C2887335,postprocedural hypertension,MEDCIN,,,T046,Pathologic Function
1778,C2887452,Uncomplicated mild persistent asthma,SNOMEDCT_US,"Evidence of mild persistent asthma, uncomplicated.",NCI,T047,Disease or Syndrome
1779,C2887456,Uncomplicated moderate persistent asthma,SNOMEDCT_US,"Evidence of moderate persistent asthma, uncomplicated.",NCI,T047,Disease or Syndrome
1780,C2887460,Uncomplicated severe persistent asthma,SNOMEDCT_US,"Evidence of severe persistent asthma, uncomplicated.",NCI,T047,Disease or Syndrome
1781,C2887463,Unspecified Asthma with Acute Exacerbation,NCI,Evidence of unspecified asthma with acute exacerbation.,NCI,T047,Disease or Syndrome
1782,C2887464,Unspecified Asthma with Status Asthmaticus,NCI,Evidence of unspecified asthma with status asthmaticus.,NCI,T047,Disease or Syndrome
1783,C2887465,"Unspecified Asthma, Uncomplicated",NCI,"Evidence of unspecified asthma, uncomplicated.",NCI,T047,Disease or Syndrome
1784,C2895206,Systemic Autoimmune Disease,NCI,An autoimmune disease affecting multiple organ systems.,NCI,T047,Disease or Syndrome
1785,C2902961,Page kidney,SNOMEDCT_US,Hypertension resulting from activation of the renin-angiotensin system in response to prolonged compression of the renal parenchyma and blood vessels.,NCI,T047,Disease or Syndrome
1786,C2903677,Gestational diabetes mellitus in pregnancy,MEDCIN,,,T046,Pathologic Function
1787,C2903678,"Gestational Diabetes Mellitus in Pregnancy, Diet Controlled",NCI,Evidence of gestational diabetes mellitus in pregnancy that is diet controlled.,NCI,T047,Disease or Syndrome
1788,C2903679,"Gestational Diabetes Mellitus in Pregnancy, Insulin Controlled",NCI,Evidence of gestational diabetes mellitus in pregnancy that is insulin controlled.,NCI,T047,Disease or Syndrome
1789,C2903681,Gestational diabetes mellitus in childbirth,SNOMEDCT_US,,,T047,Disease or Syndrome
1790,C2903685,"gestational diabetes mellitus, in puerperium",MEDCIN,,,T047,Disease or Syndrome
1791,C2903686,"Gestational Diabetes Mellitus in the Puerperium, Diet Controlled",NCI,Evidence of gestational diabetes mellitus in the puerperium that is diet controlled.,NCI,T047,Disease or Syndrome
1792,C2903687,"Gestational Diabetes Mellitus in the Puerperium, Insulin Controlled",NCI,Evidence of gestational diabetes mellitus in the puerperium that is insulin controlled.,NCI,T047,Disease or Syndrome
1793,C2917273,Increased Blood Pressure [PE],MTH,,,T033,Finding
1794,C2919352,Seasonal asthma,SNOMEDCT_US,,,T047,Disease or Syndrome
1795,C2919365,Macroalbuminuric nephropathy due to diabetes mellitus,SNOMEDCT_US,,,T047,Disease or Syndrome
1796,C2919796,Glycogen storage disease type Ia,SNOMEDCT_US,"An autosomal recessive condition caused by mutation(s) in the G6PC gene, encoding glucose-6-phosphatase. It is characterized by accumulation of glycogen in the kidneys and liver resulting in hypoglycemia, hyperlipidemia, and hyperuricemia. Adults may have a high incidence of hepatic adenomas.",NCI,T047,Disease or Syndrome
1797,C2919802,Brittle type 2 diabetes mellitus,SNOMEDCT_US,"Diabetes mellitus tipo II en la cual se producen fluctuaciones frecuentes, clínicamente significativas de la glucemia, por encima y por debajo de los niveles esperables con los tratamientos disponibles.",SCTSPA,T047,Disease or Syndrome
1798,C2920417,Indacaterol maleate,SNOMEDCT_US,,,T109,Organic Chemical
1799,C2924340,Ever told by doctor or nurse that you have high blood pressure,MTH,,,T170,Intellectual Product
1800,C2926615,Ever told by doctor or nurse that you have high blood pressure:Find:Pt:^Patient:Ord,MTH,,,T201,Clinical Attribute
1801,C2930860,"Premature aging, Okamoto type",MSH,,,T047,Disease or Syndrome
1802,C2931010,Congenital disorder of glycosylation type 2e,SNOMEDCT_US,"COG7-CDG is a congenital disorder of glycosylation characterised by dysmorphism, skeletal dysplasia, hypotonia, hepatosplenomegaly, jaundice, cardiac insufficiency, recurrent infections and epilepsy. To date, it has been described in two infants, both of whom died within the first three months of life. The syndrome is caused by a mutation in the gene encoding COG-7 (chromosome 16), a subunit of the oligomeric Golgi complex.",SNOMEDCT_US,T047,Disease or Syndrome
1803,C2931057,"Lipoatrophy with diabetes, hepatic steatosis, cardiomyopathy, and leukomelanodermic papules",MSH,,,T047,Disease or Syndrome
1804,C2931125,Feigenbaum Bergeron Richardson syndrome,SNOMEDCT_US,"A rare, severe, circulatory system disease characterised by premature, diffuse, severe atherosclerosis (including the aorta and renal, coronary, and cerebral arteries), sensorineural deafness, diabetes mellitus, progressive neurological deterioration with cerebellar symptoms and photomyoclonic seizures, and progressive nephropathy. Partial deficiency of mitochondrial complexes III and IV in the kidney and fibroblasts (but not in muscle) may be associated. There have been no further descriptions in the literature since 1994.",SNOMEDCT_US,T047,Disease or Syndrome
1805,C2931187,"Cystinosis, Nephropathic",OMIM,"An autosomal recessive condition caused by mutation(s) in the CTNS gene, encoding cystinosin. It is a sub-type of cystinosis, in which accumulation of cystine in the kidney results in renal dysfunction.",NCI,T047,Disease or Syndrome
1806,C2931296,"Pancreatic Hypoplasia, Congenital, with Diabetes Mellitus and Congenital Heart Disease",MSH,"Síndrome caracterizado por agenesia pancreática parcial, diabetes mellitus y anomalías cardíacas (que incluyen transposición de grandes vasos, defectos de los tabiques interauricular o interventricular, estenosis pulmonar o conducto arterioso permeable). Se describió en una familia japonesa, en la cual la madre y al menos dos de sus cuatro hijos estaban afectados (otros dos niños murieron poco tiempo después del nacimiento). El síndrome se heredaría como rasgo autosómico dominante.",SCTSPA,T047,Disease or Syndrome
1807,C2931417,Faye-Petersen Ward Carey syndrome,MSH,,,T047,Disease or Syndrome
1808,C2931521,Sclerosing lymphocytic lobulitis,MSH,,,T047,Disease or Syndrome
1809,C2931689,Dystrophia Myotonica 2,NCI,"A rare autosomal dominant disorder caused by mutations in the CNBP gene. It is characterized by muscle pain, fatigue, and weakness of the proximal muscles of the lower extremities.",NCI,T047,Disease or Syndrome
1810,C2931778,Adams Nance syndrome,MSH,,,T047,Disease or Syndrome
1811,C2931832,"Hyperinsulinemic Hypoglycemia, Familial, 1",OMIM,,,T047,Disease or Syndrome
1812,C2931833,"Hyperinsulinemic Hypoglycemia, Familial, 2",OMIM,,,T047,Disease or Syndrome
1813,C2934193,Olodaterol,SNOMEDCT_US,,,T109,Organic Chemical
1814,C2936858,"Adrenal Hyperplasia, Congenital, Due To 21-Hydroxylase Deficiency",OMIM,"Decreased activity of the enzyme 21-hydroxylase, associated with mutation(s) in the CYP21A2 gene. The lack of activity of this enzyme produces a type of congenital adrenal hyperplasia (CAH) and is the cause of approximately 95% of CAH.",NCI,T047,Disease or Syndrome
1815,C2945676,obesity in diabetes,CHV,,,T033,Finding
1816,C2963170,Health Problems in Pregnancy,MEDLINEPLUS,"What are health problems in pregnancy? A health problem in pregnancy is any disease or condition that could affect your health or the health of your fetus. Some health problems may make it more likely that you will have a high-risk pregnancy. A high-risk pregnancy is one in which you, your fetus, or both are at higher risk for health problems than in a typical pregnancy. But just because you have health problems, it doesn't mean that you, or your fetus, will have a problem during the pregnancy. Taking care of yourself and getting early and regular prenatal care from a health care provider may help you reduce pregnancy risks from health problems. What raises my risk for health problems during pregnancy? Every pregnancy has some risk of problems, but your lifestyle, as well as factors like certain conditions and health issues, can raise that risk, such as:  A health condition you had before you got pregnant A health condition you develop during pregnancy A pregnancy with more than one baby A health problem that happened during a previous pregnancy and could happen again Substance use during pregnancy Being over age 35  Any of these can affect your health, the health of your fetus, or both. Can chronic health conditions cause problems in pregnancy? Every pregnancy is different. If you have specific risks in one pregnancy, it doesn't mean that you will have them in another. But, if you have a chronic condition, you should talk to your provider about how to minimize your risk before you get pregnant. Once you are pregnant, you may need a health care team to monitor your pregnancy. Some common conditions that can complicate a pregnancy include:  High blood pressure Polycystic ovary syndrome (PCOS) Kidney problems Autoimmune disorders Thyroid disease Obesity HIV Cancer Infections  Other conditions that may make pregnancy risky can develop during pregnancy - for example, gestational diabetes and Rh incompatibility. Can health problems in pregnancy be prevented? You may be able to lower your risk of certain health problems by making healthy lifestyle changes before you get pregnant. These can include reaching a healthy weight, not smoking, and managing any health conditions. However, health problems during pregnancy are not always preventable. Some chronic conditions can be treated and controlled, while others aren't treatable and carry a higher risk than usual, even if the health problem is well-managed. Share your symptoms with your provider for early detection and treatment of health problems. Sometimes, it's hard to know what's normal. Some symptoms, like nausea, back pain, and fatigue, are common during pregnancy, while other symptoms, like vaginal bleeding or a severe or long-lasting headache, can be signs of a problem. Call your provider to let them know if something is bothering or worrying you.",MEDLINEPLUS,T047,Disease or Syndrome
1817,C2973895,Lixisenatide,SNOMEDCT_US,,,T116,"Amino Acid, Peptide, or Protein"
1818,C2974540,Canagliflozin,SNOMEDCT_US,A C-glucoside with a thiophene ring that is an orally available inhibitor of sodium-glucose transporter 2 (SGLT2) with antihyperglycemic activity. Canagliflozin is also able to reduce body weight and has a low risk for hypoglycemia.,NCI,T109,Organic Chemical
1819,C2976741,"ADRB2 protein, human",MTH,"Beta-2 adrenergic receptor (413 aa, ~47 kDa) is encoded by the human ADRB2 gene. This protein is involved in both catecholamine binding and G protein-coupled receptor signaling.",NCI,T116,"Amino Acid, Peptide, or Protein"
1820,C2976854,"Endocrine, nutritional and metabolic diseases (E00-E89)",ICD10CM,,,T047,Disease or Syndrome
1821,C2982078,Benralizumab,SNOMEDCT_US,"An afucosylated, humanized monoclonal antibody against the alpha chain of the interleukin-5 receptor (IL-5Ra), with potential anti-asthmatic activity. Upon administration, benralizumab binds to IL-5Ra and elicits an antibody-directed cell cytotoxicity (ADCC) against IL-5Ra-expressing cells. This induces apoptosis in IL-5Ra-expressing cells and may reduce asthmatic episodes. IL-5Ra, expressed on both eosinophils and basophils, plays a key role in asthma.",NCI,T116,"Amino Acid, Peptide, or Protein"
1822,C2983887,Timolol Anhydrous,NCI,,,T109,Organic Chemical
1823,C2983989,Canagliflozin anhydrous,SNOMEDCT_US,"The anhydrous form of canagliflozin, a C-glucoside with a thiophene ring that is an orally available inhibitor of sodium-glucose transporter 2 (SGLT2) with antihyperglycemic activity. Canagliflozin is also able to reduce body weight and has a low risk for hypoglycemia.",NCI,T109,Organic Chemical
1824,C3150419,Nephronophthisis-Like Nephropathy 1,OMIM,,,T047,Disease or Syndrome
1825,C3150617,"Maturity-onset diabetes of the young, type 10",SNOMEDCT_US,,,T047,Disease or Syndrome
1826,C3150618,"Maturity-onset diabetes of the young, type 11",SNOMEDCT_US,,,T047,Disease or Syndrome
1827,C3150649,"Autoimmune Disease, Multisystem, With Facial Dysmorphism",OMIM,,,T047,Disease or Syndrome
1828,C3150733,Long Qt Syndrome 13,OMIM,,,T047,Disease or Syndrome
1829,C3150874,Cranioectodermal Dysplasia 2,OMIM,,,T047,Disease or Syndrome
1830,C3151209,"Hyperuricemia, pulmonary hypertension, renal failure, alkalosis syndrome",SNOMEDCT_US,"Una enfermedad mitocondrial rara, de causa genética, caracterizada por insuficiencia renal progresiva de comienzo temprano, que se manifiesta con hiperuricemia, hiponatremia, hipomagnesemia, alcalosis metabólica hipoclorémica, elevación del NUS y poliuria, asociada con manifestaciones sistémicas que incluyen hipertensión pulmonar, falta de progreso, retraso generalizado del desarrollo, hipotonía e hipertrofia ventricular. Otras características incluyen prematurez, elevación de los niveles séricos de lactato, diabetes mellitus y en algunos, pancitopenia. Se produce por una mutación homocigota en el gen SARS2 que codifica a la sril-ARNt sintetasa motocondrial en el cromosoma 19q13.2.",SCTSPA,T047,Disease or Syndrome
1831,C3151237,"Hirschsprung Disease, Cardiac Defects, And Autonomic Dysfunction",OMIM,,,T047,Disease or Syndrome
1832,C3151378,"Iga Nephropathy, Susceptibility To, 2",OMIM,,,T033,Finding
1833,C3151476,Mitochondrial Dna Depletion Syndrome 9 (Encephalomyopathic Type With Methylmalonic Aciduria),OMIM,"SUCLG1-related mitochondrial DNA (mtDNA) depletion syndrome is an inherited disorder that affects the early development of the brain. Signs and symptoms typically appear soon after birth. Most affected children develop severe brain dysfunction and muscle weakness (encephalomyopathy). Infants with SUCLG1-related mtDNA depletion syndrome often have weak muscle tone (hypotonia). They typically have difficulty eating and may require a feeding tube. Additional features may include liver abnormalities and thickening of the heart muscle (hypertrophic cardiomyopathy). In affected individuals, a substance called methylmalonic acid typically builds up in the blood and urine.~ People with SUCLG1-related mtDNA depletion syndrome can have serious health complications, which result in a shortened lifespan. Individuals with SUCLG1-related mtDNA depletion syndrome typically do not survive past childhood.~Some infants with SUCLG1-related mtDNA depletion syndrome develop a toxic buildup of acids in the body in the first few days of life. This form of the disorder is called fatal infantile lactic acidosis. Infants with fatal infantile lactic acidosis typically only survive for a few days after birth.",MEDLINEPLUS,T047,Disease or Syndrome
1834,C3151959,"Renal Tubulopathy, Diabetes Mellitus, And Cerebellar Ataxia",OMIM,,,T047,Disease or Syndrome
1835,C3160719,"Iga Nephropathy, Susceptibility To, 1",OMIM,,,T033,Finding
1836,C3160955,"Pregnancy, labour and delivery complications and risk factors (excl abortions and stillbirth) (SMQ)",MDR,"La SMQ Grossesse et sujets néonataux a été développée pour remplacer la SMQ Résultat de grossesse indésirable/Toxicité pour la reproduction (comp troubles néonataux) d'origine, qui avait des incohérences au niveau de l'inclusion de termes, ce qui a produit en retour des problèmes de maintenance. Elle aussi été conçue pour être plus compatible avec les objectifs réglementaires relatifs à la grossesse et aux sujets néonataux. Les troubles de la lactation (fonctionnels ou liés à une exposition néonatale par le lait maternel) sont aussi inclus dans cette SMQ, mais les sujets relatifs à la fertilité et aux troubles du développement ne le sont pas. Cette SMQ se fonde sur les résultats de grossesse tels que définis dans le document de l'EMA intitulé "" Guideline on the Exposure to Medicinal Products during Pregnancy: Need for Post-Authorisation Data "" (Directive sur l'exposition aux médicaments pendant la grossesse : Besoin de données post-AMM), qui sont les suivants : naissance vivante, normale ; naissance vivante, anormale (y compris les naissances avant terme, à terme et après terme ; petit pour l'âge gestationnel/retard de croissance intra-utérin ; syndrome du sevrage médicamenteux du nouveau-né ; malformations et morbidité) ; mort fœtale (y compris ectopique, fausse couche et mortinaissance) ; et interruption de grossesse. La SMQ de sous-recherche Complications et facteurs de risque de la grossesse, du travail et de l'accouchement (excl avortement et mortinaissance) se rapporte aux anomalies du travail, de la grossesse et de l'accouchement ; aux présentations vicieuses, grossesses ectopiques, problèmes du placenta et états qui augmentent le risque de complications de la grossesse.",MDRFRE,T185,Classification
1837,C3173164,Clinician-diagnosed illness:Find:Pt:^Patient:Nom:PhenX,LNC,,,T201,Clinical Attribute
1838,C3173188,Has your child ever had asthma:Find:Pt:^Patient:Ord:PhenX,LNC,,,T201,Clinical Attribute
1839,C3173218,Was your parent ever told by a doctor that he or she had asthma:Find:Pt:^Patient:Ord:PhenX,LNC,,,T201,Clinical Attribute
1840,C3173471,Do you still have asthma:Find:Pt:^Patient:Ord:PhenX,LNC,,,T201,Clinical Attribute
1841,C3173473,Was asthma confirmed by a doctor:Find:Pt:^Patient:Ord:PhenX,LNC,,,T201,Clinical Attribute
1842,C3173474,At what age did asthma start:Time:Pt:^Patient:Qn:PhenX,LNC,,,T201,Clinical Attribute
1843,C3173476,"If you no longer have asthma, at what age did it stop:Time:Pt:^Patient:Qn:PhenX",LNC,,,T201,Clinical Attribute
1844,C3173490,"Have you had any treatment for high blood pressure, hypertension, in the past 10Y:Find:10Y:^Patient:Ord:PhenX",LNC,,,T201,Clinical Attribute
1845,C3173706,Have you ever had asthma:Find:Pt:^Patient:Ord:PhenX,LNC,,,T201,Clinical Attribute
1846,C3178811,Masked Hypertension,MSH,"Phenomenon where increased BLOOD PRESSURE readings taken in non-clinical settings (e.g., HOME BLOOD PRESSURE MONITORING) do not replicate in clinical settings.",MSH,T033,Finding
1847,C3179549,Dulaglutide,SNOMEDCT_US,"A glucagon-like peptide-1 (GLP-1) receptor agonist that is 90% homologous to native human GLP-1 (7-37) and is composed of a dipeptidyl peptidase-IV-protected GLP-1 analog covalently linked to a human immunoglobulin G4 (IgG4)-Fc heavy chain, with antihyperglycemic activity. Upon administration, dulaglutide binds to and activates GLP-1 receptors, thereby increasing intracellular cyclic AMP (cAMP) in pancreatic beta cells. This increases glucose-dependent insulin release. Dulaglutide also reduces the elevated glucagon secretion by inhibiting alpha cells of the pancreas and slows gastric emptying. Altogether this lowers the postprandial glucose level. GLP-1 is normally secreted by L cells of the gastrointestinal (GI) mucosa in response to a meal to normalize blood glucose levels.",NCI,T116,"Amino Acid, Peptide, or Protein"
1848,C3250483,diabetes mellitus with diabetic arthropathy,MEDCIN,,,T046,Pathologic Function
1849,C3250577,diabetes mellitus with oral cavity manifestations,MEDCIN,,,T047,Disease or Syndrome
1850,C3250578,type 1 diabetes mellitus with oral cavity manifestations,MEDCIN,,,T047,Disease or Syndrome
1851,C3250580,diabetes mellitus with periodontal disease,MEDCIN,,,T047,Disease or Syndrome
1852,C3251044,"gestational diabetes mellitus, White's classification",MEDCIN,,,T047,Disease or Syndrome
1853,C3251055,asthma assessment,MEDCIN,,,T061,Therapeutic or Preventive Procedure
1854,C3251056,assessment & intervention asthma impairment assessed,MEDCIN,,,T061,Therapeutic or Preventive Procedure
1855,C3251057,assessment & intervention asthma risk assessed,MEDCIN,,,T061,Therapeutic or Preventive Procedure
1856,C3258978,Medical history:Find:Pt:^Patient:Nom:PhenX,LNC,,,T201,Clinical Attribute
1857,C3259218,"Do you have a long-term health problem with heart disease, lung disease, asthma, kidney disease, metabolic disease, diabetes, anemia, or other blood disorder:Find:Pt:^Patient:Ord:PhenX",LNC,,,T201,Clinical Attribute
1858,C3259518,Pulmonary hypertension:Hx:Pt:^Patient:Ord:Reported,LNC,,,T201,Clinical Attribute
1859,C3260997,Medication complication:Find:Pt:^Patient:Nom:NEMSIS,LNC,,,T201,Clinical Attribute
1860,C3261002,Procedure complication:Find:Pt:^Patient:Nom:NEMSIS,LNC,,,T201,Clinical Attribute
1861,C3265310,sage extract,MTH,,,T109,Organic Chemical
1862,C3266050,Hypertensive complication,SNOMEDCT_US,,,T046,Pathologic Function
1863,C3266628,Persistent asthma,SNOMEDCT_US,,,T047,Disease or Syndrome
1864,C3266758,Hypertension exercise education,SNOMEDCT_US,,,T058,Health Care Activity
1865,C3275898,"Renal Dysplasia, Cystic, Susceptibility To",OMIM,,,T033,Finding
1866,C3276161,"Arterial Calcification, Generalized, Of Infancy, 2",OMIM,,,T047,Disease or Syndrome
1867,C3279990,"Candidiasis, Familial, 7",MTH,"An autosomal dominant immune dysregulation condition characterized by chronic mucocutaneous candidiasis, as well as other variable clinical features. It is caused by gain-of-function mutation(s) in the STAT1 gene, encoding signal transducer and activator of transcription 1-alpha/beta.",NCI,T047,Disease or Syndrome
1868,C3280113,"Nephrotic Syndrome, Type 5, With Or Without Ocular Abnormalities",OMIM,,,T047,Disease or Syndrome
1869,C3280266,Narcolepsy 7,OMIM,,,T047,Disease or Syndrome
1870,C3280309,"Arthrogryposis, Perthes Disease, And Upward Gaze Palsy",OMIM,,,T047,Disease or Syndrome
1871,C3280315,Platelet-activating factor acetylhydrolase deficiency,HPO,Reduced level of platelet-activating factor acetylhydrolase. [],HPO,T047,Disease or Syndrome
1872,C3280358,"Wolfram-Like Syndrome, Autosomal Dominant",OMIM,,,T047,Disease or Syndrome
1873,C3280616,Cranioectodermal Dysplasia 4,OMIM,,,T047,Disease or Syndrome
1874,C3280692,"Microcephalus, cerebellar hypoplasia, cardiac conduction defect syndrome",SNOMEDCT_US,"Un síndrome raro, de causa genética, de anomalías congénitas/dismorfismos, caracterizadas por falta de crecimiento, retraso global del desarrollo, discapacidad intelectual profunda, conducta autista, bloqueo cardíaco de segundo grado adquirido, con bradicardia e inestabilidad vasomotriz. Se observan dedos fusiformes largos en manos y pies, camptodactilia, clinodactilia y dedos de los pies apiñados, mientras que el dismorfismo craneofacial incluye microcefalia, frente ancha, cejas delgadas, fisuras palpebrales con inclinación mongoloide, orejas grandes con antihélice prominente, nariz grande, filtrum largo, bermellón de labio superior delgado y labio inferior prominente. Los signos neurológicos incluyen hipotonía, reflejos bruscos, movimientos distónicos y atxia de tronco. Los estudios de imágenes muestran hipoplasia de cerebelo y patrón de circunvoluciones simplificado.",SCTSPA,T047,Disease or Syndrome
1875,C3280856,"Congenital ichthyosis, intellectual disability, spastic quadriplegia syndrome",SNOMEDCT_US,"Se trata de un síndrome de ictiosis autosómico poco frecuente, con signos neurológicos prominentes e ictiosis congénita asociada con retraso del desarrollo global, discapacidad intelectual, convulsiones de inicio en la lactancia y tetraplejía espástica. Las imágenes del cerebro pueden reflejar atrofia cerebral y retraso en la mielinización. Se ha registrado variabilidad intrafamiliar marcada.",SCTSPA,T047,Disease or Syndrome
1876,C3280914,Familial Cold Autoinflammatory Syndrome 3,OMIM,,,T047,Disease or Syndrome
1877,C3469186,Hemochromatosis type 1,SNOMEDCT_US,,,T047,Disease or Syndrome
1878,C3469605,"Pseudohypoaldosteronism, Type Iid",OMIM,,,T047,Disease or Syndrome
1879,C3469606,"Pseudohypoaldosteronism, Type Iie",OMIM,,,T047,Disease or Syndrome
1880,C3472162,Aminophylline dihydrate,SNOMEDCT_US,,,T109,Organic Chemical
1881,C3481636,Asthma action plan:Find:Pt:{Setting}:Doc:{Role},MTH,,,T201,Clinical Attribute
1882,C3481928,Active diagnoses based on review of patient records:Find:Pt:^Patient:Nom:CARE,LNC,,,T201,Clinical Attribute
1883,C3490348,Empagliflozin,SNOMEDCT_US,"An orally available competitive inhibitor of sodium-glucose co-transporter 2 (SGLT2; SLC5A2) with antihyperglycemic activity. Upon oral administration, empagliflozin selectively and potently inhibits SGLT2 in the kidneys, thereby suppressing the reabsorption of glucose in the proximal tubule. Inhibition of SGLT2 increases urinary glucose excretion by the kidneys, resulting in a reduction of plasma glucose levels in an insulin-independent manner. Inhibition of SGLT2 in the kidneys also suppresses the renal reabsorption of 1,5-anhydroglucitol (1,5AG). This lowers serum 1,5AG and neutrophil 1,5-anhydroglucitol-6-phosphate (1,5AG6P) levels, which may improve neutropenia and neutrophil dysfunction in patients with glycogen storage disease type Ib (GSD Ib). SGLT2, a transport protein exclusively expressed in the proximal renal tubules, mediates approximately 90% of renal glucose reabsorption from tubular fluid.",NCI,T109,Organic Chemical
1884,C3491971,Insulin degludec,SNOMEDCT_US,"A recombinant, long-acting analog of human insulin, with blood glucose-lowering activity. Upon subcutaneous injection, insulin degludec forms a multi-hexameric depot from which insulin monomers are slowly released into the systemic circulation. Insulin regulates glucose metabolism by binding to insulin receptors on muscle and fat cells, which stimulates the cellular uptake of glucose and lowers blood glucose levels. Insulin inhibits the liver's conversion of stored glycogen into glucose, which also contributes to lower blood glucose levels. In addition, insulin inhibits lipolysis in adipose tissue, inhibits proteolysis, and enhances protein synthesis. Insulin degludec doesn't contain the amino acid threonine that is found at position B30 in human insulin; additionally, the lysine at position B29 is conjugated to hexadecanedioic acid, which allows the formation of the multi-hexamers upon subcutaneous injection. The phenol and zinc present in the pharmaceutical formulation promote a di-hexameric state of insulin degludec.",NCI,T116,"Amino Acid, Peptide, or Protein"
1885,C3493561,"MTNR1B protein, human",MTH,"Melatonin receptor type 1B (362 aa, ~40 kDa) is encoded by the human MTNR1B gene. This protein plays a role in both ligand recognition and signal transduction.",NCI,T116,"Amino Acid, Peptide, or Protein"
1886,C3494551,Chronic kidney disease stage 1 due to hypertension,SNOMEDCT_US,,,T047,Disease or Syndrome
1887,C3494566,Erectile dysfunction due to type 1 diabetes mellitus,SNOMEDCT_US,,,T047,Disease or Syndrome
1888,C3494588,Chronic kidney disease stage 4 due to hypertension,SNOMEDCT_US,,,T047,Disease or Syndrome
1889,C3494589,Chronic kidney disease stage 5 due to hypertension,SNOMEDCT_US,,,T047,Disease or Syndrome
1890,C3494590,Chronic kidney disease stage 3 due to hypertension,SNOMEDCT_US,,,T047,Disease or Syndrome
1891,C3494591,Chronic kidney disease stage 2 due to hypertension,SNOMEDCT_US,,,T047,Disease or Syndrome
1892,C3495061,Documentation of asthma medication action plan,SNOMEDCT_US,,,T058,Health Care Activity
1893,C3495063,Documentation of hypertension medication action plan,SNOMEDCT_US,,,T058,Health Care Activity
1894,C3495070,Documentation of diabetes medication action plan,SNOMEDCT_US,,,T058,Health Care Activity
1895,C3495814,Fulminant type 1 diabetes mellitus,SNOMEDCT_US,,,T047,Disease or Syndrome
1896,C3501739,"Tachycardia, Hypertension, Microphthalmia, And Hyperglycinuria",MSH,,,T047,Disease or Syndrome
1897,C3501777,"Renal Tubulopathy, Diabetes Mellitus, and Cerebellar Ataxia due to Duplication of Mitochondrial DNA",MSH,,,T047,Disease or Syndrome
1898,C3502106,"Hypoglycemia, Neonatal, Simulating Foetopathia Diabetica",MSH,,,T047,Disease or Syndrome
1899,C3508174,patient engagement for diabetes,MEDCIN,,,T058,Health Care Activity
1900,C3508175,patient engagement for asthma,MEDCIN,,,T058,Health Care Activity
1901,C3508176,patient engagement for hypertension,MEDCIN,,,T058,Health Care Activity
1902,C3508928,Exacerbation of mild persistent asthma,SNOMEDCT_US,,,T047,Disease or Syndrome
1903,C3508930,Exacerbation of severe persistent asthma,SNOMEDCT_US,,,T047,Disease or Syndrome
1904,C3508931,Uncomplicated asthma,SNOMEDCT_US,,,T047,Disease or Syndrome
1905,C3532257,Uncontrolled gestational diabetes mellitus,SNOMEDCT_US,,,T033,Finding
1906,C3532285,Coronary sinus hypertension as complication of procedure,SNOMEDCT_US,,,T033,Finding
1907,C3532488,History of diabetes mellitus type 2,SNOMEDCT_US,,,T033,Finding
1908,C3532489,History of diabetes mellitus type 1,SNOMEDCT_US,,,T033,Finding
1909,C3532621,Diabetes mellitus suspected,SNOMEDCT_US,,,T033,Finding
1910,C3532672,Discussion about hypoglycemia in pregnancy,SNOMEDCT_US,,,T061,Therapeutic or Preventive Procedure
1911,C3532953,Hypertensive heart AND chronic kidney disease stage 3,SNOMEDCT_US,,,T047,Disease or Syndrome
1912,C3532954,Hypertensive heart AND chronic kidney disease stage 2,SNOMEDCT_US,,,T047,Disease or Syndrome
1913,C3533837,Medical history:Find:Pt:^Patient:Nom:RHEA,LNC,,,T201,Clinical Attribute
1914,C3534591,Diabetic Heart Disease,MEDLINEPLUS,"What is diabetes? Diabetes is a disease in which your blood glucose, or blood sugar, levels are too high. Glucose comes from foods you eat. The cells of your body need glucose for energy. A hormone called insulin helps the glucose get into your cells. With type 1 diabetes, your body doesn't make insulin. With type 2 diabetes, your body doesn't make or use insulin well. Without enough insulin, glucose builds up in your blood and causes high blood sugar levels. What is diabetic heart disease? Diabetic heart disease is a term for heart disease in people who have diabetes. If you have diabetes, you are much more likely to develop heart disease or have a stroke than people who don't have diabetes. And you may start having these problems at a younger age. Over time, the effects of high blood sugar from diabetes can include damage to the blood vessels and nerves in your heart. This damage increases your chance of developing heart diseases, including:  Coronary artery disease (CAD). It happens slowly as a sticky material called plaque builds up in the arteries that supply your heart muscle with blood. Heart failure. With this condition, your heart can't pump enough oxygen-rich blood to meet the needs of your body. Cardiomyopathy. This is a group of diseases in which the heart muscle may become thick or stiff.  Who is more likely to develop diabetic heart disease? Diabetes puts you at serious risk for heart disease. It also makes you more likely to develop other conditions that raise your risk even more, including:  High blood pressure High blood levels of LDL ""bad"" cholesterol High triglycerides (a type of fat in your blood) with low blood levels of HDL ""good"" cholesterol  Your risk for heart disease is also higher if you  Are male Smoke Have obesity Have too much belly fat around your waist, even though you're at a healthy weight:  For men, that's a waist more than 40 inches For women, that's a waist more than 35 inches   Have a family history of heart disease Have chronic kidney disease  What are the symptoms of diabetic heart disease? In the early stages, heart disease usually doesn't have any symptoms. But if your heart disease worsens, you can have symptoms. Your symptoms will depend on the type of heart disease you have. They might include:  Shortness of breath Fatigue Dizziness or fainting Arrhythmia (problem with the rate or rhythm of your heartbeat) Swollen feet and ankles Chest pain  It's important to know that people with diabetes may not feel chest pain. That's because diabetes can damage the nerves in your heart. If you have any symptoms that could be heart disease, talk with your health care provider. How is diabetic heart disease diagnosed? To find out if you have diabetic heart disease, your provider will:  Ask about your medical history, including your symptoms and other health conditions you may have Ask about your family history, to find out if you have relatives who have or had heart disease Do a physical exam Likely run some tests to help understand your personal risk for heart disease, including:  Blood tests to check your cholesterol, triglycerides, and blood sugar levels A blood-pressure check Heart tests, if needed    Depending on your risk level, your provider may send you to a cardiologist (a doctor who specializes in heart diseases) for care. If you do have heart disease, treatment will depend on the type of heart disease you have. How can I prevent diabetic heart disease? You may be able to prevent heart disease or keep it from getting worse by working with your provider to:  Control your blood sugar levels Manage other conditions you may have that can raise your risk for heart disease  Take any medicines your provider prescribed Make heart-healthy habits part of your daily life Follow a healthy eating plan for diabetes  NIH: National Institute of Diabetes and Digestive and Kidney Diseases",MEDLINEPLUS,T047,Disease or Syndrome
1915,C3534592,Diabetes in Children and Teens,MEDLINEPLUS,"Until recently, the common type of diabetes in children and teens was type 1. It was called juvenile diabetes. With Type 1 diabetes, the pancreas does not make insulin. Insulin is a hormone that helps glucose,or sugar, get into your cells to give them energy. Without insulin, too much sugar stays in the blood. Now younger people are also getting type 2 diabetes. Type 2 diabetes used to be called adult-onset diabetes. But now it is becoming more common in children and teens, due to more obesity. With Type 2 diabetes, the body does not make or use insulin well. Children have a higher risk of type 2 diabetes if they are overweight or have obesity, have a family history of diabetes, or are not active. Children who are African American, Hispanic, Native American/Alaska Native, Asian American, or Pacific Islander also have a higher risk. To lower the risk of type 2 diabetes in children: Have them maintain a healthy weight Be sure they are physically active Have them eat smaller portions of healthy foods Limit time with the TV, computer, and video  Children and teens with type 1 diabetes may need to take insulin. Type 2 diabetes may be controlled with diet and exercise. If not, patients will need to take oral diabetes medicines or insulin. A blood test called the A1C can check on how you are managing your diabetes.",MEDLINEPLUS,T047,Disease or Syndrome
1916,C3536572,End stage renal disease due to hypertension,SNOMEDCT_US,,,T047,Disease or Syndrome
1917,C3539003,Hereditary sensory and autonomic neuropathy type 6,SNOMEDCT_US,"Una neuropatía sensitiva y autonómica hereditaria poco frecuente que se caracteriza por hipotonía en la lactancia, retraso psicomotor variable, alteración marcada de la sensibilidad dolorosa con cicatrización deficiente. También presenta úlceras distales y fracturas indoloras que conducen a deformaciones articulares y amputación de dedos de manos y pies, alteración de reflejos tendinosos profundos y síntomas disautonómicos como hipohidrosis e intolerancia al calor, diarrea crónica, alteraciones pupilares o incontinencia urinaria. Se ha reportado hipoacusia neurosensorial. La gravedad de la enfermedad es altamente variable, siendo los casos graves potencialmente mortales en la lactancia.",SCTSPA,T047,Disease or Syndrome
1918,C3541293,Systemic Arterial Hypertensive Disorder,NCI,Any condition resulting in systemically elevated blood pressure that is attributed to an arterial source.,NCI,T047,Disease or Syndrome
1919,C3541471,"Mitochondrial Complex Iii Deficiency, Nuclear Type 1",OMIM,,,T047,Disease or Syndrome
1920,C3542022,"Short stature, onychodysplasia, facial dysmorphism, hypotrichosis syndrome",SNOMEDCT_US,"Una displasia ósea primaria rara, de causa genética, caracterizada por baja estatura prenatal y posnatal severa, dismorfismo facial (incluyendo dolicocefalia, cara larga triangular, frente alta, fisuras palpebrales con inclinación antimongoloide, nariz prominente, filtrum largo, orejas pequeñas), pelo corto, escaso de comienzo temprano o pospuberal y uñas de las manos hipoplásicas. También se asocian manos pequeñas con dedos cónicos, braquidactilia y clinodactilia de quinto dedo de la mano, así como voz aguda. Algunas evidencias indican que la enfermedad podría ser causada por una mutación homocigota en el gen POC1A en el cromosoma 3p21.",SCTSPA,T047,Disease or Syndrome
1921,C3544362,Hypersensitivity (SMQ),MDR,"Ziel dieser SMQ ist die Unterstützung von Datenbanksuchen nach möglicherweise mit Arznei-/Impfstoffen zusammenhängenden Hypersensibilitäts- und allergischen Reaktionen in Verbindung mit Risikomanagementplanung, Periodic Safety Update Reports (PSUR) und anderen Überwachungsaktivitäten; ausgelegt zur Abfrage aller Arten von Fällen, die möglicherweise mit Hypersensibilitäts- und allergischen Reaktionen zusammenhängen; SMQ ist nicht beabsichtigt zur Unterscheidung zwischen unterschiedlichen Arten von Sensibilitätsreaktionen, wie es bei der Klassifikation nach Coombs der Fall ist. Es gibt schon eine Reihe von SMQs, die für allergische Zustände bestehen (z. B. SMQ Anaphylaktische Reaktion, SMQ Angiooedem). Häufig dient der Begriff ""Hypersensibilität"" sehr allgemein zur Beschreibung einer großen Anzahl von Zuständen, die sich auf eine übertriebene Reaktion des Körpers auf einen Fremdstoff beziehen; eine beschränktere Verwendung dient für allergische Reaktionen aller Arten. Viele in der SMQ Hypersensibilitaet einbezogene Begriffe erlauben keine Unterscheidung zwischen Hypersensibilitäts- und allergischen Reaktionen und anderen Ursachen für ein gegebenes Ereignis und erfordern daher eine weitere Auswertung der von der SMQ aufgerufenen Fälle.",MDRGER,T185,Classification
1922,C3552343,Hypogonadotropic Hypogonadism 4 With Or Without Anosmia,OMIM,,,T047,Disease or Syndrome
1923,C3553250,Acrodysostosis 2 With Or Without Hormone Resistance,OMIM,,,T047,Disease or Syndrome
1924,C3553512,"Immunodeficiency, Common Variable, 8, with Autoimmunity",NCI,"An autosomal recessive common variable immunodeficiency caused by mutation(s) in the LRBA gene, encoding lipopolysaccharide-responsive and beige-like anchor protein. It is characterized by recurrent infections and the development of autoimmune disorders.",NCI,T047,Disease or Syndrome
1925,C3553587,Glucocorticoid Deficiency 4 With Or Without Mineralocorticoid Deficiency,OMIM,Familial glucocorticoid deficiency caused by mutation(s) in the NNT gene encoding nicotinamide nucleotide transhydrogenase.,NCI,T047,Disease or Syndrome
1926,C3553607,Mitochondrial pyruvate carrier deficiency,SNOMEDCT_US,"An autosomal recessive condition caused by mutation(s) in the MPC1 gene, encoding mitochondrial pyruvate carrier 1. it is characterized by lactic acidosis with a normal lactate/pyruvate ratio, and global developmentally.",NCI,T047,Disease or Syndrome
1927,C3553720,C3 Glomerulopathy 3,OMIM,,,T047,Disease or Syndrome
1928,C3554225,Leptin Receptor Deficiency,NCI,"Leptin receptor deficiency is a condition that causes severe obesity beginning in the first few months of life. Affected individuals are of normal weight at birth, but they are constantly hungry and quickly gain weight. The extreme hunger leads to chronic excessive eating (hyperphagia) and obesity. Beginning in early childhood, affected individuals develop abnormal eating behaviors such as fighting with other children over food, hoarding food, and eating in secret.~People with leptin receptor deficiency also have hypogonadotropic hypogonadism, which is a condition caused by reduced production of hormones that direct sexual development. Affected individuals experience delayed puberty or do not go through puberty, and they may be unable to conceive children (infertile).",MEDLINEPLUS,T047,Disease or Syndrome
1929,C3554606,"Mitochondrial Complex Iii Deficiency, Nuclear Type 3",OMIM,,,T047,Disease or Syndrome
1930,C3554608,"Mitochondrial Complex Iii Deficiency, Nuclear Type 5",OMIM,,,T047,Disease or Syndrome
1931,C3555622,Dapagliflozin propanediol,SNOMEDCT_US,"The propanediol form of dapagliflozin, a selective sodium-glucose co-transporter subtype 2 (SGLT2) inhibitor with antihyperglycemic activity. Upon administration, dapagliflozin selectively targets and inhibits SGLT2, thereby preventing the reabsorption of glucose by the kidneys.",NCI,T109,Organic Chemical
1932,C3646651,pregnancy complicated by chronic diabetes mellitus,MEDCIN,,,T047,Disease or Syndrome
1933,C3648969,"gestational diabetes mellitus in puerperium, controlled",MEDCIN,,,T047,Disease or Syndrome
1934,C3648970,"gestational diabetes mellitus in pregnancy, controlled",MEDCIN,,,T033,Finding
1935,C3649706,chronic type 2 diabetes mellitus in puerperium,MEDCIN,,,T047,Disease or Syndrome
1936,C3649707,"chronic type 2 diabetes mellitus in pregnancy, childbirth, and puerperium",MEDCIN,,,T047,Disease or Syndrome
1937,C3649709,chronic type 2 diabetes mellitus in childbirth,MEDCIN,,,T047,Disease or Syndrome
1938,C3649710,chronic type 1 diabetes mellitus in puerperium,MEDCIN,,,T047,Disease or Syndrome
1939,C3649711,"chronic type 1 diabetes mellitus in pregnancy, childbirth, and puerperium",MEDCIN,,,T047,Disease or Syndrome
1940,C3649713,chronic type 1 diabetes mellitus in childbirth,MEDCIN,,,T047,Disease or Syndrome
1941,C3654460,Risk factors in this pregnancy:Find:Pt:^Mother:Nom:US standard certificate of live birth,LNC,,,T201,Clinical Attribute
1942,C3658037,"interleukin-13, human",MTH,"Interleukin-13 (146 aa, ~16 kDa) is encoded by the human IL13 gene. This protein plays a role in the negative regulation of cytokine production and the positive regulation of B-cell proliferation.",NCI,T116,"Amino Acid, Peptide, or Protein"
1943,C3661892,Ankle ulcer due to type 1 diabetes mellitus,SNOMEDCT_US,,,T047,Disease or Syndrome
1944,C3661921,Perioperative hypertension,SNOMEDCT_US,,,T047,Disease or Syndrome
1945,C3661932,Angina due to type 2 diabetes mellitus,SNOMEDCT_US,,,T047,Disease or Syndrome
1946,C3661933,Dyslipidemia due to type 2 diabetes mellitus,SNOMEDCT_US,,,T047,Disease or Syndrome
1947,C3661934,Chronic kidney disease stage 1 due to type 2 diabetes mellitus,SNOMEDCT_US,,,T047,Disease or Syndrome
1948,C3661935,Chronic kidney disease stage 2 due to type 2 diabetes mellitus,SNOMEDCT_US,,,T047,Disease or Syndrome
1949,C3661936,Chronic kidney disease stage 3 due to type 2 diabetes mellitus,SNOMEDCT_US,,,T047,Disease or Syndrome
1950,C3661938,Chronic kidney disease stage 4 due to type 2 diabetes mellitus,SNOMEDCT_US,,,T047,Disease or Syndrome
1951,C3661939,Chronic kidney disease stage 5 due to type 2 diabetes mellitus,SNOMEDCT_US,,,T047,Disease or Syndrome
1952,C3661941,Mixed hyperlipidemia due to type 2 diabetes mellitus,SNOMEDCT_US,,,T047,Disease or Syndrome
1953,C3661951,Asthma with irreversible airway obstruction,SNOMEDCT_US,,,T047,Disease or Syndrome
1954,C3662018,Mixed hyperlipidemia due to type 1 diabetes mellitus,SNOMEDCT_US,,,T047,Disease or Syndrome
1955,C3662019,Pregnancy and type 1 diabetes mellitus,SNOMEDCT_US,,,T047,Disease or Syndrome
1956,C3662038,Chronic kidney disease due to type 2 diabetes mellitus,SNOMEDCT_US,,,T047,Disease or Syndrome
1957,C3662121,Neuropathic arthropathy due to type 2 diabetes mellitus,SNOMEDCT_US,,,T047,Disease or Syndrome
1958,C3662843,Acute exacerbation of chronic obstructive pulmonary disease with asthma,SNOMEDCT_US,,,T047,Disease or Syndrome
1959,C3662846,Nonproliferative retinopathy due to type 2 diabetes mellitus,SNOMEDCT_US,,,T047,Disease or Syndrome
1960,C3662848,Dermopathy due to type 2 diabetes mellitus,SNOMEDCT_US,,,T047,Disease or Syndrome
1961,C3662849,Foot ulcer due to type 2 diabetes mellitus,SNOMEDCT_US,,,T047,Disease or Syndrome
1962,C3662850,Peripheral neuropathy due to type 2 diabetes mellitus,SNOMEDCT_US,,,T047,Disease or Syndrome
1963,C3662851,Proliferative retinopathy due to type 2 diabetes mellitus,SNOMEDCT_US,,,T047,Disease or Syndrome
1964,C3662852,Vitreous hemorrhage due to type 2 diabetes mellitus,SNOMEDCT_US,,,T047,Disease or Syndrome
1965,C3665458,Hypertensive heart AND chronic kidney disease with congestive heart failure,SNOMEDCT_US,,,T047,Disease or Syndrome
1966,C3665549,Nephrotic syndrome due to diabetes mellitus,SNOMEDCT_US,,,T047,Disease or Syndrome
1967,C3668965,PROMIS pediatric item bank - asthma - version 1.0:-:Pt:^Patient:-:PROMIS.PEDS,MTH,,,T201,Clinical Attribute
1968,C3668972,PROMIS pediatric short form - asthma 8a - version 1.0:-:Pt:^Patient:-:PROMIS.PEDS,MTH,,,T201,Clinical Attribute
1969,C3669043,Intermittent hypertension (disorder),MTH,,,T047,Disease or Syndrome
1970,C3694929,"diabetes mellitus type 2 - uncomplicated, controlled by oral hypoglycemics",MEDCIN,,,T047,Disease or Syndrome
1971,C3694930,"diabetes mellitus type 2 - uncomplicated, controlled by insulin",MEDCIN,,,T047,Disease or Syndrome
1972,C3695318,Chronic kidney disease due to hypertension,SNOMEDCT_US,Longstanding kidney disease as a complication of hypertension.,NCI,T047,Disease or Syndrome
1973,C3697762,Hypertensive heart AND chronic kidney disease stage 1,SNOMEDCT_US,,,T047,Disease or Syndrome
1974,C3697763,Hypertensive heart AND chronic kidney disease stage 4,SNOMEDCT_US,,,T047,Disease or Syndrome
1975,C3697764,Hypertensive heart AND chronic kidney disease stage 5,SNOMEDCT_US,,,T047,Disease or Syndrome
1976,C3697765,Hypertensive heart AND chronic kidney disease on dialysis,SNOMEDCT_US,,,T047,Disease or Syndrome
1977,C3698109,End stage renal disease on dialysis due to hypertension,SNOMEDCT_US,,,T047,Disease or Syndrome
1978,C3698145,Dietary education for impaired glucose tolerance,SNOMEDCT_US,,,T061,Therapeutic or Preventive Procedure
1979,C3699150,I felt scared that I might have trouble breathing because of my asthma in past 7D:Find:7D:^Patient:Ord:PROMIS,LNC,,,T201,Clinical Attribute
1980,C3699151,My chest felt tight because of my asthma in past 7D:Find:7D:^Patient:Ord:PROMIS,LNC,,,T201,Clinical Attribute
1981,C3699152,I felt wheezy because of my asthma in past 7D:Find:7D:^Patient:Ord:PROMIS,LNC,,,T201,Clinical Attribute
1982,C3699153,I had trouble sleeping at night because of my asthma in past 7D:Find:7D:^Patient:Ord:PROMIS,LNC,,,T201,Clinical Attribute
1983,C3699154,It was hard for me to play sports or exercise because of my asthma in past 7D:Find:7D:^Patient:Ord:PROMIS,LNC,,,T201,Clinical Attribute
1984,C3699155,It was hard to take a deep breath because of my asthma in past 7D:Find:7D:^Patient:Ord:PROMIS,LNC,,,T201,Clinical Attribute
1985,C3699156,My asthma bothered me in past 7D:Find:7D:^Patient:Ord:PROMIS,LNC,,,T201,Clinical Attribute
1986,C3699157,I coughed because of my asthma in past 7D:Find:7D:^Patient:Ord:PROMIS,LNC,,,T201,Clinical Attribute
1987,C3699158,I got tired easily because of my asthma in past 7D:Find:7D:^Patient:Ord:PROMIS,LNC,,,T201,Clinical Attribute
1988,C3699159,I had asthma attacks in past 7D:Find:7D:^Patient:Ord:PROMIS,LNC,,,T201,Clinical Attribute
1989,C3699160,I had trouble walking because of my asthma in past 7D:Find:7D:^Patient:Ord:PROMIS,LNC,,,T201,Clinical Attribute
1990,C3699161,I missed school because of asthma in past 7D:Find:7D:^Patient:Ord:PROMIS,LNC,,,T201,Clinical Attribute
1991,C3699163,It was hard for me to play with pets because of my asthma in past 7D:Find:7D:^Patient:Ord:PROMIS,LNC,,,T201,Clinical Attribute
1992,C3699164,My asthma bothered me when I was with my friends in past 7D:Find:7D:^Patient:Ord:PROMIS,LNC,,,T201,Clinical Attribute
1993,C3699243,I had trouble breathing because of my asthma in past 7D:Find:7D:^Patient:Ord:PROMIS,LNC,,,T201,Clinical Attribute
1994,C3699700,Comorbidities relevant to trauma care:Find:Pt:^Patient:Nom:NTDS,LNC,,,T201,Clinical Attribute
1995,C3711385,Deoxyguanosine kinase deficiency,MEDLINEPLUS,"Deoxyguanosine kinase deficiency is an inherited disorder that can disrupt the normal function of the liver, brain, and muscles. Researchers have described different forms of this disorder. Approximately 75 percent of affected individuals have the hepatocerebral form, which causes serious problems in the liver (hepato-) and brain (cerebral). Approximately 20 percent of people with deoxyguanosine kinase deficiency have the isolated hepatic form, which causes liver disease without serious neurological problems. The myopathic form is the least common form; it affects approximately 5 percent of people with deoxyguanosine kinase deficiency. The myopathic form causes problems with the skeletal muscles, which are the muscles used for movement. The signs and symptoms of deoxyguanosine kinase deficiency can vary, even among members of the same family.~Infants with the hepatocerebral form of deoxyguanosine kinase deficiency typically have low blood glucose levels (hypoglycemia) and a buildup of lactic acid in the body (lactic acidosis) soon after birth. Within the first few weeks of life, these infants typically begin to show signs of liver disease and brain dysfunction. Neurological signs and symptoms may include weak muscle tone (hypotonia), abnormal involuntary eye movements (nystagmus), developmental delays, and, rarely, seizures. Early signs of liver disease may include an enlarged liver (hepatomegaly) and yellowing of the skin and the whites of the eyes (jaundice). Liver disease usually progresses to liver failure.~Signs and symptoms of the isolated hepatic form of deoxyguanosine kinase deficiency may appear soon after birth or during childhood. Like those with the hepatocerebral form, people with the hepatic form often have liver disease that worsens over time and may progress to liver failure. Some affected individuals have additional signs and symptoms that indicate the involvement of other body systems, such as the kidneys and the heart.~Signs and symptoms of the myopathic form often appear in adulthood, although they sometimes appear earlier in life. In addition to problems with the skeletal muscles, people with the myopathic form of deoxyguanosine kinase deficiency can have heart problems, brain abnormalities, or weakness of the eye muscles. People with the myopathic form typically do not have liver disease.~Without intervention, most individuals with deoxyguanosine kinase deficiency have a shortened life expectancy. Those with liver disease typically do not survive past early childhood, while those with the myopathic form may survive into middle or late adulthood.",MEDLINEPLUS,T047,Disease or Syndrome
1996,C3714497,Reactive airway disease,SNOMEDCT_US,"Coughing, wheezing, or shortness of breath that is triggered by allergens, infection, or other irritants.",NCI,T047,Disease or Syndrome
1997,C3714624,Methyldopa anhydrous,SNOMEDCT_US,,,T116,"Amino Acid, Peptide, or Protein"
1998,C3715192,"Mandibular Hypoplasia, Deafness, Progeroid Features, And Lipodystrophy Syndrome",OMIM,"A rare, genetic, premature aging disease characterized by sensorineural deafness, generalized lack of subcutaneous fatty tissue (although with increased truncal deposition) noted from childhood, scleroderma, and facial dysmorphism which includes prominent eyes, a beaked nose, small mouth, crowded teeth and mandibular hypoplasia. Other associated features include growth delay, joint contractures, telangiectasia, hypogonadism (with lack of breast development in females), cryptorchidism, skeletal muscle atrophy, hypertriglyceridemia and diabetes mellitus/insulin resistance.",ORPHANET,T047,Disease or Syndrome
1999,C3806278,Hyperglycemia-induced osmotic diuresis,OMIM,,,T033,Finding
2000,C3807567,"Lipodystrophy, Familial Partial, Type 7",OMIM,,,T047,Disease or Syndrome
2001,C3809250,Estrogen Resistance,OMIM,,,T047,Disease or Syndrome
2002,C3809312,"Atrial Fibrillation, Familial, 14",OMIM,,,T047,Disease or Syndrome
2003,C3809339,Combined Oxidative Phosphorylation Deficiency 16,OMIM,,,T047,Disease or Syndrome
2004,C3809991,"Immunodeficiency, Common Variable, 10",OMIM,,,T047,Disease or Syndrome
2005,C3810175,Short-Rib Thoracic Dysplasia 10 With Or Without Polydactyly,OMIM,,,T047,Disease or Syndrome
2006,C3810403,Moyamoya Disease 6 With Or Without Achalasia,OMIM,,,T047,Disease or Syndrome
2007,C3818725,"corticotropin, human",MTH,"Corticotropin (39 aa, ~5 kDa) is encoded by the human POMC gene. This protein plays a role in the stimulation of cortisol secretion by the adrenal gland.",NCI,T116,"Amino Acid, Peptide, or Protein"
2008,C3824926,Asthma in old age,LCH_NW,,,T047,Disease or Syndrome
2009,C3825053,Asthma in pregnancy,SNOMEDCT_US,,,T047,Disease or Syndrome
2010,C3825107,Hypertension in old age,LCH_NW,,,T047,Disease or Syndrome
2011,C3825174,Hypertension in adolescence,LCH_NW,,,T046,Pathologic Function
2012,C3826157,Hypertension in children,LCH_NW,,,T047,Disease or Syndrome
2013,C3827254,Chronic Maternal Hypertension,NCI,Hypertension that predates pregnancy.,NCI,T033,Finding
2014,C3828492,Pre-Gestational Diabetes,NCI,Diabetes diagnosed before current pregnancy. (reVITALize),NCI,T047,Disease or Syndrome
2015,C3831106,Chronic Maternal Hypertension with Superimposed Preeclampsia,NCI,Chronic hypertension in association with preeclampsia.,NCI,T033,Finding
2016,C3837203,hypertension (systemic) susceptibility,MEDCIN,,,T047,Disease or Syndrome
2017,C3837958,Ketosis-prone diabetes mellitus,SNOMEDCT_US,,,T047,Disease or Syndrome
2018,C3837959,diabetes mellitus with microvascular complications,MEDCIN,,,T047,Disease or Syndrome
2019,C3837960,diabetes mellitus with microvascular complications - MVCD7,MEDCIN,,,T047,Disease or Syndrome
2020,C3837961,diabetes mellitus with microvascular complications - MVCD6,MEDCIN,,,T047,Disease or Syndrome
2021,C3837962,diabetes mellitus with microvascular complications - MVCD5,MEDCIN,,,T047,Disease or Syndrome
2022,C3837963,diabetes mellitus with microvascular complications - MVCD4,MEDCIN,,,T047,Disease or Syndrome
2023,C3837964,diabetes mellitus with microvascular complications - MVCD3,MEDCIN,,,T047,Disease or Syndrome
2024,C3837965,diabetes mellitus with microvascular complications - MVCD2,MEDCIN,,,T047,Disease or Syndrome
2025,C3837966,diabetes mellitus with microvascular complications - MVCD1,MEDCIN,,,T047,Disease or Syndrome
2026,C3837967,diabetes mellitus type 2 susceptibility,MEDCIN,,,T033,Finding
2027,C3837968,diabetes mellitus type 1 susceptibility,MEDCIN,,,T033,Finding
2028,C3837969,diabetes mellitus type 1 - IDDM5,MEDCIN,,,T047,Disease or Syndrome
2029,C3837970,diabetes mellitus type 1 - IDDM22,MEDCIN,,,T047,Disease or Syndrome
2030,C3837971,diabetes mellitus type 1 - IDDM20,MEDCIN,,,T047,Disease or Syndrome
2031,C3837972,diabetes mellitus type 1 - IDDM2,MEDCIN,,,T047,Disease or Syndrome
2032,C3837973,diabetes mellitus type 1 - IDDM12,MEDCIN,,,T047,Disease or Syndrome
2033,C3837974,diabetes mellitus type 1 - IDDM10,MEDCIN,,,T047,Disease or Syndrome
2034,C3838502,asthma protection,MEDCIN,,,T047,Disease or Syndrome
2035,C3838894,Asthma in mother complicating childbirth,SNOMEDCT_US,,,T047,Disease or Syndrome
2036,C3839182,Pre-existing hypertensive heart disease in mother complicating childbirth,SNOMEDCT_US,Evidence of pre-existing hypertensive heart disease complicating childbirth.,NCI,T047,Disease or Syndrome
2037,C3839274,Education about diabetes and driving,SNOMEDCT_US,,,T061,Therapeutic or Preventive Procedure
2038,C3839440,Diabetes mellitus in remission,SNOMEDCT_US,,,T047,Disease or Syndrome
2039,C3839469,Pre-existing hypertensive heart and chronic kidney disease in mother complicating pregnancy,SNOMEDCT_US,,,T047,Disease or Syndrome
2040,C3839591,Type 2 diabetes mellitus in remission,SNOMEDCT_US,,,T047,Disease or Syndrome
2041,C3839604,Postpartum gestational diabetes mellitus,SNOMEDCT_US,,,T047,Disease or Syndrome
2042,C3839722,Type 1 diabetes mellitus in remission,SNOMEDCT_US,,,T047,Disease or Syndrome
2043,C3839782,Autosomal dominant progressive nephropathy with hypertension,SNOMEDCT_US,"A rare, genetic hypertension characterized by an adult onset of increased blood pressure associated with nephropathy progressing to end-stage renal disease. Renal biopsy may show interstitial fibrosis, glomerulosclerosis and mild tubular atrophy. Increased serum creatinine and proteinuria have also been reported.",ORPHANET,T047,Disease or Syndrome
2044,C3839926,Pre-existing hypertensive chronic kidney disease in mother complicating pregnancy,SNOMEDCT_US,,,T047,Disease or Syndrome
2045,C3840107,Pre-existing hypertensive heart disease in mother complicating pregnancy,SNOMEDCT_US,,,T047,Disease or Syndrome
2046,C3840196,Pre-existing hypertensive heart and chronic kidney disease in mother complicating childbirth,SNOMEDCT_US,,,T047,Disease or Syndrome
2047,C3848541,Olodaterol hydrochloride,SNOMEDCT_US,,,T109,Organic Chemical
2048,C3848586,Codeine anhydrous,SNOMEDCT_US,,,T109,Organic Chemical
2049,C3853362,Diabetes mellitus type 2 without retinopathy,SNOMEDCT_US,,,T047,Disease or Syndrome
2050,C3853364,Intermittent asthma well controlled,SNOMEDCT_US,,,T047,Disease or Syndrome
2051,C3854243,Comorbid condition:Find:Pt:^Patient:Nom,MTH,,,T201,Clinical Attribute
2052,C3862402,Severe uncontrolled persistent asthma,SNOMEDCT_US,,,T047,Disease or Syndrome
2053,C3862405,Severe controlled persistent asthma,SNOMEDCT_US,,,T047,Disease or Syndrome
2054,C3862819,Moderate persistent asthma uncontrolled,SNOMEDCT_US,,,T033,Finding
2055,C3862820,Moderate persistent asthma controlled,SNOMEDCT_US,,,T047,Disease or Syndrome
2056,C3862822,Mild persistent asthma uncontrolled,SNOMEDCT_US,,,T033,Finding
2057,C3862823,Mild persistent asthma controlled,SNOMEDCT_US,,,T033,Finding
2058,C3872439,Ulcer of lower limb due to type 2 diabetes mellitus,SNOMEDCT_US,,,T047,Disease or Syndrome
2059,C3872441,Proliferative retinopathy following surgery due to diabetes mellitus,SNOMEDCT_US,,,T047,Disease or Syndrome
2060,C3873345,Exacerbation of moderate persistent asthma,SNOMEDCT_US,,,T047,Disease or Syndrome
2061,C3873632,Retinopathy due to unstable diabetes mellitus type 1,SNOMEDCT_US,,,T047,Disease or Syndrome
2062,C3874269,Maternal history of diabetes mellitus,SNOMEDCT_US,,,T033,Finding
2063,C3874779,Hypertension in chronic kidney disease due to type 1 diabetes mellitus,SNOMEDCT_US,,,T047,Disease or Syndrome
2064,C3874791,End stage renal disease on dialysis due to type 1 diabetes mellitus,SNOMEDCT_US,,,T047,Disease or Syndrome
2065,C3874812,Ischemia of retina due to type 1 diabetes mellitus,SNOMEDCT_US,,,T047,Disease or Syndrome
2066,C3874826,Hypertension concurrent and due to end stage renal disease on dialysis due to type 2 diabetes mellitus,SNOMEDCT_US,,,T047,Disease or Syndrome
2067,C3874843,Diabetes mellitus type 1 without retinopathy,SNOMEDCT_US,,,T047,Disease or Syndrome
2068,C3874846,Hypertension in chronic kidney disease due to type 2 diabetes mellitus,SNOMEDCT_US,,,T047,Disease or Syndrome
2069,C3874859,Hypertension concurrent and due to end stage renal disease on dialysis due to type 1 diabetes mellitus,SNOMEDCT_US,,,T047,Disease or Syndrome
2070,C3874878,Hypertension in chronic kidney disease stage 4 due to type 2 diabetes mellitus,SNOMEDCT_US,,,T047,Disease or Syndrome
2071,C3874882,Osteomyelitis due to type 1 diabetes mellitus,SNOMEDCT_US,,,T047,Disease or Syndrome
2072,C3874900,End stage renal disease on dialysis due to type 2 diabetes mellitus,SNOMEDCT_US,,,T047,Disease or Syndrome
2073,C3874944,Ischemic ulcer of foot due to type 2 diabetes mellitus,SNOMEDCT_US,,,T047,Disease or Syndrome
2074,C3874945,Neuropathic ulcer of toe due to type 2 diabetes mellitus,SNOMEDCT_US,,,T047,Disease or Syndrome
2075,C3874951,Ulcer of forefoot due to type 1 diabetes mellitus,SNOMEDCT_US,,,T047,Disease or Syndrome
2076,C3874956,Moderate nonproliferative retinopathy due to type 2 diabetes mellitus,SNOMEDCT_US,,,T047,Disease or Syndrome
2077,C3874958,Neuropathic ulcer of foot due to type 2 diabetes mellitus,SNOMEDCT_US,,,T047,Disease or Syndrome
2078,C3874959,Macular edema and retinopathy due to type 2 diabetes mellitus,SNOMEDCT_US,,,T047,Disease or Syndrome
2079,C3874960,Chronic ulcer of skin due to type 1 diabetes mellitus,SNOMEDCT_US,,,T047,Disease or Syndrome
2080,C3874961,Stasis ulcer due to type 2 diabetes mellitus,SNOMEDCT_US,,,T047,Disease or Syndrome
2081,C3874964,Sensory neuropathy due to type 1 diabetes mellitus,SNOMEDCT_US,,,T047,Disease or Syndrome
2082,C3874971,Chronic kidney disease stage 5 due to type 1 diabetes mellitus,SNOMEDCT_US,,,T047,Disease or Syndrome
2083,C3874974,Severe malnutrition due to type 2 diabetes mellitus,SNOMEDCT_US,,,T047,Disease or Syndrome
2084,C3874977,Ulcer of foot due to type 1 diabetes mellitus,SNOMEDCT_US,,,T047,Disease or Syndrome
2085,C3874978,Chronic kidney disease stage 4 due to type 1 diabetes mellitus,SNOMEDCT_US,,,T047,Disease or Syndrome
2086,C3874981,Nephrotic syndrome due to type 1 diabetes mellitus,SNOMEDCT_US,,,T047,Disease or Syndrome
2087,C3874986,Hyperlipidemia due to type 2 diabetes mellitus,SNOMEDCT_US,,,T047,Disease or Syndrome
2088,C3874994,Ulcer of forefoot due to type 2 diabetes mellitus,SNOMEDCT_US,,,T047,Disease or Syndrome
2089,C3875008,Nephrotic syndrome due to type 2 diabetes mellitus,SNOMEDCT_US,,,T047,Disease or Syndrome
2090,C3875009,Insulin reactive hypoglycemia due to type 2 diabetes mellitus,SNOMEDCT_US,,,T047,Disease or Syndrome
2091,C3875010,Traction detachment of retina due to type 1 diabetes mellitus,SNOMEDCT_US,,,T047,Disease or Syndrome
2092,C3875028,Rubeosis iridis due to type 2 diabetes mellitus,SNOMEDCT_US,,,T047,Disease or Syndrome
2093,C3875033,Mild nonproliferative retinopathy due to type 2 diabetes mellitus,SNOMEDCT_US,,,T047,Disease or Syndrome
2094,C3875035,Traction detachment of retina due to type 2 diabetes mellitus,SNOMEDCT_US,,,T047,Disease or Syndrome
2095,C3875036,Hyperlipidemia due to type 1 diabetes mellitus,SNOMEDCT_US,,,T047,Disease or Syndrome
2096,C3875048,Proliferative retinopathy due to type 1 diabetes mellitus,SNOMEDCT_US,,,T047,Disease or Syndrome
2097,C3875050,Chronic kidney disease stage 3 due to type 1 diabetes mellitus,SNOMEDCT_US,,,T047,Disease or Syndrome
2098,C3875055,Osteomyelitis due to type 2 diabetes mellitus,SNOMEDCT_US,,,T047,Disease or Syndrome
2099,C3875057,Ulcer of lower limb due to type 1 diabetes mellitus,SNOMEDCT_US,,,T047,Disease or Syndrome
2100,C3875062,Ischemia of retina due to type 2 diabetes mellitus,SNOMEDCT_US,,,T047,Disease or Syndrome
2101,C3875072,Hypertension in chronic kidney disease stage 3 due to type 2 diabetes mellitus,SNOMEDCT_US,,,T047,Disease or Syndrome
2102,C3875073,Proteinuria due to type 2 diabetes mellitus,SNOMEDCT_US,,,T047,Disease or Syndrome
2103,C3875077,Cranial nerve palsy due to type 2 diabetes mellitus,SNOMEDCT_US,,,T047,Disease or Syndrome
2104,C3875079,Ulcer of toe due to type 2 diabetes mellitus,SNOMEDCT_US,,,T047,Disease or Syndrome
2105,C3875080,Microalbuminuria due to type 1 diabetes mellitus,SNOMEDCT_US,,,T047,Disease or Syndrome
2106,C3875082,Chronic kidney disease due to type 1 diabetes mellitus,SNOMEDCT_US,,,T047,Disease or Syndrome
2107,C3875083,Hypertension in chronic kidney disease stage 5 due to type 2 diabetes mellitus,SNOMEDCT_US,,,T047,Disease or Syndrome
2108,C3875084,Microalbuminuria due to type 2 diabetes mellitus,SNOMEDCT_US,,,T047,Disease or Syndrome
2109,C3875086,Hypertension in chronic kidney disease stage 2 due to type 2 diabetes mellitus,SNOMEDCT_US,,,T047,Disease or Syndrome
2110,C3875088,Nonproliferative diabetic retinopathy due to type 1 diabetes mellitus,SNOMEDCT_US,,,T047,Disease or Syndrome
2111,C3875089,Proteinuria due to type 1 diabetes mellitus,SNOMEDCT_US,,,T047,Disease or Syndrome
2112,C3875136,Vitreous hemorrhage due to type 1 diabetes mellitus,SNOMEDCT_US,,,T047,Disease or Syndrome
2113,C3875174,Blindness due to type 2 diabetes mellitus,SNOMEDCT_US,,,T047,Disease or Syndrome
2114,C3875181,Blindness due to type 1 diabetes mellitus,SNOMEDCT_US,,,T047,Disease or Syndrome
2115,C3875213,Retinal edema due to type 2 diabetes mellitus,SNOMEDCT_US,,,T047,Disease or Syndrome
2116,C3875214,Proliferative retinopathy with retinal edema due to type 2 diabetes mellitus,SNOMEDCT_US,,,T047,Disease or Syndrome
2117,C3875216,Retinal edema due to type 1 diabetes mellitus,SNOMEDCT_US,,,T047,Disease or Syndrome
2118,C3875248,Peripheral sensory neuropathy due to type 2 diabetes mellitus,SNOMEDCT_US,,,T047,Disease or Syndrome
2119,C3875263,Hypoglycemic unawareness due to type 1 diabetes mellitus,SNOMEDCT_US,,,T046,Pathologic Function
2120,C3875296,Dyslipidemia with high density lipoprotein below reference range and triglyceride above reference range due to type 2 diabetes mellitus,SNOMEDCT_US,,,T047,Disease or Syndrome
2121,C3875322,Hypoglycemia due to type 1 diabetes mellitus,SNOMEDCT_US,,,T047,Disease or Syndrome
2122,C3875335,Chronic kidney disease stage 2 due to type 1 diabetes mellitus,SNOMEDCT_US,,,T047,Disease or Syndrome
2123,C3875338,Rubeosis iridis due to type 1 diabetes mellitus,SNOMEDCT_US,,,T047,Disease or Syndrome
2124,C3875354,Dermopathy due to type 1 diabetes mellitus,SNOMEDCT_US,,,T047,Disease or Syndrome
2125,C3875421,No family history of asthma,SNOMEDCT_US,,,T033,Finding
2126,C3875450,Severe malnutrition due to type 1 diabetes mellitus,SNOMEDCT_US,,,T047,Disease or Syndrome
2127,C3875459,Glaucoma due to type 2 diabetes mellitus,SNOMEDCT_US,,,T047,Disease or Syndrome
2128,C3875485,Hypoglycemia due to type 2 diabetes mellitus,SNOMEDCT_US,,,T047,Disease or Syndrome
2129,C3875496,Ankle ulcer due to type 2 diabetes mellitus,SNOMEDCT_US,,,T047,Disease or Syndrome
2130,C3875519,Chronic kidney disease stage 1 due to type 1 diabetes mellitus,SNOMEDCT_US,,,T047,Disease or Syndrome
2131,C3875546,Hypoglycemia unawareness due to type 2 diabetes mellitus,SNOMEDCT_US,,,T047,Disease or Syndrome
2132,C3887501,"Lipodystrophy, Partial, Acquired, Susceptibility To",OMIM,,,T033,Finding
2133,C3887654,"Polyarteritis Nodosa, Childhood-Onset",MTH,,,T047,Disease or Syndrome
2134,C3887964,Polycystic Kidney Disease 3 With Or Without Polycystic Liver Disease,OMIM,,,T047,Disease or Syndrome
2135,C3888018,Congenital hyperinsulinism,SNOMEDCT_US,"Congenital hyperinsulinism is a condition that causes individuals to have abnormally high levels of insulin. Insulin is a hormone that helps control levels of blood glucose, also called blood sugar. People with this condition have frequent episodes of low blood glucose (hypoglycemia). In infants and young children, these episodes are characterized by a lack of energy (lethargy), irritability, or difficulty feeding. Repeated episodes of low blood glucose increase the risk for serious complications such as breathing difficulties, seizures, intellectual disability, vision loss, brain damage, and coma.~The severity of congenital hyperinsulinism varies widely among affected individuals, even among members of the same family. About 60 percent of infants with this condition experience a hypoglycemic episode within the first month of life. Other affected children develop hypoglycemia by early childhood. Unlike typical episodes of hypoglycemia, which occur most often after periods without food (fasting) or after exercising, episodes of hypoglycemia in people with congenital hyperinsulinism can also occur after eating.",MEDLINEPLUS,T047,Disease or Syndrome
2136,C3888631,Monogenic Diabetes,NCI,"Diabetes mellitus caused by mutation(s) in a single gene, usually presenting in childhood or early adulthood.",NCI,T047,Disease or Syndrome
2137,C3888846,Hyperosmolar Hyperglycemic State,MSH,,,T047,Disease or Syndrome
2138,C3896643,New Onset Diabetes After Transplant,NCI,"Development of diabetes after transplant, usually associated with calcineurin inhibitor use.",NCI,T047,Disease or Syndrome
2139,C3897949,Perinatal Terminology,NCI,"Terminology developed by a collaborative effort of the National Cancer Institute's Enterprise Vocabulary Services, the National Institute of Child Health and Human Development, and an international group of clinicians and informaticists to support the reporting of events in the perinatal population.",NCI,T170,Intellectual Product
2140,C3897973,Pediatric Endocrinology Terminology,NCI,"Terminology developed by a collaborative effort of the National Cancer Institute's Enterprise Vocabulary Services, the National Institute of Child Health and Human Development, and an international group of clinicians and informaticists to support the reporting of events in the pediatric population that are related to endocrine disorders.",NCI,T170,Intellectual Product
2141,C3897974,Pediatric Adverse Events Terminology,NCI,"Terminology developed by a collaborative effort of the National Cancer Institute's Enterprise Vocabulary Services, the National Institute of Child Health and Human Development, and an international group of clinicians and informaticists to support the reporting of adverse events in the pediatric population.",NCI,T170,Intellectual Product
2142,C3898132,Non-Cancer Diagnosis,NCI,A term that refers to a broad group of diagnoses that may include any disease except for cancer or cancer related disorders.,NCI,T033,Finding
2143,C3899741,CTRP Terminology,NCI,"Terminology that is used to support NCI's Clinical Trials Reporting Program (CTRP), a database that captures the required reporting data for all NCI-sponsored clinical trials.",NCI,T170,Intellectual Product
2144,C3899743,CTRP Disease Terminology,NCI,A set of terminology that includes the diseases and neoplastic processes used in NCI-sponsored clinical trials.,NCI,T170,Intellectual Product
2145,C4014371,Immunodeficiency 23,OMIM,"PGM3-congenital disorder of glycosylation (PGM3-CDG) is an inherited condition that primarily affects the immune system but can also involve other areas of the body. The pattern and severity of this disorder's signs and symptoms typically vary.~Most people with PGM3-CDG have impaired immune function (immune deficiency). Many have a shortage of white blood cells (leukopenia), which normally protect the body from infection. Because affected individuals lack the necessary immune cells to fight off certain bacteria, viruses, and fungi, they are prone to repeated and persistent infections that often occur in the lungs, ears, skin, or gastrointestinal tract. In severe cases of PGM3-CDG, impaired bone marrow function may lead to a decrease in the production of all blood cells, resulting in a condition called bone marrow failure. Affected individuals usually also have allergies, asthma, or an inflammatory skin condition called eczema. People with PGM3-CDG may develop autoimmunity, which occurs when the body attacks its own tissues and organs by mistake. Persistent illness may cause affected children to grow more slowly than other individuals.~Additionally, people with PGM3-CDG often have abnormally high levels of immune system proteins called antibodies (also known as immunoglobulins), particularly immunoglobulin E (IgE). Antibodies help protect the body against infection by attaching to specific foreign particles and germs, marking them for destruction. The effect of abnormal levels of antibodies in PGM3-CDG is unclear.~People with PGM3-CDG often have intellectual disability, delayed development, and weak muscle tone (hypotonia). Many affected individuals have skeletal abnormalities involving the ribs or bones in the hands, feet, or spine. Some people with this condition have distinct facial features, such as a flat or sunken appearance of the middle of the face (midface hypoplasia), small chin (micrognathia), full lips, downturned corners of the mouth, and wide nostrils that open to the front rather than downward. PGM3-CDG can also cause problems in the lungs, gastrointestinal tract, and kidneys.~Lifespan varies widely in people with PGM3-CDG; some do not survive past infancy while others live into late adulthood.",MEDLINEPLUS,T047,Disease or Syndrome
2146,C4014425,"Pigmented Nodular Adrenocortical Disease, Primary, 4",OMIM,,,T047,Disease or Syndrome
2147,C4014795,Infantile-Onset Multisystem Autoimmune Disease 1,NCI,"An autosomal dominant condition caused by mutation(s) in the STAT3 gene, encoding signal transducer and activator of transcription 3. It is characterized by variable features along a spectrum of autoimmune disorders affecting multiple organs. Common manifestations may include insulin-dependent diabetes mellitus and autoimmune enteropathy, or celiac disease, and autoimmune hematologic disorders. Other features include short stature and nonspecific dermatitis.",NCI,T047,Disease or Syndrome
2148,C4014803,Acth-Independent Macronodular Adrenal Hyperplasia 2,OMIM,"Primary macronodular adrenal hyperplasia (PMAH) is a disorder characterized by multiple lumps (nodules) in the adrenal glands, which are small hormone-producing glands located on top of each kidney. These nodules, which usually are found in both adrenal glands (bilateral) and vary in size, cause adrenal gland enlargement (hyperplasia) and result in the production of higher-than-normal levels of the hormone cortisol. Cortisol is an important hormone that suppresses inflammation and protects the body from physical stress such as infection or trauma through several mechanisms including raising levels of blood glucose, also called blood sugar.~PMAH typically becomes evident in a person's forties or fifties. It is considered a form of Cushing syndrome, which is characterized by increased levels of cortisol resulting from one of many possible causes. These increased cortisol levels lead to weight gain in the face and upper body, fragile skin, bone loss, fatigue, and other health problems. However, some people with PMAH do not experience these signs and symptoms and are said to have subclinical Cushing syndrome.",MEDLINEPLUS,T047,Disease or Syndrome
2149,C4014869,LIPE-related familial partial lipodystrophy,SNOMEDCT_US,"Es una lipodistrofia de origen genético y poco frecuente que se caracteriza por distribución anormal de grasa subcutánea que resulta en la acumulación de exceso de grasa en la cara, cuello, hombros, axilas, tronco y región púbica y pérdida de grasa subcutánea en las extremidades inferiores. Otros rasgos frecuentes variables son miopatía de inicio en el adulto, resistencia a la insulina, diabetes, hipertrigliceridemia, esteatosis hepática y vitíligo.",SCTSPA,T047,Disease or Syndrome
2150,C4014934,Immunodeficiency 36,MTH,"An autosomal dominant condition caused by mutation(s) in the PIK3R1 gene, encoding phosphatidylinositol 3-kinase regulatory subunit alpha. It is characterized by a heterogenous phenotype, including recurrent respiratory infections, lymphoproliferation, and antibody deficiency. There is an increased likelihood of development of B-cell lymphoma.",NCI,T047,Disease or Syndrome
2151,C4014962,Fanconi Renotubular Syndrome 4 With Maturity-Onset Diabetes Of The Young,OMIM,,,T047,Disease or Syndrome
2152,C4014987,"Nail and tooth abnormalities, marginal palmoplantar keratoderma, oral hyperpigmentation syndrome",SNOMEDCT_US,"Nail and teeth abnormalities-marginal palmoplantar keratoderma-oral hyperpigmentation syndrome is a rare genetic ectodermal dysplasia syndrome characterised by short stature, nail dystrophy and/or nail loss, oral mucosa and/or tongue hyperpigmentation, dentition abnormalities (delayed teeth eruption, hypodontia, enamel hypoplasia), keratoderma on the margins of the palms and soles and focal hyperkeratosis on the dorsum of the hands and feet. Additionally, dysphagia with oesophageal strictures, sensorineural deafness, bronchial asthma and severe iron-deficiency anaemia have been observed.",SNOMEDCT_US,T047,Disease or Syndrome
2153,C4015016,"Ciliary Dyskinesia, Primary, 30",OMIM,,,T047,Disease or Syndrome
2154,C4015130,Neonatal Nephrocutaneous Inflammatory Syndrome,OMIM,,,T047,Disease or Syndrome
2155,C4015253,"Mitochondrial Complex Iii Deficiency, Nuclear Type 9",OMIM,,,T047,Disease or Syndrome
2156,C4015436,"Type 1 diabetes mellitus, central and peripheral neurodegeneration syndrome",SNOMEDCT_US,"Es una enfermedad genética poco frecuente caracterizada por diabetes mellitus insulinodependiente de inicio juvenil asociada a anomalías del sistema nervioso central y periférico con un inicio variable entre la lactancia y la adolescencia. Las manifestaciones neurológicas incluyen ataxia cerebelosa y aferente combinada, hipoacusia neurosensorial, signos piramidales y neuropatía periférica sensitivo-motora desmielinizante. Se ha descrito hipotiroidismo en algunos pacientes. Las imágenes cerebrales pueden mostrar atrofia cerebral generalizada.",SCTSPA,T047,Disease or Syndrome
2157,C4015710,Tenorio Syndrome,OMIM,,,T047,Disease or Syndrome
2158,C4015728,"Neurologic, Endocrine, And Pancreatic Disease, Multisystem, Infantile-Onset 1",OMIM,,,T047,Disease or Syndrome
2159,C4018994,PROMIS pediatric short form - asthma 8a - version 1.0 raw score:Score:Pt:^Patient:Qn:PROMIS.PEDS,MTH,,,T201,Clinical Attribute
2160,C4019169,Medical history relevant to physical therapy treatment:Type:Pt:^Patient:Nom,MTH,,,T201,Clinical Attribute
2161,C4020778,maternal hyperglycemia,HPO,,,T047,Disease or Syndrome
2162,C4021644,Recurrent hypoglycemia in infancy,SNOMEDCT_US,Recurrent episodes of decreased concentration of glucose in the blood occurring during the infantile period. [https://orcid.org/0000-0002-0736-9199],HPO,T047,Disease or Syndrome
2163,C4023597,Abnormal blood glucose concentration,HPO,An abnormality of the concentration of glucose in the blood. [https://orcid.org/0000-0002-0736-9199],HPO,T033,Finding
2164,C4023598,Abnormal glucose homeostasis,HPO,Abnormality of glucose homeostasis. [https://orcid.org/0000-0002-0736-9199],HPO,T033,Finding
2165,C4025693,Hypertension associated with pheochromocytoma,HPO,A type of hypertension associated with pheochromocytoma. [https://orcid.org/0000-0002-0736-9199],HPO,T047,Disease or Syndrome
2166,C4025823,Abnormality of the endocrine system,HPO,An abnormality of the endocrine system. [https://orcid.org/0000-0002-0736-9199],HPO,T190,Anatomical Abnormality
2167,C4026559,Codeine phosphate anhydrous,SNOMEDCT_US,,,T109,Organic Chemical
2168,C4036613,PROMIS pediatric asthma - version 1.0 T-score:Tscore:Pt:^Patient:Qn:PROMIS.PEDS,MTH,,,T201,Clinical Attribute
2169,C4038730,Asthma-chronic obstructive pulmonary disease overlap syndrome,SNOMEDCT_US,Syndrome with clinical features of both ASTHMA and COPD.,MSH,T047,Disease or Syndrome
2170,C4038794,Intermittent asthma uncontrolled,SNOMEDCT_US,,,T047,Disease or Syndrome
2171,C4039071,Skin ulcer of toe due to diabetes mellitus type 2,SNOMEDCT_US,,,T047,Disease or Syndrome
2172,C4040739,MEGDEL syndrome,SNOMEDCT_US,"MEGDEL syndrome is an inherited disorder that affects multiple body systems. It is named for several of its features: 3-methylglutaconic aciduria (MEG), deafness (D), encephalopathy (E), and Leigh-like disease (L).~MEGDEL syndrome is characterized by abnormally high levels of an acid, called 3-methylglutaconic acid, in the urine (3-methylglutaconic aciduria). MEGDEL syndrome is one of a group of metabolic disorders that can be diagnosed by presence of this feature. People with MEGDEL syndrome also have high urine levels of another acid called 3-methylglutaric acid.~In infancy, individuals with MEGDEL syndrome develop hearing loss caused by changes in the inner ear (sensorineural deafness); the hearing problems gradually worsen over time.~Another feature of MEGDEL syndrome is brain dysfunction (encephalopathy). In infancy, encephalopathy leads to difficulty feeding, an inability to grow and gain weight at the expected rate (failure to thrive), and weak muscle tone (hypotonia). Infants with MEGDEL syndrome later develop involuntary muscle tensing (dystonia) and muscle stiffness (spasticity), which worsen over time. Because of these brain and muscle problems, affected babies have delayed development of mental and movement abilities (psychomotor delay), or they may lose skills they already developed. Individuals with MEGDEL syndrome have intellectual disability and never learn to speak.~People with MEGDEL syndrome have changes in the brain that resemble those in another condition called Leigh syndrome. These changes, which can be seen with medical imaging, are referred to as Leigh-like disease.~Other features that occur commonly in MEGDEL syndrome include low blood glucose (hypoglycemia) in affected newborns; liver problems (hepatopathy) in infancy, which can be serious but improve by early childhood; and episodes of abnormally high amounts of lactic acid in the blood (lactic acidosis).~The life expectancy of individuals with MEGDEL syndrome is unknown. Because of the severe health problems caused by the disorder, some affected individuals do not survive past infancy.",MEDLINEPLUS,T047,Disease or Syndrome
2173,C4040935,Skin ulcer of toe due to diabetes mellitus type 1,SNOMEDCT_US,,,T047,Disease or Syndrome
2174,C4042477,"GNB3 protein, human",MTH,"Guanine nucleotide-binding protein G(I)/G(S)/G(T) subunit beta-3 (340 aa, ~37 kDa) is encoded by the human GNB3 gene. This protein plays a role in the mediation of G protein-coupled receptor signaling.",NCI,T116,"Amino Acid, Peptide, or Protein"
2175,C4047994,Benign hypertensive heart disease and chronic renal disease,SNOMEDCT_US,,,T047,Disease or Syndrome
2176,C4048001,Benign hypertensive heart disease and chronic renal disease stage 1,SNOMEDCT_US,,,T047,Disease or Syndrome
2177,C4048002,Benign hypertensive heart disease and chronic renal disease stage 2,SNOMEDCT_US,,,T047,Disease or Syndrome
2178,C4048003,Benign hypertensive heart disease and chronic renal disease stage 3,SNOMEDCT_US,,,T047,Disease or Syndrome
2179,C4048004,Benign hypertensive heart disease and chronic renal disease stage 4,SNOMEDCT_US,,,T047,Disease or Syndrome
2180,C4048005,Benign hypertensive heart disease and chronic renal disease stage 5,SNOMEDCT_US,,,T047,Disease or Syndrome
2181,C4048015,Malignant hypertensive heart disease and chronic renal disease stage 3,SNOMEDCT_US,,,T047,Disease or Syndrome
2182,C4049650,Familial Glucocorticoid Deficiency Type 1,NCI,"Familial glucocorticoid deficiency caused by mutation(s) in the MC2R gene encoding the adrenocorticotropin (ACTH) receptor, also known as the melanocortin-2 receptor.",NCI,T047,Disease or Syndrome
2183,C4049714,Familial Glucocorticoid Deficiency Type 2,NCI,Familial glucocorticoid deficiency caused by mutation(s) in the MRAP gene encoding the melanocortin-2 receptor accessory protein.,NCI,T047,Disease or Syndrome
2184,C4050487,Systemic findings and diseases associated with ophthalmological condition:Prid:Pt:^Patient:Nom,MTH,,,T201,Clinical Attribute
2185,C4053458,dietary approaches to stop hypertension,MEDCIN,"DASH stands for Dietary Approaches to Stop Hypertension. It is an eating plan that is based on research studies sponsored by the National Heart, Lung, and Blood Institute (NHLBI). These studies showed that DASH lowers high blood pressure and improves levels of cholesterol. This reduces your risk of getting heart disease. The DASH eating plan: Emphasizes vegetables, fruits, and whole-grains Includes fat-free or low-fat dairy products, fish, poultry, beans, nuts, and vegetable oils Limits foods that are high in saturated fat. These foods include fatty meats, full-fat dairy products, and tropical oils such as coconut, palm kernel, and palm oils. Limits sugar-sweetened beverages and sweets  Along with DASH, other lifestyle changes can help lower your blood pressure. They include staying at a healthy weight, exercising, and not smoking. NIH: National Heart, Lung, and Blood Institute",MEDLINEPLUS,T061,Therapeutic or Preventive Procedure
2186,C4060521,Dysfunctional gastrointestinal motility,NANDA-I,"Increased, decreased, ineffective, or lack of peristaltic activity within the gastrointestinal system.",NANDA-I,T033,Finding
2187,C4060529,Risk for delayed surgical recovery,NANDA-I,"Susceptible to an extension of the number of postoperative days required to initiate and perform activities that maintain life, health, and well-being, which may compromise health.",NANDA-I,T033,Finding
2188,C4060561,Risk for ineffective peripheral tissue perfusion,NANDA-I,"Susceptible to a decrease in blood circulation to the periphery, which may compromise health.",NANDA-I,T033,Finding
2189,C4060562,Risk for ineffective cerebral tissue perfusion,NANDA-I,"Susceptible to a decrease in cerebral tissue circulation, which may compromise health.",NANDA-I,T033,Finding
2190,C4060563,Risk for decreased cardiac tissue perfusion,NANDA-I,"Susceptible to a decrease in cardiac (coronary) circulation, which may compromise health.",NANDA-I,T033,Finding
2191,C4060570,Risk for dysfunctional gastrointestinal motility,NANDA-I,"Susceptible to increased, decreased, ineffective, or lack of peristaltic activity within the gastrointestinal system, which may compromise health.",NANDA-I,T033,Finding
2192,C4060571,Risk for chronic functional constipation,NANDA-I,"Susceptible to infrequent or difficult evacuation of feces, which has been present nearly 3 of the prior 12 months, which may compromise health.",NANDA-I,T033,Finding
2193,C4060572,Chronic functional constipation,NANDA-I,"Infrequent or difficult evacuation of feces, which has been present for at least 3 of the prior 12 months.",NANDA-I,T046,Pathologic Function
2194,C4074798,Gestational diabetes mellitus complicating pregnancy,SNOMEDCT_US,,,T046,Pathologic Function
2195,C4075820,Polyneuropathy due to type 1 diabetes mellitus,SNOMEDCT_US,,,T047,Disease or Syndrome
2196,C4075823,Gastroparesis due to type 1 diabetes mellitus,SNOMEDCT_US,,,T047,Disease or Syndrome
2197,C4075825,Polyneuropathy due to type 2 diabetes mellitus,SNOMEDCT_US,,,T047,Disease or Syndrome
2198,C4075839,Gastroparesis due to type 2 diabetes mellitus,SNOMEDCT_US,,,T047,Disease or Syndrome
2199,C4076027,Dyslipidemia due to type 1 diabetes mellitus,SNOMEDCT_US,,,T047,Disease or Syndrome
2200,C4076044,Moderate nonproliferative retinopathy due to type 1 diabetes mellitus,SNOMEDCT_US,,,T047,Disease or Syndrome
2201,C4076052,Mild nonproliferative retinopathy due to type 1 diabetes mellitus,SNOMEDCT_US,,,T047,Disease or Syndrome
2202,C4076064,Peripheral neuropathy due to type 1 diabetes mellitus,SNOMEDCT_US,,,T047,Disease or Syndrome
2203,C4076158,Neovascular glaucoma due to diabetes mellitus,SNOMEDCT_US,,,T047,Disease or Syndrome
2204,C4076319,Diabetic hand syndrome due to type 2 diabetes mellitus,SNOMEDCT_US,,,T047,Disease or Syndrome
2205,C4076547,Neuropathy due to type 2 diabetes mellitus,SNOMEDCT_US,,,T047,Disease or Syndrome
2206,C4076686,Supine hypertension,SNOMEDCT_US,A systolic blood pressure >=150 mm Hg or diastolic blood pressure >=90 mm Hg while lying down.,SNOMEDCT_US,T047,Disease or Syndrome
2207,C4076703,Hyperglycemia due to type 1 diabetes mellitus,SNOMEDCT_US,,,T047,Disease or Syndrome
2208,C4076711,Hyperglycemia due to type 2 diabetes mellitus,SNOMEDCT_US,,,T047,Disease or Syndrome
2209,C4081807,Severe nonproliferative retinopathy due to diabetes mellitus type 2,SNOMEDCT_US,,,T047,Disease or Syndrome
2210,C4081808,Neuropathic ankle ulcer due to diabetes mellitus type 2,SNOMEDCT_US,,,T047,Disease or Syndrome
2211,C4081809,Ischemic ankle ulcer due to diabetes mellitus type 2,SNOMEDCT_US,,,T047,Disease or Syndrome
2212,C4081812,Severe nonproliferative retinopathy due to diabetes mellitus type 1,SNOMEDCT_US,,,T047,Disease or Syndrome
2213,C4081814,Cranial nerve palsy due to type 1 diabetes mellitus,SNOMEDCT_US,,,T047,Disease or Syndrome
2214,C4081815,Glaucoma due to diabetes mellitus type 1,SNOMEDCT_US,,,T047,Disease or Syndrome
2215,C4087542,Hypoglycaemia (SMQ),MDR,"Hypoglykämie zeichnet sich durch einen Plasma-Glukosespiegel aus, der so gesenkt ist (normalerweise niedriger als 50 mg/dL), dass er Symptome (z. B. Veränderung des Geisteszustands) auslöst. Hypoglykämie entsteht i.A. aufgrund von Anomalien der Glukosehomöostase-Mechanismen. Zur Diagnose einer Hypoglykämie wird i.A. die so genannte Whipple-Trias beobachtet, d. h. niedriger Blutzucker, Vorhandensein von Symptomen und Aufhebung der Symptome, sobald der Blutzucker sich normalisiert hat. Die tatsächliche Prävalenz bei Patienten mit Symptomen, die Hypoglykämie vermuten lassen, liegt bei 5-10%. Hypoglykämie-Symptome hängen mit einer sympathetischen Aktivierung und Gehirndysfunktion aufgrund herabgesetzter Glukosespiegel zusammen. Das führt zu Schwitzen, Herzklopfen, Zittrigkeit, Angstgefühlen und Hunger. Gesenkte Verfügbarkeit der zerebralen Glukose (Neuroglykopenie) kann zu Konfusion, Konzentrationsproblemen, Reizbarkeit, Halluzinationen, fokal-neurologischer Beeinträchtigung, Koma und letztlich Tod führen. Zu den verschiedenen Formen und Gründen gehören: Medikamente: Ethanol, Haloperidol, Pentamidin, Chinin, Salicylate, Sulfonamide (""Sulfa-Medikamente"") und orale blutzuckersenkende Wirkstoffe, sowie viele andere Arzneimittel werden mit Hypoglykämien in Beziehung gesetzt. Heimliche Sulfonylharnstoffverwendung/-missbrauch: Selbstinduzierte Hypoglykämie, u. U. bei Personen im Gesundheitswesen oder Verwandten beobachtet, die diabetische Angehörige pflegen. Exogenes Insulin: z. B. insulinproduzierende Bauchspeicheldrüsentumore (Inselzellentumoren) und Non-Beta-Zell-Tumoren. Reaktive Hypoglykämie: Idiopathisch, durch Ernährungsprobleme (z. B. Patienten mit vorheriger OP im oberen GI-Trakt) oder kongenitale Enzymmangelerkrankungen (z. B. hereditäre Fruktoseintoleranz). Hyperglykämie bei Fasten: Nesidioblastose ist ein Begriff für hyperinsulinämische Hypoglykämie im Kontext mit Überfunktion von Bauchspeicheldrüsen-Beta-Zellen mit einem anomalen mikroskopischen Erscheinungsbild.",MDRGER,T185,Classification
2216,C4225155,"Anemia, Sideroblastic, 3, Pyridoxine-Refractory",OMIM,,,T047,Disease or Syndrome
2217,C4225174,"Myeloproliferative/Lymphoproliferative Neoplasms, Familial (Multiple Types), Susceptibility To",OMIM,,,T033,Finding
2218,C4225194,"Iga Nephropathy, Susceptibility To, 3",OMIM,,,T033,Finding
2219,C4225212,Seckel Syndrome 9,OMIM,,,T047,Disease or Syndrome
2220,C4225237,"Rhizomelic Chondrodysplasia Punctata, Type 5",OMIM,,,T047,Disease or Syndrome
2221,C4225259,"Macrocephaly, intellectual disability, neurodevelopmental disorder, small thorax syndrome",SNOMEDCT_US,"Smith-Kingsmore syndrome is a neurological disorder characterized by a head that is larger than normal (macrocephaly), intellectual disability, and seizures. In some people with this condition, the ability to speak is delayed or never develops. Some children with Smith-Kingsmore syndrome have neurodevelopmental conditions known as attention-deficit/hyperactivity disorder (ADHD) and autism spectrum disorder, which is characterized by impaired communication and social interaction. Structural brain abnormalities may also be present in affected individuals. For example, one or both sides of the brain may be enlarged (hemimegalencephaly or megalencephaly) or have too many ridges on the surface (polymicrogyria), or the fluid-filled spaces near the center of the brain (ventricles) may be bigger than normal (ventriculomegaly).~Many people with Smith-Kingsmore syndrome have unusual facial features, such as a triangular face with a pointed chin, a protruding forehead (frontal bossing), widely spaced eyes (hypertelorism) with outside corners that point downward (downslanting palpebral fissures), a flat nasal bridge, or a long space between the nose and upper lip (long philtrum). However, not everyone with Smith-Kingsmore syndrome has distinctive facial features.",MEDLINEPLUS,T047,Disease or Syndrome
2222,C4225277,"Immunodeficiency, Common Variable, 12, With Autoimmunity",OMIM,,,T047,Disease or Syndrome
2223,C4225288,"Short Stature, Microcephaly, And Endocrine Dysfunction",OMIM,,,T047,Disease or Syndrome
2224,C4225299,"Maturity-Onset Diabetes Of The Young, Type 14",OMIM,,,T047,Disease or Syndrome
2225,C4225365,"Maturity-Onset Diabetes Of The Young, Type 13",OMIM,,,T047,Disease or Syndrome
2226,C4272884,gestational diabetes mellitus in pregnancy controlled by oral hypoglycemics,MEDCIN,,,T033,Finding
2227,C4272977,"diabetes with diabetic macular edema, resolved following treatment",MEDCIN,,,T047,Disease or Syndrome
2228,C4274082,Adult onset non-insulinoma persistent hyperinsulinemic hypoglycemia,SNOMEDCT_US,"A rare familial hyperinsulinism characterised by postprandial hyperinsulinaemic hypoglycaemia, negative 72-hour fasts, negative preoperative localisation studies for insulinoma, and positive selective arterial calcium infusion tests. Histopathological analysis reveals diffuse islet hyperplasia with increased number and size of islet cells.",SNOMEDCT_US,T047,Disease or Syndrome
2229,C4274674,Gingival disease co-occurrent with diabetes mellitus,SNOMEDCT_US,,,T047,Disease or Syndrome
2230,C4274951,Provision of written information about diabetes mellitus,SNOMEDCT_US,,,T058,Health Care Activity
2231,C4275265,Telehealth asthma monitoring,SNOMEDCT_US,,,T058,Health Care Activity
2232,C4280900,Diabetic foot examination normal,SNOMEDCT_US,,,T033,Finding
2233,C4280908,Malignant hypertensive heart disease and chronic renal disease stage 4,SNOMEDCT_US,,,T047,Disease or Syndrome
2234,C4284088,MIRAGE syndrome,SNOMEDCT_US,"An autosomal dominant condition caused by mutation(s) in the SAMD9 gene, encoding sterile alpha motif domain-containing protein 9A. It is a syndromic condition comprising myelodysplasia, infection, restriction of growth, adrenal hypoplasia, genital abnormalities, and enteropathy.",NCI,T047,Disease or Syndrome
2235,C4285618,How would you rate your asthma control during the past 4W:Find:4W:^Patient:Ord:ACT,LNC,,,T201,Clinical Attribute
2236,C4288417,Pediatric Infectious Disease Terminology,NCI,"Terminology developed by a collaborative effort of the National Cancer Institute's Enterprise Vocabulary Services, the National Institute of Child Health and Human Development, and an international group of clinicians and informaticists to support the reporting of events in the pediatric population with issues pertaining to infectious diseases.",NCI,T170,Intellectual Product
2237,C4294767,type 2 diabetes mellitus with coma,MEDCIN,,,T047,Disease or Syndrome
2238,C4294768,type 1 diabetes mellitus with coma,MEDCIN,,,T047,Disease or Syndrome
2239,C4296063,asthma well controlled,MEDCIN,,,T047,Disease or Syndrome
2240,C4297133,Evaluation and management of hypertension note:Find:Pt:{Setting}:Doc:Pharmacology,LNC,,,T201,Clinical Attribute
2241,C4297823,Evaluation and management of hypertension note:Find:Pt:{Setting}:Doc:Research,LNC,,,T201,Clinical Attribute
2242,C4298499,Asthma Control Test:-:4W:^Patient:-:ACT,LNC,,,T201,Clinical Attribute
2243,C4298501,"How often did your asthma symptoms (wheezing, coughing, shortness of breath, chest tightness or pain) wake you up at night or earlier than usual in the morning during the past 4W:Find:4W:^Patient:Ord:ACT",LNC,,,T201,Clinical Attribute
2244,C4298502,"How much of the time did your asthma keep you from getting as much done at work, school or at home in the past 4W:Find:4W:^Patient:Ord:ACT",LNC,,,T201,Clinical Attribute
2245,C4302025,Background retinopathy due to impaired glucose regulation,SNOMEDCT_US,,,T047,Disease or Syndrome
2246,C4302104,Renal papillary necrosis due to diabetes mellitus,SNOMEDCT_US,Necrosis de papilas renales en un paciente con diabetes mellitus tipo 1 o tipo 2.,SCTSPA,T047,Disease or Syndrome
2247,C4302120,Atypical diabetes mellitus,SNOMEDCT_US,,,T047,Disease or Syndrome
2248,C4302519,Ulcer of right foot due to type 2 diabetes mellitus,SNOMEDCT_US,,,T047,Disease or Syndrome
2249,C4302527,Ulcer of left foot due to type 2 diabetes mellitus,SNOMEDCT_US,,,T047,Disease or Syndrome
2250,C4302786,Diabetic retinal eye exam,SNOMEDCT_US,,,T060,Diagnostic Procedure
2251,C4303433,Acidosis due to type 2 diabetes mellitus,SNOMEDCT_US,,,T047,Disease or Syndrome
2252,C4303434,Acidosis due to type 1 diabetes mellitus,SNOMEDCT_US,,,T047,Disease or Syndrome
2253,C4303558,Maternal history of gestational diabetes,SNOMEDCT_US,,,T033,Finding
2254,C4303696,Cardiomyopathy due to hypertension,SNOMEDCT_US,,,T047,Disease or Syndrome
2255,C4304438,Maternal history of diabetes mellitus type 2,SNOMEDCT_US,,,T033,Finding
2256,C4304440,Maternal history of diabetes mellitus type 1,SNOMEDCT_US,,,T033,Finding
2257,C4304957,Peripheral angiopathy due to type 1 diabetes mellitus,SNOMEDCT_US,,,T047,Disease or Syndrome
2258,C4305143,Skin ulcer due to type 2 diabetes mellitus,SNOMEDCT_US,,,T047,Disease or Syndrome
2259,C4310647,Seckel Syndrome 10,OMIM,,,T047,Disease or Syndrome
2260,C4310690,Mitochondrial Dna Depletion Syndrome 15 (Hepatocerebral Type),OMIM,,,T047,Disease or Syndrome
2261,C4310707,Bardet-Biedl Syndrome 20,OMIM,,,T047,Disease or Syndrome
2262,C4310747,"Cholestasis, Progressive Familial Intrahepatic, 5",OMIM,,,T047,Disease or Syndrome
2263,C4310756,Familial hyperaldosteronism type 4,SNOMEDCT_US,"Un hiperaldosteronismo familiar raro caracterizado por niveles elevados de aldosterona y baja actividad plasmática de renina, hipertensión de comienzo temprano e hipopotasemia. En algunos pacientes se observan retraso del desarrollo, trastornos del aprendizaje, anomalías de conducta y trastorno de déficit de atención.",SCTSPA,T047,Disease or Syndrome
2264,C4310761,"Hydrops, lactic acidosis, sideroblastic anemia, multisystemic failure syndrome",SNOMEDCT_US,"Es una enfermedad mitocondrial poco frecuente que se caracteriza por complicaciones prenatales (como oligohidramnios, restricción del crecimiento fetal, hidropesía y anemia) seguidas de acidosis láctica grave, enfermedad de la membrana hialina, hipertensión pulmonar, alteraciones cardíacas, disfunción hepática, alteraciones genitourinarias y enfermedad renal progresiva, convulsiones, trombocitopenia y anemia sideroblástica, lo que lleva a un fallo orgánico multisistémico y el fallecimiento poco después del nacimiento. Se han descrito pacientes con formas menos graves que sobreviven el período neonatal y presentan hipoacusia y retraso del desarrollo.",SCTSPA,T047,Disease or Syndrome
2265,C4310796,Marfanoid-Progeroid-Lipodystrophy Syndrome,OMIM,,,T047,Disease or Syndrome
2266,C4316927,"Endothelin-1, human",MTH,"Endothelin-1 (212 aa, ~24 kDa) is encoded by the human EDN1 gene. This protein is involved in vasoconstriction.",NCI,T116,"Amino Acid, Peptide, or Protein"
2267,C4317199,Cephalosporium roseum extract,RXNORM,,,T121,Pharmacologic Substance
2268,C4325530,Hypertrophic cardiomegaly due to hypertension,SNOMEDCT_VET,,,T047,Disease or Syndrome
2269,C4330695,Mitochondrial Diabetes,NCI,Diabetes mellitus caused by mutation(s) in mitochondrial DNA.,NCI,T047,Disease or Syndrome
2270,C4481048,questionnaires asthma,MEDCIN,,,T170,Intellectual Product
2271,C4481052,questionnaires asthma therapy assessment pediatric control issues,MEDCIN,,,T170,Intellectual Product
2272,C4481053,questionnaires asthma therapy assessment pediatric other issues,MEDCIN,,,T170,Intellectual Product
2273,C4482548,Comorbidities and coexisting conditions:Find:Pt:^Patient:Nom,MTH,,,T201,Clinical Attribute
2274,C4510155,Oral steroid-dependent asthma,SNOMEDCT_US,,,T047,Disease or Syndrome
2275,C4510722,Lumbosacral radiculoplexus neuropathy due to diabetes mellitus,SNOMEDCT_US,,,T047,Disease or Syndrome
2276,C4511231,Lesion of skin due to diabetes mellitus,SNOMEDCT_US,,,T033,Finding
2277,C4522065,Most important health event to avoid:Find:Pt:^Patient:Nom,MTH,,,T201,Clinical Attribute
2278,C4529958,How to Prevent High Blood Pressure,MEDLINEPLUS,"Around half of American adults have high blood pressure (hypertension). Many of those people don't know they have it because there are usually no warning signs. This can be dangerous, because high blood pressure can lead to life-threatening conditions like heart attack or stroke. The good news is that you can often prevent or treat high blood pressure. Early diagnosis and heart-healthy lifestyle changes can keep high blood pressure from seriously damaging your health. What is blood pressure? Each time your heart beats, it pumps blood into your arteries (the blood vessels that carry blood from your heart to the tissues and organs in your body). Blood pressure is the force of your blood pushing against the walls of your arteries. Blood pressure is measured as two numbers:  Systolic pressure (the first and higher number) measures pressure inside your arteries when your heart beats Diastolic pressure (the second and lower number) measures the pressure inside your arteries when your heart rests between beats  As an example, a blood pressure reading of 120/80 means a systolic of 120 and a diastolic of 80. How is high blood pressure diagnosed? High blood pressure usually has no symptoms. So the only way to find out if you have it is to get regular blood pressure checks from your health care provider. Your provider will use a gauge, a stethoscope or electronic sensor, and a blood pressure cuff. They will take two or more readings at separate appointments before making a diagnosis:    Blood Pressure Category Systolic Blood Pressure  Diastolic Blood Pressure     Normal Less than 120 and Less than 80   Elevated 120 - 129 and Less than 80   High Blood Pressure Stage 1 130 - 139 or 80 - 89   High Blood Pressure Stage 2 140 or higher or 90 or higher   Hypertensive Crisis (dangerously high blood pressure - seek medical care right away) Higher than 180 and Higher than 120     For children and teens, the provider compares the blood pressure reading to what is normal for other kids who are the same age, height, and sex. Who is more likely to develop high blood pressure? Anyone can develop high blood pressure, but there are certain factors that can increase your risk: Age. Blood pressure tends to rise with age. Race/Ethnicity. High blood pressure is more common in Black adults. They also tend to have higher average blood pressure numbers and get high blood pressure earlier in life. Sex. Men are more likely than women to develop high blood pressure throughout middle age. But in older adults, women are more likely than men to develop high blood pressure. Lifestyle. Certain lifestyle habits can raise your risk for high blood pressure, such as eating too much sodium (salt) or not enough potassium, lack of exercise, drinking too much alcohol, and smoking. Family history and genetics. High blood pressure often runs in families. Many genes are linked to small increases in high blood pressure risk. Social and economic factors:  Research shows that factors such as income, education level, where you live, and the type of job you have may raise your risk of high blood pressure. For example, working early or late shifts can raise your risk. Experiencing discrimination and poverty has been linked to high blood pressure. Also, some research has shown that trauma in childhood may raise the risk of high blood pressure.   Certain medicines. Some medicines can raise your blood pressure, including:  Certain antidepressants Decongestants (medicines to relieve a stuffy nose) Hormonal birth control pills Non-steroidal anti-inflammatory drugs (NSAIDs), which are a type of pain reliever   Having certain other medical conditions, such as:  Some tumors Chronic kidney disease Diabetes Metabolic syndrome Overweight and obesity Sleep apnea Thyroid problems    How can I prevent high blood pressure? You can help prevent high blood pressure by having a healthy lifestyle. This means: Eating a healthy diet. To help manage your blood pressure, you should limit the amount of sodium (salt) that you eat and increase the amount of potassium in your diet. It is also important to eat foods that are lower in fat, as well as plenty of fruits, vegetables, and whole grains. The DASH eating plan is an example of an eating plan that can help you to lower your blood pressure. Getting regular physical activity. Regular physical activity can help you maintain a healthy weight and lower your blood pressure. Being at a healthy weight. Being overweight or having obesity increases your risk for high blood pressure. Maintaining a healthy weight can help you control high blood pressure and reduce your risk for other health problems. Limiting alcohol. Drinking too much alcohol can raise your blood pressure. It also adds extra calories, which may cause weight gain. Not smoking. Cigarette smoking raises your blood pressure and puts you at higher risk for heart attack and stroke. If you do not smoke, don't start. If you do smoke, talk to yourprovider for help in finding the best way for you to quit. Managing stress. Learning how to relax and manage stress can improve your emotional and physical health and lower high blood pressure. Stress management techniques include exercising, listening to music, focusing on something calm or peaceful, and meditating. Getting enough high-quality sleep.  If you already have high blood pressure, it is important to prevent it from getting worse or causing complications. You need to get regular medical care and follow your treatment plan. Your plan will include healthy lifestyle habit recommendations and possibly medicines. NIH: National Heart, Lung, and Blood Institute",MEDLINEPLUS,T061,Therapeutic or Preventive Procedure
2279,C4531656,Active diagnoses:Find:RptPeriod:^Patient:Nom:CMS Assessment,LNC,,,T201,Clinical Attribute
2280,C4539957,Immunodeficiency 11B with Atopic Dermatitis,NCI,"An autosomal dominant condition caused by mutation(s) in the CARD11 gene, encoding caspase recruitment domain-containing protein 11. It is characterized by the onset of moderate to severe atopic dermatitis in early childhood, defects in T-cell activation, increased IgE, and eosinophilia.",NCI,T047,Disease or Syndrome
2281,C4540192,WARS2-related combined oxidative phosphorylation defect,SNOMEDCT_US,"Se trata de una enfermedad poco frecuente, con deficiencia en la fosforilación oxidativa mitocondrial, caracterizada por un espectro de tres fenotipos clínicos principales que incluyen un fenotipo neonatal grave con acidosis láctica mortal temprana, un curso más prolongado con retraso en el desarrollo de inicio temprano, debilidad motora, signos extrapiramidales con o sin epilepsia y un fenotipo con desarrollo temprano normal y síntomas de tipo Parkinson comenzando aproximadamente al año de vida. Entre otros signos y síntomas reportados de forma variable se incluyen la miocardiopatía, anomalías ópticas, hepatoesplenomegalia e imágenes de resonancia magnética del cerebro anormales, entre otras. Las deficiencias en las enzimas de fosforilación oxidativa mitocontriales son incongruentes.",SCTSPA,T047,Disease or Syndrome
2282,C4540266,Galloway-Mowat Syndrome 3,OMIM,,,T047,Disease or Syndrome
2283,C4540367,"Short Stature, Hearing Loss, Retinitis Pigmentosa, And Distinctive Facies",OMIM,,,T047,Disease or Syndrome
2284,C4540380,"Immunodeficiency, Common Variable, 14",OMIM,,,T047,Disease or Syndrome
2285,C4540559,Reni Syndrome,OMIM,,,T047,Disease or Syndrome
2286,C4540685,Risk for surgical site infection,NANDA-I,"Susceptible to invasion of pathogenic organisms at surgical site, which may compromise health.",NANDA-I,T033,Finding
2287,C4542970,Use of asthma symptom diary,SNOMEDCT_US,,,T058,Health Care Activity
2288,C4543405,Moderate acute exacerbation of asthma,SNOMEDCT_US,,,T047,Disease or Syndrome
2289,C4543623,Absence of lower limb due to diabetes mellitus,SNOMEDCT_US,,,T047,Disease or Syndrome
2290,C4543812,Hyperosmolar hyperglycemic coma due to diabetes mellitus without ketoacidosis,SNOMEDCT_US,,,T047,Disease or Syndrome
2291,C4543813,Lactic acidosis due to diabetes mellitus,SNOMEDCT_US,,,T047,Disease or Syndrome
2292,C4543814,Metabolic acidosis due to diabetes mellitus,SNOMEDCT_US,,,T047,Disease or Syndrome
2293,C4543857,Uncomplicated non-allergic asthma,SNOMEDCT_US,,,T047,Disease or Syndrome
2294,C4544538,Hyperosmolarity due to type 1 diabetes mellitus,SNOMEDCT_US,,,T033,Finding
2295,C4545499,Disorder of eye due to type 1 diabetes mellitus,SNOMEDCT_US,,,T047,Disease or Syndrome
2296,C4546218,Diastolic hypertension and systolic hypertension,SNOMEDCT_US,,,T047,Disease or Syndrome
2297,C4546244,Acute complication due to diabetes mellitus,SNOMEDCT_US,,,T046,Pathologic Function
2298,C4550163,Tezepelumab,SNOMEDCT_US,,,T116,"Amino Acid, Peptide, or Protein"
2299,C4551496,Familial juvenile hyperuricemic nephropathy,SNOMEDCT_US,"Autosomal dominant tubulointerstitial kidney disease-UMOD (ADTKD-UMOD) is part of a group of disorders (collectively called autosomal dominant tubulointerstitial kidney disease or ADTKD) that cause a slow loss of kidney function. In people with ADTKD-UMOD, the signs and symptoms of kidney disease often begin in adolescence or early adulthood. Over time, the kidneys become less able to filter fluids and waste products from the body. People with ADTKD-UMOD eventually develop kidney failure, which requires either dialysis to remove waste from the blood or a kidney transplant. The age at which people with ADTKD-UMOD develop kidney failure can vary, though the average age is approximately 45 years.~People with ADTKD-UMOD typically develop high levels of a waste product called uric acid in their blood. Normally, the kidneys transfer uric acid from the blood into urine, which then removes it from the body. People with ADTKD-UMOD are unable to remove uric acid from the blood effectively. In about 50 percent of people with ADTKD-UMOD, uric acid builds up in the joints and causes a form of arthritis called gout, typically in late adolescence or early adulthood. Gout is characterized by a sudden onset of severe joint pain and redness, often starting in the big toe. Untreated episodes of gout typically worsen over time.~",MEDLINEPLUS,T047,Disease or Syndrome
2300,C4551527,Focal Segmental Glomerulosclerosis 1,OMIM,,,T047,Disease or Syndrome
2301,C4551637,"Erythrocytosis, Familial, 1",OMIM,Primary familial polycythemia is an inherited hematological disorder resulting from mutations in the erythropoietin (EPO) receptor and is characterized by an elevated absolute red blood cell mass caused by uncontrolled red blood cell production in the presence of low EPO levels.,ORPHANET,T047,Disease or Syndrome
2302,C4551693,Wolfram Syndrome 1,OMIM,,,T047,Disease or Syndrome
2303,C4551893,Toxemia of Pregnancy,NCI,"A pregnancy induced hypertensive state that occurs after 20 weeks of gestation characterized by an increase in blood pressure, along with body swelling and proteinuria.",NCI,T047,Disease or Syndrome
2304,C4551985,Generalized Arterial Calcification of Infancy 1,NCI,"An autosomal recessive genetic disorder caused by mutations in the ENPP1 gene, encoding ectonucleotide pyrophosphatase/phosphodiesterase family member 1. The condition is characterized by calcification and narrowing of medium- and large-sized arteries, resulting in cardiovascular complications.",NCI,T047,Disease or Syndrome
2305,C4552048,Abdominal Obesity-Metabolic Syndrome 1,OMIM,,,T047,Disease or Syndrome
2306,C4553202,"Glucose Intolerance, CTCAE",NCI,A disorder characterized by an inability to properly metabolize glucose.,NCI,T033,Finding
2307,C4553659,"Hypoglycemia, CTCAE",NCI,A condition characterized by laboratory test results that indicate a low concentration of glucose in the blood.,NCI,T033,Finding
2308,C4555905,Benzhydrocodone,SNOMEDCT_US,,,T109,Organic Chemical
2309,C4684827,CTRP Biomarker Terminology,NCI,A set of terms that is comprised of the biomarkers referenced in NCI-sponsored clinical trials.,NCI,T170,Intellectual Product
2310,C4684927,Benzhydrocodone Hydrochloride,NCI,,,T109,Organic Chemical
2311,C4693450,Syndromic sensorineural deafness due to combined oxidative phosphorylation defect,SNOMEDCT_US,"Es una enfermedad mitocondrial poco frecuente caracterizada por un fenotipo variable que comprende sordera neurosensorial congénita, hipoglucemia intermitente o persistente y disfunción hepática y renal que progresa potencialmente a fallo orgánico. Los niveles séricos de lactato están incrementados de forma variable y se observa un déficit de los complejos I, III y IV de la cadena respiratoria mitocondrial en el hígado y en los fibroblastos.",SCTSPA,T047,Disease or Syndrome
2312,C4693905,Congenital Disorder Of Glycosylation With Defective Fucosylation 1,OMIM,,,T047,Disease or Syndrome
2313,C4694938,epoetin alfa-epbx,MEDCIN,,,T116,"Amino Acid, Peptide, or Protein"
2314,C4706871,Hyperammonemic encephalopathy due to carbonic anhydrase VA deficiency,SNOMEDCT_US,"Carbonic anhydrase VA deficiency is an inherited disorder characterized by episodes during which the balance of certain substances in the body is disrupted (known as metabolic crisis) and brain function is abnormal (known as acute encephalopathy). These potentially life-threatening episodes can cause poor feeding, vomiting, weight loss, tiredness (lethargy), rapid breathing (tachypnea), seizures, or coma.~During an episode, people with carbonic anhydrase VA deficiency have excess ammonia in the blood (hyperammonemia), problems with acid-base balance in the blood (metabolic acidosis and respiratory alkalosis), low glucose in the blood (hypoglycemia), and reduced production of a substance called bicarbonate in the liver. These imbalances lead to the signs and symptoms that occur during the episodes.~People with carbonic anhydrase VA deficiency typically first experience episodes of the disorder by age 2. These episodes may be triggered by going without food (fasting) for longer than usual between meals or when energy demands are increased, such as during illness. Between episodes, children with carbonic anhydrase VA deficiency are generally healthy, and more than half have no further episodes after the first one. Some affected children have mildly delayed development or learning disabilities, while others develop normally for their age.~The risk of metabolic crisis and acute encephalopathy is thought to decrease after childhood. Because of the small number of people with carbonic anhydrase VA deficiency who have come to medical attention, the effects of this disorder in adults are not well understood.",MEDLINEPLUS,T047,Disease or Syndrome
2315,C4708556,Cataract of right eye due to diabetes mellitus,SNOMEDCT_US,,,T047,Disease or Syndrome
2316,C4708557,Cataract of left eye due to diabetes mellitus,SNOMEDCT_US,,,T047,Disease or Syndrome
2317,C4708558,Diabetic cataract of bilateral eyes,SNOMEDCT_US,,,T047,Disease or Syndrome
2318,C4708559,Iritis of right eye due to diabetes mellitus,SNOMEDCT_US,,,T047,Disease or Syndrome
2319,C4708560,Iritis of left eye due to diabetes mellitus,SNOMEDCT_US,,,T047,Disease or Syndrome
2320,C4708561,Bilateral iritis due to diabetes mellitus,SNOMEDCT_US,,,T047,Disease or Syndrome
2321,C4708707,Preproliferative retinopathy of right eye due to diabetes mellitus,SNOMEDCT_US,,,T047,Disease or Syndrome
2322,C4708708,Preproliferative retinopathy of left eye due to diabetes mellitus,SNOMEDCT_US,,,T047,Disease or Syndrome
2323,C4708710,Very severe nonproliferative retinopathy of right eye due to diabetes mellitus,SNOMEDCT_US,,,T047,Disease or Syndrome
2324,C4708711,Very severe nonproliferative retinopathy of left eye due to diabetes mellitus,SNOMEDCT_US,,,T047,Disease or Syndrome
2325,C4708769,Macular edema of right eye due to diabetes mellitus,SNOMEDCT_US,,,T047,Disease or Syndrome
2326,C4708770,Macular edema of left eye due to diabetes mellitus,SNOMEDCT_US,,,T047,Disease or Syndrome
2327,C4708771,Clinically significant macular edema of right eye due to diabetes mellitus,SNOMEDCT_US,,,T047,Disease or Syndrome
2328,C4708772,Clinically significant macular edema of left eye due to diabetes mellitus,SNOMEDCT_US,,,T047,Disease or Syndrome
2329,C4708778,Macular edema due to type 1 diabetes mellitus,SNOMEDCT_US,,,T047,Disease or Syndrome
2330,C4708779,Macular edema due to type 2 diabetes mellitus,SNOMEDCT_US,,,T047,Disease or Syndrome
2331,C4709215,Cervical radiculoplexus neuropathy due to diabetes mellitus,SNOMEDCT_US,,,T047,Disease or Syndrome
2332,C4709216,Cranial nerve palsy due to diabetes mellitus,SNOMEDCT_US,,,T047,Disease or Syndrome
2333,C4709217,Erectile dysfunction due to diabetes mellitus,SNOMEDCT_US,,,T047,Disease or Syndrome
2334,C4709218,Clinically significant macular edema due to diabetes mellitus,SNOMEDCT_US,,,T047,Disease or Syndrome
2335,C4709310,Retinal edema due to diabetes mellitus,SNOMEDCT_US,,,T047,Disease or Syndrome
2336,C4709311,Ischemia of retina due to diabetes mellitus,SNOMEDCT_US,,,T047,Disease or Syndrome
2337,C4714880,Hyperchloremia Severity,NOC,Severity of signs and symptoms of increased serum chloride,NOC,T033,Finding
2338,C4714991,Substance Withdrawal Severity,NOC,"Severity of signs and symptoms of withdrawal from addictive drugs, tobacco, or alcohol",NOC,T033,Finding
2339,C4715005,Surgical Recovery: Immediate Post-Operative,NOC,Extent to which an individual achieves physiological baseline function following major surgery requiring anesthesia,NOC,T033,Finding
2340,C4721977,Fusarium oxysporum vasinfectum allergenic extract,MTH,,,T121,Pharmacologic Substance
2341,C4722305,"Hyper-Ige Syndrome 2, Autosomal Recessive, With Recurrent Infections",OMIM,"DOCK8 immunodeficiency syndrome is a disorder of the immune system. The condition is characterized by recurrent infections that are severe and can be life-threatening. The infections can be caused by bacteria, viruses, or fungi. Skin infections cause rashes, blisters, accumulations of pus (abscesses), open sores, and scaling. People with DOCK8 immunodeficiency syndrome also tend to have frequent bouts of pneumonia and other respiratory tract infections. Other immune system-related problems in people with DOCK8 immunodeficiency syndrome include an inflammatory skin disorder called eczema, food or environmental allergies, and asthma.~DOCK8 immunodeficiency syndrome is characterized by abnormally high levels of an immune system protein called immunoglobulin E (IgE) in the blood; the levels can be more than 10 times higher than normal for no known reason. IgE normally triggers an immune response against foreign invaders in the body, particularly parasitic worms, and plays a role in allergies. It is unclear why people with DOCK8 immunodeficiency syndrome have such high levels of this protein. People with DOCK8 immunodeficiency syndrome also have highly elevated numbers of certain white blood cells called eosinophils (hypereosinophilia). Eosinophils aid in the immune response and are involved in allergic reactions.~Some people with DOCK8 immunodeficiency syndrome have neurological problems, such as paralysis that affects the face or one side of the body (hemiplegia). Blockage of blood flow in the brain or abnormal bleeding in the brain, both of which can lead to stroke, can also occur in DOCK8 immunodeficiency syndrome.~People with DOCK8 immunodeficiency syndrome have a greater-than-average risk of developing cancer, particularly cancers of the blood or skin.~DOCK8 immunodeficiency syndrome is also commonly called autosomal recessive hyper-IgE syndrome. However, researchers have identified several conditions that feature elevated levels of IgE and that follow an autosomal recessive pattern of inheritance. Each of these conditions has its own set of additional signs and symptoms and a different genetic cause. Some doctors consider these conditions forms of hyper-IgE syndrome, while others consider them independent disorders.",MEDLINEPLUS,T047,Disease or Syndrome
2342,C4723383,Segesterone acetate,SNOMEDCT_US,,,T109,Organic Chemical
2343,C4736098,diabetes mellitus due to diseases of exocrine pancreas,MEDCIN,,,T047,Disease or Syndrome
2344,C4736099,diabetes mellitus due to diseases of endocrinopathies,MEDCIN,,,T047,Disease or Syndrome
2345,C4736100,diabetes mellitus due to uncommon forms of immune-mediated diabetes,MEDCIN,,,T047,Disease or Syndrome
2346,C4736101,diabetes mellitus due to clinically defined subtypes or syndromes,MEDCIN,,,T047,Disease or Syndrome
2347,C4742979,"LEP protein, human",MTH,"Leptin (167 aa, ~16 kDa) is encoded by the human LEP gene. This protein is secreted by adipocytes and plays a role in the regulation of both appetite and body fat stores.",NCI,T116,"Amino Acid, Peptide, or Protein"
2348,C4745185,CPTAC Terminology,NCI,Terminology used in support of the data collection efforts of the Clinical Proteomic Tumor Analysis Consortium (CPTAC).,NCI,T170,Intellectual Product
2349,C4745186,CPTAC Baseline Medical Forms Terminology,NCI,Terminology used in support of the data collection efforts of the Clinical Proteomic Tumor Analysis Consortium (CPTAC) with the focus on obtaining data for baseline medical forms.,NCI,T170,Intellectual Product
2350,C4745188,CPTAC Follow-Up Forms Terminology,NCI,Terminology used in support of the data collection efforts of the Clinical Proteomic Tumor Analysis Consortium (CPTAC) with the focus on obtaining data for follow-up medical forms.,NCI,T170,Intellectual Product
2351,C4746745,"Alport Syndrome 2, Autosomal Recessive",OMIM,,,T047,Disease or Syndrome
2352,C4746986,"Alport Syndrome 1, X-Linked",OMIM,,,T047,Disease or Syndrome
2353,C4747517,"Mitochondrial Complex I Deficiency, Nuclear Type 20",OMIM,,,T047,Disease or Syndrome
2354,C4748044,Polycystic Kidney Disease 6 With Or Without Polycystic Liver Disease,OMIM,,,T047,Disease or Syndrome
2355,C4748152,"Intellectual Developmental Disorder With Speech Delay, Dysmorphic Facies, And T-Cell Abnormalities",OMIM,,,T047,Disease or Syndrome
2356,C4748251,Liddle Syndrome 2,OMIM,,,T047,Disease or Syndrome
2357,C4748269,"Mitochondrial Complex V (Atp Synthase) Deficiency, Nuclear Type 5",OMIM,,,T047,Disease or Syndrome
2358,C4748292,Liddle Syndrome 3,OMIM,,,T047,Disease or Syndrome
2359,C4748304,Immunodeficiency 58,OMIM,,,T047,Disease or Syndrome
2360,C4748455,"Spondyloepimetaphyseal Dysplasia, Krakow Type",OMIM,,,T047,Disease or Syndrome
2361,C4748785,"Mitochondrial Complex I Deficiency, Nuclear Type 16",OMIM,,,T047,Disease or Syndrome
2362,C4748791,"Mitochondrial Complex I Deficiency, Nuclear Type 19",OMIM,,,T047,Disease or Syndrome
2363,C4748840,"Mitochondrial Complex I Deficiency, Nuclear Type 33",OMIM,,,T047,Disease or Syndrome
2364,C4749223,Vitreous hemorrhage of right eye due to diabetes mellitus,SNOMEDCT_US,,,T047,Disease or Syndrome
2365,C4749230,Hypertension with disorder of right retina,SNOMEDCT_US,,,T047,Disease or Syndrome
2366,C4749232,Hypertension with disorder of left retina,SNOMEDCT_US,,,T047,Disease or Syndrome
2367,C4749265,Vitreous hemorrhage of left eye due to diabetes mellitus,SNOMEDCT_US,,,T047,Disease or Syndrome
2368,C4749338,Venous beading of right retina due to diabetes mellitus,SNOMEDCT_US,,,T047,Disease or Syndrome
2369,C4749339,Venous beading of left retina due to diabetes mellitus,SNOMEDCT_US,,,T047,Disease or Syndrome
2370,C4749921,Mitochondrial hypertrophic cardiomyopathy with lactic acidosis due to MTO1 deficiency,SNOMEDCT_US,"Trastorno mitocondrial infrecuente de la fosforilación oxidativa con deficiencia del complejo I y IV. La enfermedad se caracteriza por acidosis láctica, hipotonía, micocardiopatía hipertrófica y retraso del desarrollo global. Otras características clínicas incluyen dificultades de alimentación, falta de progreso, convulsiones, atrofia óptica y ataxia. Es causado por una mutación homocigota o heterocigota compuesta en el gen MTO1 del cromosoma 6q13.",SCTSPA,T047,Disease or Syndrome
2371,C4759705,Intracapillary glomerulosclerosis due to diabetes mellitus,MTH,,,T047,Disease or Syndrome
2372,C4759706,Diabetic Glomerulosclerosis,MTH,,,T047,Disease or Syndrome
2373,C4759707,Glomerulopathy due to diabetes mellitus,SNOMEDCT_US,,,T047,Disease or Syndrome
2374,C4760216,PROMIS pediatric asthma impact - version 2.0 T-score:Tscore:Pt:^Patient:Qn:PROMIS.PEDS,MTH,,,T201,Clinical Attribute
2375,C4760288,PROMIS pediatric item bank - asthma impact - version 2.0:-:Pt:^Patient:-:PROMIS.PEDS,MTH,,,T201,Clinical Attribute
2376,C4760341,PROMIS parent proxy asthma impact - version 2.0 T-score:Tscore:Pt:^Patient:Qn:PROMIS.PARENTPROXY,MTH,,,T201,Clinical Attribute
2377,C4760418,PROMIS parent proxy item bank - asthma impact - version 2.0:-:Pt:^Patient:-:PROMIS.PARENTPROXY,MTH,,,T201,Clinical Attribute
2378,C4763635,Glucagon receptor-related hyperglucagonemia,MTH,An extremely rare autosomal recessive inherited disorder caused by mutations in the GCGR gene. It is characterized by the presence of islet glucagon cell hyperplasia and glucagon cell tumors.,NCI,T047,Disease or Syndrome
2379,C4763688,CPTAC Cholangiocarcinoma Baseline Form,NCI,Terminology used in support of the data collection efforts of the Clinical Proteomic Tumor Analysis Consortium (CPTAC) with the focus on Cholangiocarcioma Baseline Form data.,NCI,T170,Intellectual Product
2380,C4763808,GDC Terminology,NCI,Terminology that supports the Genomic Data Commons (GDC).,NCI,T170,Intellectual Product
2381,C4763996,CPTAC Causes of Death Codelist,NCI,Terminology used in support of the data collection efforts of the Clinical Proteomic Tumor Analysis Consortium (CPTAC) with the focus on causes of death.,NCI,T170,Intellectual Product
2382,C4763997,CPTAC Medical Conditions Codelist,NCI,Terminology used in support of the data collection efforts of the Clinical Proteomic Tumor Analysis Consortium (CPTAC) with the focus on medical conditions.,NCI,T170,Intellectual Product
2383,C4764267,CPTAC Codelists Terminology,NCI,Terminology used to support the various lists of data useful for tracking trends by CPTAC.,NCI,T170,Intellectual Product
2384,C5139816,Aprocitentan,NCI,,,T109,Organic Chemical
2385,C5139868,Dasiglucagon,USPMG,,,T116,"Amino Acid, Peptide, or Protein"
2386,C5139934,Tirzepatide,SNOMEDCT_US,An analog of GASTRIC INHIBITORY POLYPEPTIDE and agonist of GLUCOSE-DEPENDENT INSULINOTROPIC POLYPEPTIDE RECEPTOR and GLUCAGON-LIKE PEPTIDE-1 RECEPTOR used to enhance glycemic control of TYPE 2 DIABETES MELLITUS.,MSH,T116,"Amino Acid, Peptide, or Protein"
2387,C5143530,It was hard for my child to play sports or exercise because of asthma in past 7D:Find:7D:^Patient:Ord:PROMIS.PARENTPROXY,LNC,,,T201,Clinical Attribute
2388,C5143531,It was hard for my child to play with pets because of asthma in past 7D:Find:7D:^Patient:Ord:PROMIS.PARENTPROXY,LNC,,,T201,Clinical Attribute
2389,C5143532,It was hard for my child to take a deep breath because of asthma in past 7D:Find:7D:^Patient:Ord:PROMIS.PARENTPROXY,LNC,,,T201,Clinical Attribute
2390,C5143533,My child coughed because of his or her asthma in past 7D:Find:7D:^Patient:Ord:PROMIS.PARENTPROXY,LNC,,,T201,Clinical Attribute
2391,C5143534,My child felt scared that he or she might have trouble breathing because of asthma in past 7D:Find:7D:^Patient:Ord:PROMIS.PARENTPROXY,LNC,,,T201,Clinical Attribute
2392,C5143535,My child felt wheezy because of his or her asthma in past 7D:Find:7D:^Patient:Ord:PROMIS.PARENTPROXY,LNC,,,T201,Clinical Attribute
2393,C5143536,My child got tired easily because of his or her asthma in past 7D:Find:7D:^Patient:Ord:PROMIS.PARENTPROXY,LNC,,,T201,Clinical Attribute
2394,C5143537,My child had asthma attacks in past 7D:Find:7D:^Patient:Ord:PROMIS.PARENTPROXY,LNC,,,T201,Clinical Attribute
2395,C5143538,My child had trouble breathing because of his or her asthma in past 7D:Find:7D:^Patient:Ord:PROMIS.PARENTPROXY,LNC,,,T201,Clinical Attribute
2396,C5143539,My child had trouble sleeping at night because of asthma in past 7D:Find:7D:^Patient:Ord:PROMIS.PARENTPROXY,LNC,,,T201,Clinical Attribute
2397,C5143540,My child had trouble walking because of asthma in past 7D:Find:7D:^Patient:Ord:PROMIS.PARENTPROXY,LNC,,,T201,Clinical Attribute
2398,C5143541,My child missed school because of asthma in past 7D:Find:7D:^Patient:Ord:PROMIS.PARENTPROXY,LNC,,,T201,Clinical Attribute
2399,C5143542,My child was bothered by asthma when he or she was with friends in past 7D:Find:7D:^Patient:Ord:PROMIS.PARENTPROXY,LNC,,,T201,Clinical Attribute
2400,C5143544,My child's asthma bothered him or her in past 7D:Find:7D:^Patient:Ord:PROMIS.PARENTPROXY,LNC,,,T201,Clinical Attribute
2401,C5143546,My child's chest felt tight because of asthma in past 7D:Find:7D:^Patient:Ord:PROMIS.PARENTPROXY,LNC,,,T201,Clinical Attribute
2402,C5187683,Bremelanotide Acetate,NCI,,,T109,Organic Chemical
2403,C5188912,diabetes status of patient,MEDCIN,,,T033,Finding
2404,C5189334,insulin-dependent diabetes status of patient,MEDCIN,,,T033,Finding
2405,C5191005,Perilipin 1 related familial partial lipodystrophy,SNOMEDCT_US,"Una lipodistrofia rara, de causa genética, caracterizada por pérdida del tejido adiposo subcutáneo que afecta principalmente a los miembros inferiores y la región glútea debido a un defecto en el gen PLIN1. Son típicas las características asociadas de resistencia a la insulina, esteatosis hepática, dislipidemia, hipertensión, acantosis nigricans axilar e hipertrofia muscular de los miembros inferiores. Se produce por una mutación heterocigota en el gen PLIN1 en el cromosoma 15q26",SCTSPA,T047,Disease or Syndrome
2406,C5192094,Multiple drug intolerant hypertension,SNOMEDCT_US,,,T047,Disease or Syndrome
2407,C5193031,Combined Oxidative Phosphorylation Deficiency 37,OMIM,,,T047,Disease or Syndrome
2408,C5193039,"Intellectual Developmental Disorder With Abnormal Behavior, Microcephaly, And Short Stature",OMIM,,,T047,Disease or Syndrome
2409,C5193075,Combined oxidative phosphorylation defect type 39,SNOMEDCT_US,"Un trastorno de la fosforilación oxidativa mitocondrial poco frecuente que se caracteriza por un retraso severo del desarrollo de comienzo temprano (en ocasiones con regresión de los hitos del desarrollo) y discapacidad intelectual, habla limitada o ausente e hipotonía. También puede presentar trastornos motores, convulsiones o microcefalia, entre otros. Las neuroimágenes pueden evidenciar rasgos del síndrome de Leigh con señalización alterada en los ganglios basales o en el mesencéfalo, atrofia cerebelosa o adelgazamiento del cuerpo calloso.",SCTSPA,T047,Disease or Syndrome
2410,C5193112,Pheochromocytoma/Paraganglioma Syndrome 6,OMIM,,,T047,Disease or Syndrome
2411,C5193131,Holoprosencephaly 12 With Or Without Pancreatic Agenesis,OMIM,,,T047,Disease or Syndrome
2412,C5195719,Amlodipine benzoate,SNOMEDCT_US,,,T109,Organic Chemical
2413,C5201088,Eletriptan hydrobromide monohydrate,SNOMEDCT_US,,,T109,Organic Chemical
2414,C5203239,Sensory polyneuropathy due to diabetes mellitus,SNOMEDCT_US,,,T047,Disease or Syndrome
2415,C5204414,CPTAC Pancreatic Baseline Form,NCI,,,T170,Intellectual Product
2416,C5223858,Disorder of nerve due to type 1 diabetes mellitus,SNOMEDCT_US,,,T047,Disease or Syndrome
2417,C5229432,Coronary artery disease due to type 2 diabetes mellitus,SNOMEDCT_US,,,T047,Disease or Syndrome
2418,C5230580,Ulcer of heel due to diabetes mellitus,SNOMEDCT_US,,,T047,Disease or Syndrome
2419,C5230581,Ulcer of heel due to type 2 diabetes mellitus,SNOMEDCT_US,,,T047,Disease or Syndrome
2420,C5230582,Ulcer of midfoot due to diabetes mellitus,SNOMEDCT_US,,,T047,Disease or Syndrome
2421,C5230583,Neuropathic ulcer of heel due to type 2 diabetes mellitus,SNOMEDCT_US,,,T047,Disease or Syndrome
2422,C5230584,Neuropathic ulcer of midfoot due to type 2 diabetes mellitus,SNOMEDCT_US,,,T047,Disease or Syndrome
2423,C5230585,Ulcer of heel due to type 1 diabetes mellitus,SNOMEDCT_US,,,T047,Disease or Syndrome
2424,C5230586,Ulcer of midfoot due to type 1 diabetes mellitus,SNOMEDCT_US,,,T047,Disease or Syndrome
2425,C5230812,Armanni-Ebstein kidney due to diabetes mellitus,SNOMEDCT_US,,,T047,Disease or Syndrome
2426,C5230907,Nonproliferative retinopathy of left eye due to diabetes mellitus,SNOMEDCT_US,,,T047,Disease or Syndrome
2427,C5230908,Nonproliferative retinopathy of right eye due to diabetes mellitus,SNOMEDCT_US,,,T047,Disease or Syndrome
2428,C5230939,Stable treated proliferative retinopathy of right eye due to diabetes mellitus,SNOMEDCT_US,,,T047,Disease or Syndrome
2429,C5230940,Stable treated proliferative retinopathy of left eye due to diabetes mellitus,SNOMEDCT_US,,,T047,Disease or Syndrome
2430,C5231105,Hyperglycemia due to diabetes mellitus,SNOMEDCT_US,,,T047,Disease or Syndrome
2431,C5231425,"Pontocerebellar Hypoplasia, Type 13",OMIM,"A form of pontocerebellar hypoplasia characterized by infantile onset of severe global developmental delay with absent speech, hypotonia, feeding problems, dysmorphic craniofacial features, and development of pontocerebellar hypoplasia on brain imaging later in childhood. Other structural abnormalities of the brain, which may already be apparent at an earlier stage, include small hippocampus, thin corpus callosum, periventricular white matter abnormalities, and Dandy-Walker malformation. Seizures, nystagmus, and cortical visual impairment have been reported in some cases.",ORPHANET,T047,Disease or Syndrome
2432,C5231430,Abdominal Obesity-Metabolic Syndrome 4,OMIM,,,T047,Disease or Syndrome
2433,C5231492,Catifa Syndrome,OMIM,,,T047,Disease or Syndrome
2434,C5234322,Levamlodipine Maleate,NCI,,,T109,Organic Chemical
2435,C5237033,CELLOSAURUS Disease Terminology,NCI,"The CELLOSAURUS Disease Terminology is a set of terms used to annotate cell lines originating from a diseased patient or animal. For inherited diseases, the relevant terms are only applied to cell lines originating from individuals suffering or at risk for a disease and not for individuals that are carriers for such disease. For cancers, the relevant terms are only applied to cell lines established from a cancerous tissue. The Cellosaurus is developed by Dr. Amos Bairoch of the CALIPHO group at the Swiss Institute of Bioinformatics.",NCI,T170,Intellectual Product
2436,C5239397,NICHD Terminology,NCI,"Core library of terms associated with pediatrics, representing information related to child health and development from pre-birth through 21 years of age; contributed by the National Institute of Child Health and Human Development.",NCI,T170,Intellectual Product
2437,C5389762,digital therapeutics for hypertension,MEDCIN,,,T061,Therapeutic or Preventive Procedure
2438,C5389765,digital therapeutics for type 1 diabetes,MEDCIN,,,T061,Therapeutic or Preventive Procedure
2439,C5389766,digital therapeutics for type 2 diabetes,MEDCIN,,,T061,Therapeutic or Preventive Procedure
2440,C5389780,digital therapeutics for pre-diabetes,MEDCIN,,,T061,Therapeutic or Preventive Procedure
2441,C5389808,digital therapeutics for asthma,MEDCIN,,,T061,Therapeutic or Preventive Procedure
2442,C5389884,insulin lispro-aabc,MEDCIN,,,T116,"Amino Acid, Peptide, or Protein"
2443,C5393125,Silver-Russell Syndrome 1,OMIM,,,T047,Disease or Syndrome
2444,C5394118,Sandestig-Stefanova Syndrome,OMIM,,,T047,Disease or Syndrome
2445,C5394232,QRSL1-related combined oxidative phosphorylation defect,SNOMEDCT_US,"Una enfermedad mitocondrial poco frecuente que se caracteriza por la aparición prenatal o durante la lactancia temprana de miocardiopatía severa, falta de progreso y retraso del desarrollo global, hipoacusia neurosensorial y acidosis láctica severa. También se ha descrito afección hepática e insuficiencia suprarrenal, así como encefalopatía y anomalías de las estructuras de la sustancia gris profunda en la RMN cerebral.",SCTSPA,T047,Disease or Syndrome
2446,C5394236,Combined Oxidative Phosphorylation Deficiency 41,OMIM,,,T047,Disease or Syndrome
2447,C5394425,"Microcephaly, Developmental Delay, And Brittle Hair Syndrome",OMIM,,,T047,Disease or Syndrome
2448,C5394677,Thunderstorm asthma,SNOMEDCT_US,,,T047,Disease or Syndrome
2449,C5395848,Disorder of macula of bilateral eyes due to diabetes mellitus,SNOMEDCT_US,,,T047,Disease or Syndrome
2450,C5395900,Glaucoma due to diabetes mellitus,SNOMEDCT_US,,,T047,Disease or Syndrome
2451,C5395951,Generalized diabetic autonomic neuropathy,SNOMEDCT_US,,,T047,Disease or Syndrome
2452,C5396068,Ulcer of right foot due to diabetes mellitus,SNOMEDCT_US,,,T047,Disease or Syndrome
2453,C5396069,Ulcer of left foot due to diabetes mellitus,SNOMEDCT_US,,,T047,Disease or Syndrome
2454,C5396070,Chronic ulcer of right foot due to diabetes mellitus,SNOMEDCT_US,,,T047,Disease or Syndrome
2455,C5396071,Chronic ulcer of left foot due to diabetes mellitus,SNOMEDCT_US,,,T047,Disease or Syndrome
2456,C5396474,Consultation for asthma,SNOMEDCT_US,,,T058,Health Care Activity
2457,C5396807,Severe nonproliferative diabetic retinopathy with venous beading,SNOMEDCT_US,,,T047,Disease or Syndrome
2458,C5396808,Cystoid macular edema due to diabetes mellitus,SNOMEDCT_US,,,T047,Disease or Syndrome
2459,C5396911,Newly diagnosed type 1 diabetes mellitus,SNOMEDCT_US,,,T047,Disease or Syndrome
2460,C5396912,Persistent macular edema due to diabetes mellitus,SNOMEDCT_US,,,T047,Disease or Syndrome
2461,C5397373,Non centrally involved macular edema due to diabetes mellitus,SNOMEDCT_US,,,T047,Disease or Syndrome
2462,C5397375,Centrally involved macular edema due to diabetes mellitus,SNOMEDCT_US,,,T047,Disease or Syndrome
2463,C5399785,Mandibuloacral dysplasia with type A lipodystrophy,SNOMEDCT_US,"A rare, autosomal recessive inherited disorder caused by mutations in the LMNA gene. It is characterized by growth retardation, craniofacial abnormalities with mandibular hypoplasia, skeletal abnormalities with progressive osteolysis of the distal phalanges and clavicles, and mottled or patchy skin pigmentation. The affected individuals have a marked acral loss of adipose tissue with normal or increased adipose tissue in the neck and trunk.",NCI,T047,Disease or Syndrome
2464,C5399831,"C-peptide, Human",MTH,"C peptide (31 aa, ~3 kDa) is encoded by the human INS gene. This protein is involved in both signal transduction and the modulation of blood flow.",NCI,T116,"Amino Acid, Peptide, or Protein"
2465,C5400546,Immune-mediated/autoimmune disorders (SMQ),MDR,"Les affections à médiation immunitaire se caractérisent par une dysrégulation immunitaire provoquant une inflammation dirigée contre les propres tissus de l'organisme, entraînant des lésions tissulaires. Les maladies auto-immunes impliquent spécifiquement le développement d'une hyperréactivité immunitaire avec des autoanticorps et des cellules T spécifiques à l'antigène, ciblant des antigènes natifs. L'étiologie des affections à médiation immunitaire n'est pas claire mais comprend : facteurs génétiques, infection, traumatisme, médicaments affectant le système immunitaire. La physiopathologie de l'inflammation à médiation immunitaire causant la destruction des tissus peut impliquer des combinaisons de : cellules T autoréactives, autoanticorps, cytokines inflammatoires, activation du complément. Tous les troubles à médiation immunitaire n'ont pas nécessairement un mécanisme auto-immun spécifique. Certains agents d'immunothérapie du cancer ont été associés à des événements indésirables à médiation immunitaire de nature inflammatoire ou auto-immune.Il peut s'agir de déclenchement d'une affection à médiation immunitaire de novo, ou de l'exacerbation d'une anomalie préexistante. Les affections à médiation immunitaire sont également un risque potentiel avec les vaccins qui utilisent de nouveaux adjuvants pour renforcer la réponse immunitaire. Les conséquences sont variées : la peau, le tube digestif et l'appareil respiratoire sont les plus souvent concernés. Les événements neurologiques et les dysfonctionnements endocriniens sont des réactions moins fréquentes. Le traitement des événements immunitaires à médiation immunitaire comprend les corticostéroïdes et/ou les agents immunomodulateurs spécifiques.",MDRFRE,T185,Classification
2466,C5401372,CTRP Disease Finding,MTH,A finding concept that has been requested by CTRP to be used in the disease field for abstraction and search of clinical trials.,NCI,T033,Finding
2467,C5418268,CPTAC Uterine Corpus Endometrial Carcinoma Follow-Up Form,NCI,,,T170,Intellectual Product
2468,C5419011,Non-Neoplastic Endocrine Pancreas Disorder,NCI,A non-neoplastic disorder that affects the endocrine pancreas (islets of Langerhans).,NCI,T047,Disease or Syndrome
2469,C5421238,CDRH Health Effects - Clinical Signs and Symptoms or Conditions Terminology,NCI,Terms/codes for describing the clinical signs and symptoms or conditions of the affected person appearing as a result of the medical device adverse event/incident used by the CDRH.,NCI,T170,Intellectual Product
2470,C5426280,Pulmonary hypertension:Class:Pt:^Patient:Nom,LNC,,,T201,Clinical Attribute
2471,C5435651,Coach Syndrome 1,OMIM,,,T047,Disease or Syndrome
2472,C5436520,Sodium-Dependent Multivitamin Transporter Deficiency,OMIM,,,T047,Disease or Syndrome
2473,C5436540,Immunodeficiency 72 With Autoinflammation And Lymphoproliferation,OMIM,,,T047,Disease or Syndrome
2474,C5436546,"Growth Hormone Insensitivity Syndrome With Immune Dysregulation 2, Autosomal Dominant",OMIM,,,T047,Disease or Syndrome
2475,C5436572,"Autoinflammation, Immune Dysregulation, And Eosinophilia",OMIM,,,T047,Disease or Syndrome
2476,C5436579,Deeah Syndrome,OMIM,,,T047,Disease or Syndrome
2477,C5436682,"Mitochondrial Complex Iv Deficiency, Nuclear Type 3",OMIM,,,T047,Disease or Syndrome
2478,C5436695,"Mitochondrial Complex Iv Deficiency, Nuclear Type 12",OMIM,,,T047,Disease or Syndrome
2479,C5436837,Coach Syndrome 2,OMIM,,,T047,Disease or Syndrome
2480,C5437241,Telehealth monitoring for diabetes mellitus,SNOMEDCT_US,,,T058,Health Care Activity
2481,C5437336,Severe nonproliferative retinopathy of left eye due to diabetes mellitus type 2,SNOMEDCT_US,,,T047,Disease or Syndrome
2482,C5437337,Severe nonproliferative retinopathy of right eye due to diabetes mellitus type 2,SNOMEDCT_US,,,T047,Disease or Syndrome
2483,C5437338,Bilateral severe nonproliferative retinopathy of eyes due to diabetes mellitus type 2,SNOMEDCT_US,,,T047,Disease or Syndrome
2484,C5437402,Severe nonproliferative retinopathy of right eye due to diabetes mellitus type 1,SNOMEDCT_US,,,T047,Disease or Syndrome
2485,C5437403,Severe nonproliferative retinopathy of left eye due to diabetes mellitus type 1,SNOMEDCT_US,,,T047,Disease or Syndrome
2486,C5437404,Bilateral severe nonproliferative retinopathy of eyes due to diabetes mellitus type 1,SNOMEDCT_US,,,T047,Disease or Syndrome
2487,C5437438,Proliferative retinopathy of left eye due to diabetes mellitus type 1,SNOMEDCT_US,,,T047,Disease or Syndrome
2488,C5437439,Proliferative retinopathy of right eye due to diabetes mellitus type 1,SNOMEDCT_US,,,T047,Disease or Syndrome
2489,C5437440,Bilateral proliferative retinopathy of eyes due to diabetes mellitus type 1,SNOMEDCT_US,,,T047,Disease or Syndrome
2490,C5437485,Nonproliferative retinopathy of left eye due to diabetes mellitus type 1,SNOMEDCT_US,,,T047,Disease or Syndrome
2491,C5437486,Bilateral nonproliferative retinopathy of eyes due to diabetes mellitus type 1,SNOMEDCT_US,,,T047,Disease or Syndrome
2492,C5437487,Nonproliferative retinopathy of right eye due to diabetes mellitus type 1,SNOMEDCT_US,,,T047,Disease or Syndrome
2493,C5437506,Proliferative retinopathy of left eye due to diabetes mellitus type 2,SNOMEDCT_US,,,T047,Disease or Syndrome
2494,C5437507,Proliferative retinopathy of right eye due to diabetes mellitus type 2,SNOMEDCT_US,,,T047,Disease or Syndrome
2495,C5437508,Bilateral proliferative retinopathy due to diabetes mellitus type 2,SNOMEDCT_US,,,T047,Disease or Syndrome
2496,C5437570,Nonproliferative retinopathy of left eye due to diabetes mellitus type 2,SNOMEDCT_US,,,T047,Disease or Syndrome
2497,C5437571,Nonproliferative retinopathy of right eye due to diabetes mellitus type 2,SNOMEDCT_US,,,T047,Disease or Syndrome
2498,C5437572,Moderate nonproliferative retinopathy of left eye due to diabetes mellitus type 1,SNOMEDCT_US,,,T047,Disease or Syndrome
2499,C5437573,Moderate nonproliferative retinopathy of right eye due to diabetes mellitus type 1,SNOMEDCT_US,,,T047,Disease or Syndrome
2500,C5437574,Bilateral nonproliferative retinopathy due to diabetes mellitus type 2,SNOMEDCT_US,,,T047,Disease or Syndrome
2501,C5437575,Bilateral moderate nonproliferative retinopathy due to diabetes mellitus type 1,SNOMEDCT_US,,,T047,Disease or Syndrome
2502,C5437576,Moderate nonproliferative retinopathy of left eye due to diabetes mellitus type 2,SNOMEDCT_US,,,T047,Disease or Syndrome
2503,C5437578,Moderate nonproliferative retinopathy of right eye due to diabetes mellitus type 2,SNOMEDCT_US,,,T047,Disease or Syndrome
2504,C5437581,Bilateral moderate nonproliferative retinopathy due to diabetes mellitus type 2,SNOMEDCT_US,,,T047,Disease or Syndrome
2505,C5437608,Bilateral mild nonproliferative retinopathy due to diabetes mellitus type 1,SNOMEDCT_US,,,T047,Disease or Syndrome
2506,C5437609,Mild nonproliferative retinopathy of right eye due to diabetes mellitus type 1,SNOMEDCT_US,,,T047,Disease or Syndrome
2507,C5437610,Mild nonproliferative retinopathy of left eye due to diabetes mellitus type 1,SNOMEDCT_US,,,T047,Disease or Syndrome
2508,C5437611,Mild nonproliferative retinopathy of left eye due to diabetes mellitus type 2,SNOMEDCT_US,,,T047,Disease or Syndrome
2509,C5437612,Mild nonproliferative retinopathy of right eye due to diabetes mellitus type 2,SNOMEDCT_US,,,T047,Disease or Syndrome
2510,C5437613,Bilateral mild nonproliferative retinopathy due to diabetes mellitus type 2,SNOMEDCT_US,,,T047,Disease or Syndrome
2511,C5437657,Inflammatory dermatosis due to type 2 diabetes mellitus,SNOMEDCT_US,,,T047,Disease or Syndrome
2512,C5437658,Inflammatory dermatosis due to type 1 diabetes mellitus,SNOMEDCT_US,,,T047,Disease or Syndrome
2513,C5438212,Coronary artery disease due to type 1 diabetes mellitus,SNOMEDCT_US,,,T047,Disease or Syndrome
2514,C5438325,Cheiroarthropathy due to diabetes mellitus type 1,SNOMEDCT_US,,,T047,Disease or Syndrome
2515,C5438646,Glaucoma suspect due to diabetes mellitus type 2,SNOMEDCT_US,,,T047,Disease or Syndrome
2516,C5447840,GDC Value Terminology,NCI,Terminology that supports the values for properties in the Genomic Data Commons (GDC) data model.,NCI,T170,Intellectual Product
2517,C5448037,Depemokimab,NCI,,,T116,"Amino Acid, Peptide, or Protein"
2518,C5449374,Equine asthma syndrome,SNOMEDCT_VET,,,T047,Disease or Syndrome
2519,C5543275,Odontochondrodysplasia 2 With Hearing Loss And Diabetes,OMIM,,,T047,Disease or Syndrome
2520,C5543334,"Leukodystrophy, Hypomyelinating, 21",OMIM,,,T047,Disease or Syndrome
2521,C5543403,CPE-related Prader-Willi-like syndrome,SNOMEDCT_US,"Síndrome poco frecuente similar al de Prader-Willi con características de discapacidad intelectual, obesidad mórbida, hipogonadismo hipogonadotrófico, hiperfagia y retraso del desarrollo. Pueden observarse trastornos endocrinos como hipotiroidismo y resistencia a la insulina. A diferencia del síndrome de Prader-Willi, no se observa hipotonía muscular profunda, dificultades de alimentación en el recién nacido, baja estatura y deficiencia de la hormona de crecimiento.",SCTSPA,T047,Disease or Syndrome
2522,C5543547,"Autoinflammatory Syndrome, Familial, With Or Without Immunodeficiency",OMIM,,,T047,Disease or Syndrome
2523,C5543592,Combined Oxidative Phosphorylation Deficiency 52,OMIM,,,T047,Disease or Syndrome
2524,C5543623,"Neurologic, Endocrine, And Pancreatic Disease, Multisystem, Infantile-Onset 2",OMIM,,,T047,Disease or Syndrome
2525,C5546098,Peripheral autonomic neuropathy due to diabetes mellitus,SNOMEDCT_US,,,T047,Disease or Syndrome
2526,C5555199,SeroNet Research Participant Metadata,NCI,Terms that have been designated to describe the research participant metadata within the SeroNet Terminology.,NCI,T170,Intellectual Product
2527,C5555408,SeroNet Variables,NCI,Terms that have been designated as being a variable within the SeroNet terminology.,NCI,T170,Intellectual Product
2528,C5561491,tezepelumab-ekko,MEDCIN,,,T116,"Amino Acid, Peptide, or Protein"
2529,C5561955,VISS Syndrome,NCI,"An autosomal recessive condition caused by mutation(s) in the IPO8 gene, encoding importin-8. It is a generalized connective tissue disorder resulting in skin laxity, vascular aneurysms, immune dysregulation, and skeletal anomalies.",NCI,T047,Disease or Syndrome
2530,C5561968,"Short Stature, Dauber-Argente Type",OMIM,,,T047,Disease or Syndrome
2531,C5561986,"Congenital Disorder Of Glycosylation, Type Iiw",OMIM,,,T047,Disease or Syndrome
2532,C5562027,Immunodeficiency 89 And Autoimmunity,OMIM,,,T047,Disease or Syndrome
2533,C5562058,"Trichothiodystrophy 9, Nonphotosensitive",OMIM,,,T047,Disease or Syndrome
2534,C5564171,insulin glargine-aglr,MEDCIN,A long acting human insulin analog.,MSH,T116,"Amino Acid, Peptide, or Protein"
2535,C5574660,Dihydrolipoamide dehydrogenase deficiency (disorder),MTH,"Dihydrolipoamide dehydrogenase deficiency is a severe condition that can affect several body systems. Signs and symptoms of this condition usually appear shortly after birth, and they can vary widely among affected individuals.~A common feature of dihydrolipoamide dehydrogenase deficiency is a potentially life-threatening buildup of lactic acid in tissues (lactic acidosis), which can cause nausea, vomiting, severe breathing problems, and an abnormal heartbeat. Neurological problems are also common in this condition; the first symptoms in affected infants are often decreased muscle tone (hypotonia) and extreme tiredness (lethargy). As the problems worsen, affected infants can have difficulty feeding, decreased alertness, and seizures.~Liver problems can also occur in dihydrolipoamide dehydrogenase deficiency, ranging from an enlarged liver (hepatomegaly) to life-threatening liver failure. In some affected people, liver disease, which can begin anytime from infancy to adulthood, is the primary symptom. The liver problems are usually associated with recurrent vomiting and abdominal pain. Rarely, people with dihydrolipoamide dehydrogenase deficiency experience weakness of the muscles used for movement (skeletal muscles), particularly during exercise; droopy eyelids; or a weakened heart muscle (cardiomyopathy). Other features of this condition include excess ammonia in the blood (hyperammonemia), a buildup of molecules called ketones in the body (ketoacidosis), or low blood glucose levels (hypoglycemia).~Typically, the signs and symptoms of dihydrolipoamide dehydrogenase deficiency occur in episodes that may be triggered by fever, injury, or other stresses on the body. Affected individuals are usually symptom-free between episodes. Many infants with this condition do not survive the first few years of life because of the severity of these episodes. Affected individuals who survive past early childhood often have delayed growth and neurological problems, including intellectual disability, muscle stiffness (spasticity), difficulty coordinating movements (ataxia), and seizures.",MEDLINEPLUS,T047,Disease or Syndrome
2536,C5574866,Feline allergic bronchitis,SNMI,,,T047,Disease or Syndrome
2537,C5574950,Netherton syndrome,SNOMEDCT_US,"Netherton syndrome is a disorder that affects the skin, hair, and immune system. Newborns with Netherton syndrome have skin that is red and scaly (ichthyosiform erythroderma), and the skin may leak fluid. Some affected infants are born with a tight, clear sheath covering their skin called a collodion membrane. This membrane is usually shed during the first few weeks of life. Because newborns with this disorder are missing the protection provided by normal skin, they are at risk of becoming dehydrated and developing infections in the skin or throughout the body (sepsis), which can be life-threatening. Affected babies may also fail to grow and gain weight at the expected rate (failure to thrive). The health of older children and adults with Netherton syndrome usually improves, although they often remain underweight and of short stature.~After infancy, the severity of the skin abnormalities varies among people with Netherton syndrome and can fluctuate over time. The skin may continue to be red and scaly, especially during the first few years of life. Some affected individuals have intermittent redness or experience outbreaks of a distinctive skin abnormality called ichthyosis linearis circumflexa, involving patches of multiple ring-like lesions. The triggers for the outbreaks are not known, but researchers suggest that stress or infections may be involved.~Itchiness is a common problem for affected individuals, and scratching can lead to frequent infections. Dead skin cells are shed at an abnormal rate and often accumulate in the ear canals, which can affect hearing if not removed regularly. The skin is abnormally absorbent of substances such as lotions and ointments, which can result in excessive blood levels of some topical medications. Because the ability of the skin to protect against heat and cold is impaired, affected individuals may have difficulty regulating their body temperature.~People with Netherton syndrome have hair that is fragile and breaks easily. Some strands of hair vary in diameter, with thicker and thinner spots. This feature is known as bamboo hair, trichorrhexis nodosa, or trichorrhexis invaginata. In addition to the hair on the scalp, the eyelashes and eyebrows may be affected. The hair abnormality in Netherton syndrome may not be noticed in infancy because babies often have sparse hair.~Most people with Netherton syndrome have immune system-related problems such as food allergies, hay fever, asthma, or an inflammatory skin disorder called eczema.",MEDLINEPLUS,T047,Disease or Syndrome
2538,C5575066,MAGEL2-related Prader-Willi-like syndrome,SNOMEDCT_US,"An autosomal dominant condition caused by mutation(s) in the MAGEL2 gene, encoding MAGE-like protein 2. It is characterized by delayed psychomotor development, impaired intellectual development, hypotonia with contractures, behavioral abnormalities, feeding difficulties, and variable dysmorphic facial features.",NCI,T047,Disease or Syndrome
2539,C5575811,Ketosis-resistant diabetes mellitus,SNOMEDCT_US,,,T047,Disease or Syndrome
2540,C5575934,HL Late Effects Table,NCI,Terminology created by EVS and PCDC to support the HL Late Effects Table.,NCI,T170,Intellectual Product
2541,C5670028,Late Effects Details,NCI,An in-depth explanation of a health problem that occurs months or years after a disease is diagnosed or after treatment has ended.,NCI,T170,Intellectual Product
2542,C5670445,HL Medical History Table,NCI,Terminology created by EVS and PCDC to support the HL Medical History Table.,NCI,T170,Intellectual Product
2543,C5670477,Late Effect Sub Details,NCI,An added in-depth or explanation of a health problem that occurs months or years after a disease is diagnosed or after treatment has ended.,NCI,T170,Intellectual Product
2544,C5676899,Immunodeficiency 93 And Hypertrophic Cardiomyopathy,OMIM,,,T047,Disease or Syndrome
2545,C5676904,Intellectual Disability And Myopathy Syndrome,OMIM,,,T047,Disease or Syndrome
2546,C5676906,Bryant-Li-Bhoj Neurodevelopmental Syndrome 2,OMIM,,,T047,Disease or Syndrome
2547,C5676918,Immunodeficiency 94 With Autoinflammation And Dysmorphic Facies,OMIM,,,T047,Disease or Syndrome
2548,C5676920,"Hyper-Ige Syndrome 4A, Autosomal Dominant, With Recurrent Infections",OMIM,,,T047,Disease or Syndrome
2549,C5676977,Autoinflammatory-Pancytopenia Syndrome,OMIM,,,T047,Disease or Syndrome
2550,C5676999,"Pontocerebellar Hypoplasia, Type 17",OMIM,,,T047,Disease or Syndrome
2551,C5677057,Chromosome Xq13 Duplication Syndrome,OMIM,,,T047,Disease or Syndrome
2552,C5679586,Rare diabetes mellitus type 1,ORPHANET,,,T047,Disease or Syndrome
2553,C5679587,Rare diabetes mellitus type 2,ORPHANET,,,T047,Disease or Syndrome
2554,C5679693,Peeling Skin Syndrome 1,OMIM,"A form of generalized peeling skin syndrome (PSS) characterized by superficial patchy peeling of the entire skin with underlying erythroderma, pruritus, and atopy.",ORPHANET,T047,Disease or Syndrome
2555,C5680310,"Choanal atresia, athelia, hypothyroidism, delayed puberty, short stature syndrome",SNOMEDCT_US,"Es un síndrome genético de múltiples anomalías congénitas/dismórfico que se caracteriza por atresia de coanas, atelia o pezones hipoplásicos, anomalías del arco branquial, malformaciones del oído externo, hipoacusia, anomalías tiroideas, desarrollo puberal retrasado o ausente y baja estatura. Retraso del desarrollo y/o discapacidad intelectual también han sido reportados de forma variable.",SCTSPA,T047,Disease or Syndrome
2556,C5680354,"Cathepsin A-related arteriopathy, strokes, leukoencephalopathy",SNOMEDCT_US,"Es una enfermedad cerebral de pequeños vasos, de origen genético y poco frecuente, caracterizada por microangiopatía primaria de inicio en el adulto con aterosclerosis grave de las arteriolas y leucoencefalopatía secundaria. Los pacientes pueden presentarse con migraña, ataques isquémicos transitorios, accidente cerebrovascular con parálisis facial central, disfunción cognitiva con afectación de la concentración, demencia, depresión, trastornos del movimiento, vértigo, disfagia, disartria, trastornos del sueño REM e hipertensión refractaria al tratamiento, entre otros. Por lo general, la RM cerebral muestra una leucoencefalopatía desproporcionadamente grave y extensa en comparación con la enfermedad clínica.",SCTSPA,T047,Disease or Syndrome
2557,C5681799,Rare diabetes mellitus,ORPHANET,,,T047,Disease or Syndrome
2558,C5686053,Neovascular glaucoma due to diabetes mellitus type 2,SNOMEDCT_US,,,T047,Disease or Syndrome
2559,C5686054,Neovascular glaucoma due to diabetes mellitus type 1,SNOMEDCT_US,,,T047,Disease or Syndrome
2560,C5686716,Hypertension due to congenital adrenal hyperplasia,SNOMEDCT_US,,,T047,Disease or Syndrome
2561,C5688175,Diabetic neurotrophic keratitis,SNOMEDCT_US,,,T047,Disease or Syndrome
2562,C5700110,Impaired glucose tolerance test,SNOMEDCT_US,,,T033,Finding
2563,C5707881,Donislecel,NCI,,,T025,Cell
2564,C5708184,COVID-19 Complication,NCI,"A disease or disorder that occurs during the course of, or because of COVID-19 infection or treatment.",NCI,T046,Pathologic Function
2565,C5708227,SeroNet Study Descriptors,NCI,Terms that are used to describe the aspects of the individual studies utilizing the SeroNet Terminology.,NCI,T170,Intellectual Product
2566,C5708312,Study Subject Condition Question,NCI,A question about whether a health condition or medical problem was detected among the study subjects.,NCI,T170,Intellectual Product
2567,C5708745,Pediatric Adverse Events Terminology Mapped to MedDRA,NCI,A subset of the Pediatrics Adverse Events Terminology that has been mapped to MedDRA terms.,NCI,T170,Intellectual Product
2568,C5710439,Sitagliptin hydrochloride,SNOMEDCT_US,,,T109,Organic Chemical
2569,C5761814,teplizumab-mzwv,MEDCIN,,,T116,"Amino Acid, Peptide, or Protein"
2570,C5767385,Blood glucose below reference range (finding),MTH,,,T033,Finding
2571,C5767639,Martorell ulcer of lower leg,SNOMEDCT_US,,,T047,Disease or Syndrome
2572,C5767911,Martorell ulcer of lower limb,SNOMEDCT_US,,,T047,Disease or Syndrome
2573,C5768270,Diabetic skin disorder,SNOMEDCT_US,,,T047,Disease or Syndrome
2574,C5769536,Brachial plexus lesion due to diabetes mellitus,SNOMEDCT_US,,,T033,Finding
2575,C5769556,Disorder of autonomic nerve due to impaired glucose tolerance,SNOMEDCT_US,,,T047,Disease or Syndrome
2576,C5774181,"Microphthalmia, Syndromic 16",OMIM,,,T047,Disease or Syndrome
2577,C5774190,Developmental And Epileptic Encephalopathy 105 With Hypopituitarism,OMIM,,,T047,Disease or Syndrome
2578,C5774195,"Liver Disease, Severe Congenital",OMIM,,,T047,Disease or Syndrome
2579,C5774200,"Keratoderma-Ichthyosis-Deafness Syndrome, Autosomal Recessive",OMIM,,,T047,Disease or Syndrome
2580,C5774222,Polycystic Kidney Disease 7,OMIM,,,T047,Disease or Syndrome
2581,C5774240,"Neurodegeneration, Childhood-Onset, With Multisystem Involvement Due To Mitochondrial Dysfunction",OMIM,,,T047,Disease or Syndrome
2582,C5774256,"Pseudohypoaldosteronism, Type Ib3, Autosomal Recessive",OMIM,,,T047,Disease or Syndrome
2583,C5774289,Obesity And Hypopigmentation,OMIM,,,T047,Disease or Syndrome
2584,C5774299,"Hyperinsulinemic Hypoglycemia, Familial, 8",OMIM,,,T047,Disease or Syndrome
2585,C5779854,asthma symptoms evaluated,MEDCIN,,,T058,Health Care Activity
2586,C5783402,SeroNet Authorized Values,NCI,Terms that have been designated as being an authorized value within the SeroNet terminology.,NCI,T170,Intellectual Product
2587,C5783446,HL Authorized Value Terminology,NCI,Terms that have been designated as being a authorized value within the PCDC Terminology and HL project.,NCI,T170,Intellectual Product
2588,C5783910,Retatrutide,NCI,,,T109,Organic Chemical
2589,C5784292,ACC-AHA Cardiovascular and Noncardiovascular Complications of COVID-19 Terminology,NCI,Terminology used in support of the American College of Cardiology (ACC)/American Heart Association's (AHA) efforts to collect key data elements pertaining to cardiovascular and noncardiovascular complications of COVID-19 (from 2022 AHA/ACC Key Data Elements and Definitions for Cardiovascular and Noncardiovascular Complications of COVID-19: A Report of the American College of Cardiology/American Heart Association Task Force on Clinical Data Standards. Bozkurt B et al. Circ Cardiovasc Qual Outcomes. 2022; 15:e000111).,NCI,T170,Intellectual Product
2590,C5784435,Appendix 4: COVID-19 Cardiovascular Complications Terminology,NCI,"Appendix number 4, COVID-19 Cardiovascular Complications, from 2022 AHA/ACC Key Data Elements and Definitions for Cardiovascular and Noncardiovascular Complications of COVID-19: A Report of the American College of Cardiology/American Heart Association Task Force on Clinical Data Standards. Bozkurt B et al. Circ Cardiovasc Qual Outcomes. 2022; 15:e000111.",NCI,T170,Intellectual Product
2591,C5784446,Acute Cardiovascular Complications Related to COVID-19 Infection Terminology,NCI,Terminology from the American College of Cardiology (ACC)/American Heart Association (AHA) describing the acute cardiovascular complications related to COVID-19 infection (from 2022 AHA/ACC Key Data Elements and Definitions for Cardiovascular and Noncardiovascular Complications of COVID-19: A Report of the American College of Cardiology/American Heart Association Task Force on Clinical Data Standards. Bozkurt B et al. Circ Cardiovasc Qual Outcomes. 2022; 15:e000111).,NCI,T170,Intellectual Product
2592,C5784486,Cardiovascular Adverse Events Related to Medications Aimed at COVID-19,NCI,A cardiovascular adverse event that is attributable to or associated with medications used to treat COVID-19.,NCI,T033,Finding
2593,C5784642,ACC-AHA COVID-19 Appendix Authorized Values,NCI,Authorized values within the COVID-19 Appendix of the ACC-AHA Terminology.,NCI,T170,Intellectual Product
2594,C5787840,Hemorrhagic cerebral infarction due to hypertension,SNOMEDCT_US,,,T047,Disease or Syndrome
2595,C5787878,Headache due to arterial hypertension,SNOMEDCT_US,,,T184,Sign or Symptom
2596,C5788787,Gestational diabetes mellitus screening,SNOMEDCT_US,,,T058,Health Care Activity
2597,C5817179,Maternal disorder during antenatal and/or intrapartum and/or postpartum period,SNOMEDCT_US,,,T047,Disease or Syndrome
2598,C5818192,Prediabetes in mother during pregnancy,SNOMEDCT_US,,,T047,Disease or Syndrome
2599,C5818372,Diabetes mellitus management program,SNOMEDCT_US,,,T061,Therapeutic or Preventive Procedure
2600,C5819180,other hypertension,MEDCIN,,,T047,Disease or Syndrome
2601,C5819691,Chronic lower respiratory diseases (J40-J4A),ICD10CM,,,T170,Intellectual Product
2602,C5827917,donislecel-jujn,MEDCIN,,,T025,Cell
2603,C5830375,"Pituitary Hormone Deficiency, Combined Or Isolated, 8",OMIM,,,T047,Disease or Syndrome
2604,C5830439,Hatipoglu Immunodeficiency Syndrome,OMIM,,,T047,Disease or Syndrome
2605,C5830516,"Nephrolithiasis, Calcium Oxalate, 2, With Or Without Nephrocalcinosis",OMIM,,,T047,Disease or Syndrome
2606,C5830525,"Autoinflammatory Disease, Systemic, With Vasculitis",OMIM,,,T047,Disease or Syndrome
2607,C5830600,"Autoimmune Disease, Multisystem, Infantile-Onset, 3",OMIM,,,T047,Disease or Syndrome
2608,C5831294,Diabetic diagnosis:Prid:Pt:^Patient:Nom,LNC,,,T201,Clinical Attribute
2609,C5833319,Insulin dependent diabetes mellitus &#x7C; Patient &#x7C; Miscellaneous tests,LNC,,,T047,Disease or Syndrome
2610,C5833558,saxagliptin hydrochloride dihydrate,RXNORM,,,T116,"Amino Acid, Peptide, or Protein"
2611,C5847614,Diabetes mellitus type 1 stage 1,SNOMEDCT_US,Un estadio presintomático de diabetes mellitus tipo 1 donde dos o más autoanticuerpos contra antígenos de células beta pancreáticas están presentes pero los niveles de glucosa aún se encuentran dentro del rango de referencia normal.,SCTSPA,T047,Disease or Syndrome
2612,C5847615,Diabetes mellitus type 1 stage 2,SNOMEDCT_US,"Un estadio presintomático de diabetes mellitus tipo 1 donde dos o más autoanticuerpos contra antígenos de células beta pancreáticas están presentes junto a disglucemia, debida a la pérdida de masa de células beta funcionantes.",SCTSPA,T047,Disease or Syndrome
2613,C5847622,Diabetes mellitus type 1 stage 3,SNOMEDCT_US,"Represents manifestations of the typical clinical symptoms and signs of Type 1 diabetes mellitus, which may include polyuria, polydipsia, weight loss, fatigue, diabetic ketoacidosis (DKA), and others.",SNOMEDCT_US,T047,Disease or Syndrome
2614,C5848096,Nocturnal hypoglycemia,SNOMEDCT_US,,,T046,Pathologic Function
2615,C5848294,Familial hyperinsulinemic hypoglycemia,SNOMEDCT_US,,,T047,Disease or Syndrome
2616,C5848786,"Hyper-Ige Syndrome 6, Autosomal Dominant, With Recurrent Infections",OMIM,,,T047,Disease or Syndrome
2617,C5879708,Consultation for diabetes mellitus,SNOMEDCT_US,,,T058,Health Care Activity
2618,C5879710,Consultation for hypertension,SNOMEDCT_US,,,T058,Health Care Activity
2619,C5880014,Uncontrolled asthma,SNOMEDCT_US,,,T047,Disease or Syndrome
2620,C5880074,Presymptomatic type 1 diabetes mellitus,SNOMEDCT_US,,,T047,Disease or Syndrome
2621,C5882663,"Alport Syndrome 3A, Autosomal Dominant",OMIM,,,T047,Disease or Syndrome
2622,C5882690,Developmental And Epileptic Encephalopathy 111,OMIM,,,T047,Disease or Syndrome
2623,C5882727,Tan-Almurshedi Syndrome,OMIM,,,T047,Disease or Syndrome
2624,C5882744,"Lipodystrophy, Familial Partial, Type 8",OMIM,,,T047,Disease or Syndrome
2625,C5882745,"Lipodystrophy, Congenital Generalized, Type 5",OMIM,,,T047,Disease or Syndrome
2626,C5882746,"Lipodystrophy, Familial Partial, Type 9",OMIM,,,T047,Disease or Syndrome
2627,C5890708,Diabetes mellitus type 1 autoimmune panel:-:Pt:Ser/Plas:-,MTH,,,T201,Clinical Attribute
2628,C5922319,No history of diabetes mellitus,SNOMEDCT_US,,,T033,Finding
2629,C5923014,Stable treated proliferative retinopathy due to diabetes mellitus,SNOMEDCT_US,,,T047,Disease or Syndrome
2630,C5923015,Bilateral stable treated proliferative retinopathy due to diabetes mellitus,SNOMEDCT_US,,,T047,Disease or Syndrome
2631,C5923883,Hypertension in chronic kidney disease stage 3B due to type 1 diabetes mellitus,SNOMEDCT_US,,,T047,Disease or Syndrome
2632,C5923888,Hypertension in chronic kidney disease stage 3A due to type 1 diabetes mellitus,SNOMEDCT_US,,,T047,Disease or Syndrome
2633,C5923889,Hypertension in chronic kidney disease stage 3 due to type 1 diabetes mellitus,SNOMEDCT_US,,,T047,Disease or Syndrome
2634,C5923905,Hypertension in chronic kidney disease stage 2 due to type 1 diabetes mellitus,SNOMEDCT_US,,,T047,Disease or Syndrome
2635,C5923909,Hypertension in chronic kidney disease stage 3B due to type 2 diabetes mellitus,SNOMEDCT_US,,,T047,Disease or Syndrome
2636,C5923910,Hypertension in chronic kidney disease stage 3A due to type 2 diabetes mellitus,SNOMEDCT_US,,,T047,Disease or Syndrome
2637,C5923911,Hypertension in chronic kidney disease stage 5 due to type 1 diabetes mellitus,SNOMEDCT_US,,,T047,Disease or Syndrome
2638,C5923912,Hypertension in chronic kidney disease stage 4 due to type 1 diabetes mellitus,SNOMEDCT_US,,,T047,Disease or Syndrome
2639,C5923913,Chronic kidney disease stage 3B due to type 2 diabetes mellitus,SNOMEDCT_US,,,T047,Disease or Syndrome
2640,C5923914,Chronic kidney disease stage 3A due to type 2 diabetes mellitus,SNOMEDCT_US,,,T047,Disease or Syndrome
2641,C5923915,Chronic kidney disease stage 3B due to type 1 diabetes mellitus,SNOMEDCT_US,,,T047,Disease or Syndrome
2642,C5923916,Chronic kidney disease stage 3A due to type 1 diabetes mellitus,SNOMEDCT_US,,,T047,Disease or Syndrome
2643,C5924631,Remediation of asthma triggers in residence,SNOMEDCT_US,,,T058,Health Care Activity
2644,C5926640,hypoglycemia level,MEDCIN,,,T033,Finding
2645,C5926641,hypoglycemia level 1,MEDCIN,,,T033,Finding
2646,C5926642,hypoglycemia level 2,MEDCIN,,,T033,Finding
2647,C5926643,hypoglycemia level 3,MEDCIN,,,T033,Finding
2648,C5930128,allergic bronchopulmonary aspergillosis associated with asthma,MEDCIN,,,T047,Disease or Syndrome
2649,C5930129,asthma associated with cystic fibrosis,MEDCIN,,,T047,Disease or Syndrome
2650,C5930155,impaired glucose tolerance due to cystic fibrosis,MEDCIN,,,T047,Disease or Syndrome
2651,C5930163,hypertension with cholesterolemia due to cystic fibrosis,MEDCIN,,,T047,Disease or Syndrome
2652,C5930164,hypertension without cholesterolemia due to cystic fibrosis,MEDCIN,,,T047,Disease or Syndrome
2653,C5930245,hypertension with cholesterolemia,MEDCIN,,,T047,Disease or Syndrome
2654,C5930415,pre-symptomatic type 1 diabetes mellitus,MEDCIN,,,T047,Disease or Syndrome
2655,C5935572,"Amyloidosis, Hereditary Systemic 5",OMIM,,,T047,Disease or Syndrome
2656,C5935586,"Cardiomyopathy, Familial Hypertrophic, 30, Atrial",OMIM,,,T047,Disease or Syndrome
2657,C5935640,Polycystic Kidney Disease 8,OMIM,,,T047,Disease or Syndrome
2658,C5942148,No history of asthma,SNOMEDCT_US,,,T033,Finding
2659,C5961151,CTCAE Adverse Events Version 4.0 Terminology,NCI,The fourth version of the NCI Common Terminology Criteria for Adverse Events is a descriptive terminology which can be utilized for Adverse Event (AE) reporting. A grading (severity) scale is provided for each AE term.,NCI,T170,Intellectual Product
2660,C5966367,cevimeline hydrochloride anhydrous,RXNORM,,,T109,Organic Chemical
2661,C5969762,Mild diabetic macular edema,SNOMEDCT_US,Algo de engrosamiento de la retina o exudados duros en el polo posterior pero alejados del centro de la mácula.,SCTSPA,T046,Pathologic Function
2662,C5969763,Moderate diabetic macular edema,SNOMEDCT_US,Engrosamiento de la retina o exudados duros que se aproximan al centro de la mácula pero que no lo afectan.,SCTSPA,T046,Pathologic Function
2663,C5969764,Severe diabetic macular edema,SNOMEDCT_US,Engrosamiento de la retina o exudados duros que afectan el centro de la mácula.,SCTSPA,T046,Pathologic Function
2664,C5975515,"Autoimmune Disease, Multisystem, Infantile-Onset, 4",OMIM,,,T047,Disease or Syndrome
2665,C5979513,Comorbidities and Co-existing Conditions:Find:RptPeriod:^Patient:Nom:CMS Assessment,LNC,,,T201,Clinical Attribute
2666,C5981743,insulin aspart-szjj,MEDCIN,,,T116,"Amino Acid, Peptide, or Protein"
2667,C5984875,Diazoxide Choline,NCI,,,T109,Organic Chemical
2668,C6003382,omalizumab-igec,MEDCIN,,,T116,"Amino Acid, Peptide, or Protein"
2669,C6006478,type 2 diabetes mellitus without complication in remission,MEDCIN,,,T047,Disease or Syndrome
2670,C6008250,Stable hypertension,SNOMEDCT_US,,,T047,Disease or Syndrome
2671,C6012695,Immunodeficiency 132B,OMIM,,,T047,Disease or Syndrome
2672,C6012704,"Ciliary Dyskinesia, Primary, 54",OMIM,,,T047,Disease or Syndrome
2673,C6012712,"Polycystic Kidney Disease 9, Susceptibility To",OMIM,,,T033,Finding
2674,C6012722,Combined Oxidative Phosphorylation Deficiency 60,OMIM,,,T047,Disease or Syndrome
2675,C6012723,"Maturity-Onset Diabetes Of The Young, Type 12",OMIM,,,T047,Disease or Syndrome
2676,C6012737,"Autoimmune Disease, Multisystem, Infantile-Onset, 5",OMIM,,,T047,Disease or Syndrome
2677,C6014571,hypertension with proteinuria,MEDCIN,,,T047,Disease or Syndrome
2678,C6017464,insulin aspart-xjhz,MEDCIN,,,T116,"Amino Acid, Peptide, or Protein"
2679,C6022305,"Mitochondrial Complex I Deficiency, Nuclear Type 1",OMIM,,,T047,Disease or Syndrome
2680,C6052657,Immune Checkpoint Inhibitor-Induced Type 1 Diabetes Mellitus,NCI,Type I diabetes mellitus secondary to immune checkpoint inhibitor therapy. It is a rare adverse effect that is characterized by the acute onset of severe hyperglycemia due to insulin deficiency.,NCI,T047,Disease or Syndrome
2681,C6052803,Genetic Syndrome-Associated Glucose Intolerance,NCI,The inability to regulate blood glucose levels caused by genetic variations or chromosome alterations.,NCI,T047,Disease or Syndrome
2682,C6056679,depemokimab-ulaa,RXNORM,,,T116,"Amino Acid, Peptide, or Protein"
2683,C6057083,"diabetes mellitus, other specified type",MEDCIN,,,T047,Disease or Syndrome
2684,C6059032,small vessel disease due to diabetes mellitus,MEDCIN,,,T047,Disease or Syndrome
2685,C6059034,ischemic ulcer of toe due to diabetes mellitus,MEDCIN,,,T047,Disease or Syndrome
2686,C6059035,ischemic ulcer of toe due to type 2 diabetes mellitus,MEDCIN,,,T047,Disease or Syndrome
2687,C6059036,neuropathic ulcer of toe due to diabetes mellitus,MEDCIN,,,T047,Disease or Syndrome
2688,C6059043,ischemic ulcer of midfoot due to type 2 diabetes mellitus,MEDCIN,,,T047,Disease or Syndrome
2689,C6064408,Post-bariatric hypoglycemia,SNOMEDCT_US,,,T047,Disease or Syndrome
2690,C6065892,Popov-Chang Syndrome,OMIM,,,T047,Disease or Syndrome
2691,C6065903,Ververi-Brady Syndrome 2,OMIM,,,T047,Disease or Syndrome
2692,C6065925,"Dyschromatosis, Ichthyosis, Deafness, And Atopic Disease",OMIM,,,T047,Disease or Syndrome
2693,C6065928,"Autoinflammation And Autoimmunity, Systemic, With Immune Dysregulation 2",OMIM,,,T047,Disease or Syndrome
2694,C6065942,"Neurodevelopmental Disorder With Hypotonia, Epilepsy, And Absent Speech",OMIM,,,T047,Disease or Syndrome
